{"type": "FeatureCollection", "name": "Zonas de suscetibilidade hídrica — SGB/CPRM Araraquara", "metadata": {"city": "Araraquara", "source": "Serviço Geológico do Brasil (SGB-CPRM)", "source_url": "https://www.sgb.gov.br/sao-paulo-cartografia-de-suscetibilidade", "service_url": "https://geoservicos.sgb.gov.br/geoserver/ows", "processes_published": ["Inundação"], "processes_without_zone": ["Enxurrada"], "count_zones": 3, "simplify_tolerance_deg": 5e-05, "interpretation": "Mancha contínua de propensão natural do terreno a inundar. Indica onde a água tende a chegar e se acumular, não a garantia de que um evento vai ocorrer nem a data em que ele ocorreria.", "index_note": "Camada de leitura territorial. Não entra no cálculo do IECE."}, "features": [{"type": "Feature", "geometry": {"type": "GeometryCollection", "geometries": [{"type": "MultiPolygon", "coordinates": [[[[-48.337604, -21.846035], [-48.33813, -21.846404], [-48.338172, -21.846623], [-48.3385, -21.846869], [-48.338776, -21.846495], [-48.339477, -21.846007], [-48.339783, -21.845445], [-48.339105, -21.845525], [-48.338474, -21.845885], [-48.338142, -21.845928], [-48.337852, -21.845631], [-48.337756, -21.845232], [-48.337556, -21.845267], [-48.337316, -21.845369], [-48.337467, -21.845543], [-48.337458, -21.845776], [-48.337604, -21.846035]]], [[[-48.30936, -21.843521], [-48.309859, -21.84273], [-48.309775, -21.842543], [-48.309324, -21.842917], [-48.308883, -21.842684], [-48.308789, -21.842744], [-48.308724, -21.843039], [-48.308942, -21.84361], [-48.308869, -21.8444], [-48.308199, -21.845953], [-48.30747, -21.846795], [-48.30735, -21.847536], [-48.308023, -21.847728], [-48.307978, -21.847141], [-48.308172, -21.846842], [-48.308739, -21.846341], [-48.309055, -21.845312], [-48.309154, -21.844155], [-48.30936, -21.843521]]], [[[-48.356867, -21.841981], [-48.356777, -21.841728], [-48.356421, -21.841707], [-48.355903, -21.841973], [-48.355183, -21.842557], [-48.35322, -21.844553], [-48.353115, -21.844758], [-48.352823, -21.846242], [-48.35305, -21.846237], [-48.353179, -21.846499], [-48.353284, -21.847468], [-48.353707, -21.845516], [-48.353937, -21.844926], [-48.354898, -21.843482], [-48.355476, -21.842904], [-48.356503, -21.842422], [-48.356718, -21.842248], [-48.356867, -21.841981]], [[-48.356545, -21.84202], [-48.356627, -21.842193], [-48.356359, -21.842394], [-48.356028, -21.842058], [-48.356321, -21.841933], [-48.356545, -21.84202]]], [[[-48.294759, -21.842636], [-48.295287, -21.842235], [-48.295339, -21.841741], [-48.295279, -21.841561], [-48.294912, -21.842102], [-48.294702, -21.842237], [-48.294337, -21.842304], [-48.294012, -21.842205], [-48.293593, -21.841944], [-48.293283, -21.841555], [-48.293208, -21.841121], [-48.293186, -21.841512], [-48.293907, -21.842487], [-48.294759, -21.842636]]], [[[-48.321856, -21.839213], [-48.324114, -21.838404], [-48.324261, -21.83821], [-48.324223, -21.838069], [-48.323916, -21.838043], [-48.320128, -21.839117], [-48.3194, -21.839202], [-48.319352, -21.839539], [-48.319696, -21.839684], [-48.319866, -21.840112], [-48.321856, -21.839213]]], [[[-48.380537, -21.834469], [-48.380988, -21.834612], [-48.381483, -21.834641], [-48.381787, -21.834536], [-48.382013, -21.834326], [-48.382573, -21.834183], [-48.382992, -21.833937], [-48.383027, -21.833812], [-48.382957, -21.83366], [-48.382664, -21.833531], [-48.381555, -21.834033], [-48.380839, -21.834146], [-48.38029, -21.834033], [-48.379774, -21.833777], [-48.37922, -21.833122], [-48.379398, -21.833946], [-48.379689, -21.834151], [-48.37982, -21.834408], [-48.380537, -21.834469]]], [[[-48.378989, -21.83443], [-48.378431, -21.83371], [-48.378275, -21.832942], [-48.378032, -21.832764], [-48.377734, -21.832086], [-48.377313, -21.831617], [-48.376861, -21.831404], [-48.376155, -21.831539], [-48.37712, -21.832469], [-48.378506, -21.834127], [-48.378955, -21.834499], [-48.379433, -21.834705], [-48.378989, -21.83443]]], [[[-48.318298, -21.835316], [-48.318743, -21.835412], [-48.319073, -21.835067], [-48.319448, -21.834882], [-48.31955, -21.834913], [-48.319523, -21.835187], [-48.320325, -21.834424], [-48.32129, -21.833919], [-48.322479, -21.833044], [-48.322545, -21.832868], [-48.322468, -21.832252], [-48.323066, -21.830962], [-48.323618, -21.830127], [-48.32486, -21.828949], [-48.324812, -21.828586], [-48.324515, -21.828441], [-48.324294, -21.828533], [-48.322674, -21.830237], [-48.322314, -21.831123], [-48.321857, -21.832836], [-48.3212, -21.833408], [-48.319882, -21.834064], [-48.319366, -21.834221], [-48.318806, -21.834942], [-48.318472, -21.835179], [-48.318265, -21.835211], [-48.318298, -21.835316]]], [[[-48.372226, -21.829357], [-48.371778, -21.829026], [-48.371407, -21.829203], [-48.371031, -21.828761], [-48.37086, -21.828678], [-48.370647, -21.828697], [-48.37096, -21.829169], [-48.371415, -21.829475], [-48.373086, -21.830136], [-48.372459, -21.829715], [-48.372226, -21.829357]]], [[[-48.368303, -21.827319], [-48.3678, -21.827465], [-48.365301, -21.827854], [-48.364705, -21.82811], [-48.364853, -21.828224], [-48.366078, -21.828146], [-48.370201, -21.82758], [-48.36999, -21.82709], [-48.368303, -21.827319]]], [[[-48.313511, -21.829906], [-48.31256, -21.828864], [-48.3117, -21.827753], [-48.310602, -21.826274], [-48.310456, -21.825821], [-48.310569, -21.825264], [-48.310798, -21.824878], [-48.311791, -21.823774], [-48.313348, -21.821515], [-48.313591, -21.821022], [-48.313719, -21.820336], [-48.313671, -21.8197], [-48.313471, -21.819675], [-48.313278, -21.819894], [-48.312804, -21.821186], [-48.312341, -21.822177], [-48.31189, -21.822902], [-48.310315, -21.824622], [-48.310066, -21.824752], [-48.309774, -21.824686], [-48.308693, -21.823827], [-48.30773, -21.822646], [-48.307327, -21.821953], [-48.306796, -21.820076], [-48.305808, -21.818124], [-48.303916, -21.813901], [-48.303536, -21.812224], [-48.303257, -21.811358], [-48.302814, -21.810718], [-48.302007, -21.809833], [-48.300762, -21.808051], [-48.300432, -21.807932], [-48.300289, -21.808116], [-48.30034, -21.808841], [-48.300624, -21.809671], [-48.302351, -21.812575], [-48.302898, -21.813355], [-48.303246, -21.814035], [-48.303734, -21.815179], [-48.304078, -21.81623], [-48.304648, -21.817503], [-48.305666, -21.819397], [-48.30587, -21.820435], [-48.306664, -21.822203], [-48.307102, -21.823404], [-48.307978, -21.824476], [-48.310352, -21.827015], [-48.311553, -21.828802], [-48.312753, -21.829921], [-48.313595, -21.83104], [-48.314022, -21.831938], [-48.315859, -21.832939], [-48.316875, -21.833817], [-48.31736, -21.83452], [-48.317566, -21.834227], [-48.317886, -21.834235], [-48.317805, -21.833859], [-48.316971, -21.832898], [-48.316781, -21.832502], [-48.316687, -21.83171], [-48.31673, -21.830988], [-48.317085, -21.829671], [-48.317092, -21.829182], [-48.316567, -21.829249], [-48.316253, -21.829439], [-48.316036, -21.829702], [-48.316014, -21.830171], [-48.316158, -21.831566], [-48.31612, -21.831943], [-48.31595, -21.83208], [-48.315775, -21.83205], [-48.315101, -21.831586], [-48.314755, -21.831094], [-48.314527, -21.83048], [-48.313511, -21.829906]]], [[[-48.328706, -21.813799], [-48.32912, -21.815427], [-48.32921, -21.816255], [-48.32935, -21.816581], [-48.330106, -21.817936], [-48.331106, -21.819372], [-48.331838, -21.820805], [-48.33219, -21.821297], [-48.332566, -21.8217], [-48.333793, -21.822308], [-48.334498, -21.82287], [-48.335309, -21.822322], [-48.33364, -21.820321], [-48.332124, -21.819198], [-48.330646, -21.817457], [-48.330491, -21.816361], [-48.329865, -21.814546], [-48.329829, -21.814233], [-48.329655, -21.813885], [-48.32925, -21.813545], [-48.32892, -21.813571], [-48.328706, -21.813799]], [[-48.33277, -21.820047], [-48.333813, -21.820757], [-48.334104, -21.82106], [-48.33284, -21.821691], [-48.33261, -21.821445], [-48.331692, -21.819506], [-48.3317, -21.819306], [-48.3319, -21.819325], [-48.33277, -21.820047]], [[-48.330471, -21.816433], [-48.329719, -21.816769], [-48.329586, -21.816361], [-48.329592, -21.815528], [-48.329712, -21.815238], [-48.330471, -21.816433]]], [[[-48.355388, -21.817196], [-48.355668, -21.817209], [-48.355886, -21.816952], [-48.357372, -21.814447], [-48.357105, -21.814483], [-48.356699, -21.814256], [-48.35583, -21.815201], [-48.35519, -21.816462], [-48.355136, -21.817013], [-48.355388, -21.817196]]], [[[-48.362042, -21.79515], [-48.362315, -21.79436], [-48.36222, -21.794147], [-48.362092, -21.794095], [-48.361754, -21.794177], [-48.361616, -21.794335], [-48.361109, -21.795378], [-48.360186, -21.79673], [-48.359208, -21.797756], [-48.358292, -21.798573], [-48.358709, -21.79881], [-48.358812, -21.799213], [-48.359055, -21.798854], [-48.359635, -21.798286], [-48.360442, -21.797643], [-48.362042, -21.79515]], [[-48.360069, -21.797118], [-48.360324, -21.797091], [-48.36026, -21.797382], [-48.360103, -21.797491], [-48.359913, -21.797449], [-48.360069, -21.797118]]], [[[-48.335084, -21.7858], [-48.334462, -21.785971], [-48.333749, -21.785937], [-48.332652, -21.786588], [-48.332603, -21.786785], [-48.335046, -21.78604], [-48.336105, -21.785623], [-48.335638, -21.785358], [-48.335084, -21.7858]]], [[[-48.337915, -21.774646], [-48.338372, -21.774687], [-48.338616, -21.774995], [-48.338712, -21.775355], [-48.338858, -21.775515], [-48.339863, -21.775753], [-48.339718, -21.775548], [-48.338704, -21.774817], [-48.336721, -21.773174], [-48.33666, -21.77337], [-48.336804, -21.773616], [-48.337273, -21.773765], [-48.337796, -21.774154], [-48.337915, -21.774646]]], [[[-48.354266, -21.771624], [-48.355022, -21.770987], [-48.355694, -21.770074], [-48.355999, -21.769394], [-48.35609, -21.768466], [-48.355891, -21.768444], [-48.355371, -21.769752], [-48.355097, -21.770173], [-48.354818, -21.770421], [-48.354478, -21.770637], [-48.353799, -21.770895], [-48.353188, -21.770883], [-48.350092, -21.769994], [-48.349661, -21.769723], [-48.349404, -21.769284], [-48.349346, -21.768815], [-48.349642, -21.766927], [-48.349449, -21.767096], [-48.349197, -21.767939], [-48.349242, -21.768962], [-48.349004, -21.76908], [-48.348981, -21.769556], [-48.348666, -21.770071], [-48.349207, -21.770432], [-48.350394, -21.770635], [-48.352743, -21.771468], [-48.353777, -21.771748], [-48.354266, -21.771624]]], [[[-48.31787, -21.760687], [-48.318196, -21.761586], [-48.317401, -21.761287], [-48.317367, -21.761109], [-48.317796, -21.760731], [-48.317439, -21.760991], [-48.316356, -21.761218], [-48.313386, -21.760995], [-48.311957, -21.761036], [-48.312033, -21.761134], [-48.312504, -21.761291], [-48.314857, -21.761665], [-48.316385, -21.761851], [-48.317989, -21.761832], [-48.319439, -21.761213], [-48.319241, -21.760912], [-48.319993, -21.760773], [-48.320157, -21.760486], [-48.320088, -21.760362], [-48.31971, -21.760216], [-48.318069, -21.760793], [-48.31797, -21.760801], [-48.317912, -21.760689], [-48.31787, -21.760687]]], [[[-48.334781, -21.757284], [-48.334529, -21.757316], [-48.331408, -21.759953], [-48.331815, -21.760265], [-48.331784, -21.760546], [-48.333939, -21.758496], [-48.334692, -21.757574], [-48.334781, -21.757284]]], [[[-48.345734, -21.755382], [-48.345404, -21.755618], [-48.345302, -21.755805], [-48.346413, -21.755665], [-48.347356, -21.755896], [-48.348141, -21.755905], [-48.348444, -21.75609], [-48.348378, -21.758255], [-48.348246, -21.75878], [-48.348545, -21.758442], [-48.348527, -21.758026], [-48.34862, -21.757797], [-48.348948, -21.757511], [-48.348759, -21.756762], [-48.348902, -21.756467], [-48.349117, -21.756372], [-48.349438, -21.756409], [-48.349672, -21.756678], [-48.349628, -21.757177], [-48.35001, -21.756845], [-48.350304, -21.756765], [-48.353976, -21.757202], [-48.35361, -21.756112], [-48.352994, -21.756344], [-48.352504, -21.756338], [-48.351931, -21.756147], [-48.349884, -21.755084], [-48.349267, -21.754877], [-48.348675, -21.754791], [-48.347609, -21.754847], [-48.346758, -21.755029], [-48.345734, -21.755382]], [[-48.347276, -21.755059], [-48.347473, -21.75574], [-48.347189, -21.755759], [-48.346875, -21.75541], [-48.346866, -21.755271], [-48.346987, -21.755087], [-48.347276, -21.755059]]], [[[-48.327601, -21.758392], [-48.327856, -21.758677], [-48.3278, -21.758436], [-48.325966, -21.755271], [-48.325612, -21.75429], [-48.325517, -21.753332], [-48.325522, -21.751688], [-48.32515, -21.75194], [-48.325014, -21.752267], [-48.325198, -21.75278], [-48.32506, -21.753175], [-48.325348, -21.753499], [-48.325235, -21.754121], [-48.325813, -21.755222], [-48.326247, -21.756384], [-48.327124, -21.757512], [-48.327601, -21.758392]]], [[[-48.305132, -21.75222], [-48.305172, -21.752125], [-48.303942, -21.75198], [-48.30339, -21.751825], [-48.303145, -21.752026], [-48.302847, -21.752448], [-48.303951, -21.752831], [-48.305297, -21.753166], [-48.304696, -21.752479], [-48.304784, -21.752319], [-48.305132, -21.75222]]], [[[-48.307308, -21.751947], [-48.305848, -21.752136], [-48.305732, -21.753173], [-48.306187, -21.753149], [-48.307584, -21.752775], [-48.308745, -21.752274], [-48.308494, -21.751887], [-48.308517, -21.751503], [-48.307308, -21.751947]]], [[[-48.322511, -21.751931], [-48.323055, -21.751829], [-48.319345, -21.751272], [-48.319546, -21.751579], [-48.320321, -21.751571], [-48.321437, -21.751825], [-48.322511, -21.751931]]], [[[-48.323363, -21.752062], [-48.324337, -21.751973], [-48.325114, -21.750841], [-48.325188, -21.750485], [-48.325371, -21.750345], [-48.325385, -21.750091], [-48.325528, -21.74982], [-48.325619, -21.748804], [-48.325845, -21.748497], [-48.325925, -21.748064], [-48.326371, -21.747539], [-48.326277, -21.747412], [-48.325805, -21.74814], [-48.324428, -21.75079], [-48.323875, -21.751608], [-48.323601, -21.7518], [-48.323151, -21.751831], [-48.323363, -21.752062]]], [[[-48.305916, -21.747994], [-48.306847, -21.747819], [-48.306944, -21.747423], [-48.306811, -21.747291], [-48.306393, -21.747238], [-48.306223, -21.747548], [-48.305371, -21.747678], [-48.304024, -21.747324], [-48.303913, -21.747265], [-48.303959, -21.746961], [-48.303676, -21.746989], [-48.303451, -21.746858], [-48.303374, -21.746925], [-48.303375, -21.747447], [-48.305025, -21.747888], [-48.305916, -21.747994]]], [[[-48.303159, -21.746273], [-48.303327, -21.746221], [-48.303731, -21.74646], [-48.303915, -21.746371], [-48.304989, -21.746238], [-48.305982, -21.746305], [-48.306033, -21.746329], [-48.305955, -21.746636], [-48.306179, -21.746708], [-48.306536, -21.746623], [-48.306631, -21.746417], [-48.306065, -21.746205], [-48.303695, -21.746098], [-48.302052, -21.745845], [-48.302336, -21.746119], [-48.302688, -21.746058], [-48.302896, -21.746126], [-48.30282, -21.746731], [-48.30305, -21.74661], [-48.303159, -21.746273]]], [[[-48.310238, -21.746321], [-48.310396, -21.746518], [-48.310544, -21.74648], [-48.310032, -21.745389], [-48.308925, -21.745249], [-48.308956, -21.746093], [-48.309334, -21.74597], [-48.309744, -21.746259], [-48.310238, -21.746321]]], [[[-48.331771, -21.746248], [-48.333719, -21.744941], [-48.33364, -21.744859], [-48.333264, -21.744955], [-48.330602, -21.746177], [-48.329406, -21.746396], [-48.328712, -21.746414], [-48.329085, -21.746663], [-48.329847, -21.746729], [-48.329959, -21.746885], [-48.330514, -21.746847], [-48.331771, -21.746248]]], [[[-48.327533, -21.746485], [-48.327845, -21.746264], [-48.327547, -21.745993], [-48.327105, -21.74527], [-48.326815, -21.744442], [-48.326773, -21.744874], [-48.326883, -21.745376], [-48.327305, -21.746015], [-48.32726, -21.746568], [-48.327533, -21.746485]]], [[[-48.308041, -21.741626], [-48.308614, -21.743071], [-48.308925, -21.74496], [-48.309049, -21.744905], [-48.3091, -21.744606], [-48.309343, -21.744555], [-48.309727, -21.745087], [-48.309892, -21.745161], [-48.309632, -21.74462], [-48.309066, -21.742692], [-48.308567, -21.74152], [-48.308403, -21.741333], [-48.308184, -21.741242], [-48.308064, -21.741306], [-48.308041, -21.741626]]], [[[-48.296026, -21.739251], [-48.296829, -21.742184], [-48.297127, -21.743813], [-48.297787, -21.745282], [-48.298369, -21.745783], [-48.298898, -21.746048], [-48.29972, -21.746379], [-48.301405, -21.746873], [-48.301407, -21.746775], [-48.300881, -21.746531], [-48.300806, -21.746364], [-48.30004, -21.74614], [-48.299978, -21.745684], [-48.300152, -21.745535], [-48.300603, -21.745599], [-48.301029, -21.745856], [-48.301907, -21.745843], [-48.299475, -21.745214], [-48.298362, -21.744683], [-48.297776, -21.743966], [-48.297492, -21.743325], [-48.297169, -21.741919], [-48.296663, -21.740376], [-48.2963, -21.739433], [-48.296114, -21.739165], [-48.296026, -21.739251]]], [[[-48.32605, -21.742195], [-48.326215, -21.742402], [-48.326512, -21.742586], [-48.326441, -21.741543], [-48.326302, -21.740868], [-48.325679, -21.740651], [-48.32565, -21.74092], [-48.326055, -21.741621], [-48.32605, -21.742195]]], [[[-48.325106, -21.741052], [-48.324927, -21.740615], [-48.325294, -21.74043], [-48.32533, -21.740189], [-48.325161, -21.739082], [-48.324985, -21.738825], [-48.324441, -21.7385], [-48.324322, -21.738057], [-48.323973, -21.737509], [-48.323612, -21.737375], [-48.323377, -21.737173], [-48.322982, -21.736786], [-48.322719, -21.736361], [-48.322271, -21.73626], [-48.321886, -21.736545], [-48.321737, -21.736912], [-48.322475, -21.737633], [-48.323829, -21.73936], [-48.32446, -21.740437], [-48.325122, -21.741977], [-48.325015, -21.741461], [-48.325106, -21.741052]]], [[[-48.325511, -21.738716], [-48.32585, -21.738907], [-48.326247, -21.738996], [-48.326671, -21.738976], [-48.326801, -21.738663], [-48.32675, -21.738446], [-48.326449, -21.738162], [-48.325725, -21.738257], [-48.325051, -21.738076], [-48.324099, -21.737176], [-48.324755, -21.738029], [-48.325423, -21.738365], [-48.325511, -21.738716]]], [[[-48.329297, -21.737518], [-48.329468, -21.737215], [-48.329377, -21.736818], [-48.328911, -21.736827], [-48.327919, -21.737531], [-48.326886, -21.738033], [-48.327075, -21.73814], [-48.327154, -21.738347], [-48.32736, -21.738538], [-48.327957, -21.738189], [-48.328734, -21.737897], [-48.329297, -21.737518]]], [[[-48.31617, -21.733738], [-48.316395, -21.733832], [-48.316965, -21.73372], [-48.315314, -21.733126], [-48.314659, -21.733006], [-48.314933, -21.733479], [-48.315306, -21.733547], [-48.315766, -21.733423], [-48.315933, -21.733477], [-48.31617, -21.733738]]], [[[-48.305563, -21.730989], [-48.306006, -21.731884], [-48.306269, -21.732024], [-48.309476, -21.73253], [-48.3128, -21.733338], [-48.314262, -21.733586], [-48.314116, -21.733301], [-48.314164, -21.733139], [-48.314334, -21.732983], [-48.306724, -21.731463], [-48.306482, -21.731331], [-48.305851, -21.730451], [-48.305556, -21.730468], [-48.305563, -21.730989]], [[-48.305961, -21.731425], [-48.306231, -21.731322], [-48.306335, -21.731369], [-48.306341, -21.731664], [-48.306171, -21.731849], [-48.306019, -21.731777], [-48.305961, -21.731425]]], [[[-48.292225, -21.72869], [-48.29225, -21.729211], [-48.292581, -21.729454], [-48.293195, -21.729653], [-48.293569, -21.729565], [-48.293658, -21.728742], [-48.293859, -21.728276], [-48.294927, -21.726836], [-48.29672, -21.723551], [-48.296345, -21.723725], [-48.295909, -21.723739], [-48.295912, -21.723414], [-48.296376, -21.723174], [-48.296724, -21.7227], [-48.29669, -21.722386], [-48.296756, -21.722121], [-48.297114, -21.722003], [-48.297148, -21.721844], [-48.297002, -21.721389], [-48.296514, -21.722105], [-48.295834, -21.723357], [-48.294837, -21.724331], [-48.294171, -21.725886], [-48.293339, -21.727244], [-48.292225, -21.72869]]], [[[-48.330773, -21.720322], [-48.330817, -21.721084], [-48.330722, -21.72282], [-48.330564, -21.723688], [-48.330661, -21.724716], [-48.330989, -21.725244], [-48.331222, -21.725354], [-48.331618, -21.725317], [-48.331929, -21.725083], [-48.332083, -21.724495], [-48.332156, -21.723772], [-48.332117, -21.722664], [-48.332259, -21.721402], [-48.33218, -21.720406], [-48.331892, -21.719378], [-48.331481, -21.718451], [-48.331216, -21.718062], [-48.331287, -21.71852], [-48.331639, -21.719095], [-48.33111, -21.720401], [-48.330773, -21.720322]], [[-48.331994, -21.723211], [-48.331788, -21.724094], [-48.331445, -21.724456], [-48.331091, -21.724446], [-48.330921, -21.724263], [-48.330769, -21.723741], [-48.330783, -21.723266], [-48.331994, -21.723211]]], [[[-48.320028, -21.720402], [-48.32067, -21.721934], [-48.32068, -21.722304], [-48.320317, -21.724028], [-48.320397, -21.724305], [-48.320624, -21.724447], [-48.320768, -21.724391], [-48.320903, -21.72413], [-48.3212, -21.72324], [-48.321777, -21.722461], [-48.321852, -21.721978], [-48.320712, -21.719938], [-48.320471, -21.719308], [-48.320097, -21.718749], [-48.319559, -21.718192], [-48.319255, -21.718264], [-48.318996, -21.718], [-48.318658, -21.717994], [-48.318991, -21.718717], [-48.319606, -21.719265], [-48.31986, -21.719735], [-48.320028, -21.720402]]], [[[-48.298616, -21.720991], [-48.299655, -21.720357], [-48.299776, -21.72026], [-48.29955, -21.720025], [-48.299274, -21.719997], [-48.298765, -21.720029], [-48.298429, -21.720243], [-48.298268, -21.720494], [-48.298416, -21.720947], [-48.298183, -21.721187], [-48.298062, -21.721496], [-48.298616, -21.720991]]], [[[-48.301135, -21.718585], [-48.300416, -21.719139], [-48.300504, -21.719581], [-48.300314, -21.719908], [-48.30179, -21.718688], [-48.302039, -21.718215], [-48.3023, -21.717052], [-48.302143, -21.717109], [-48.301942, -21.717329], [-48.301657, -21.717966], [-48.301211, -21.718084], [-48.301135, -21.718585]]], [[[-48.321108, -21.708666], [-48.321259, -21.708651], [-48.321496, -21.709141], [-48.321622, -21.70924], [-48.321718, -21.70731], [-48.321661, -21.70712], [-48.321209, -21.707285], [-48.320935, -21.707198], [-48.320806, -21.708956], [-48.321108, -21.708666]]], [[[-48.292716, -21.69511], [-48.292212, -21.694846], [-48.291896, -21.694832], [-48.291615, -21.694992], [-48.291342, -21.695501], [-48.291153, -21.695588], [-48.290016, -21.695647], [-48.28968, -21.695779], [-48.289261, -21.69567], [-48.288874, -21.695736], [-48.288524, -21.695482], [-48.288293, -21.695711], [-48.287758, -21.695761], [-48.287624, -21.695958], [-48.289379, -21.695915], [-48.291428, -21.695673], [-48.293776, -21.694976], [-48.29353, -21.694746], [-48.293328, -21.69498], [-48.292716, -21.69511]]], [[[-48.298431, -21.692156], [-48.299507, -21.691513], [-48.299591, -21.691369], [-48.297588, -21.6926], [-48.298113, -21.692659], [-48.298305, -21.692457], [-48.298431, -21.692156]]], [[[-48.291979, -21.672149], [-48.291613, -21.672537], [-48.291498, -21.672909], [-48.291532, -21.67553], [-48.2919, -21.675541], [-48.29206, -21.675674], [-48.292539, -21.674271], [-48.29252, -21.672511], [-48.29243, -21.672218], [-48.292243, -21.672108], [-48.291979, -21.672149]]], [[[-48.262049, -21.822055], [-48.262429, -21.822174], [-48.262526, -21.822379], [-48.263669, -21.822254], [-48.264625, -21.822574], [-48.264913, -21.822805], [-48.265033, -21.822604], [-48.265096, -21.821478], [-48.26573, -21.820463], [-48.266192, -21.819336], [-48.26674, -21.818472], [-48.267127, -21.817594], [-48.268153, -21.816352], [-48.268356, -21.815705], [-48.26824, -21.815535], [-48.267941, -21.815477], [-48.267834, -21.815529], [-48.267226, -21.816899], [-48.266681, -21.817425], [-48.26621, -21.818099], [-48.265828, -21.818486], [-48.265011, -21.820228], [-48.264407, -21.821041], [-48.264224, -21.821585], [-48.263976, -21.821724], [-48.263472, -21.821746], [-48.262976, -21.821649], [-48.262619, -21.821723], [-48.262111, -21.821423], [-48.261193, -21.820459], [-48.261087, -21.819969], [-48.261163, -21.819219], [-48.261098, -21.818661], [-48.260763, -21.818435], [-48.260512, -21.81856], [-48.260406, -21.818822], [-48.260391, -21.819204], [-48.260817, -21.821155], [-48.26127, -21.821632], [-48.261828, -21.821963], [-48.262483, -21.822011], [-48.262359, -21.822103], [-48.262049, -21.822055]]], [[[-48.262049, -21.822014], [-48.261961, -21.822054], [-48.261972, -21.822055], [-48.262049, -21.822055], [-48.262049, -21.822014]]], [[[-48.276804, -21.822959], [-48.277697, -21.821453], [-48.278959, -21.819802], [-48.279834, -21.819129], [-48.280532, -21.81887], [-48.280661, -21.81868], [-48.280311, -21.81858], [-48.279794, -21.81859], [-48.278774, -21.819042], [-48.278281, -21.819563], [-48.277942, -21.820062], [-48.276942, -21.821054], [-48.276344, -21.821778], [-48.275046, -21.822863], [-48.272897, -21.823896], [-48.272188, -21.824141], [-48.271336, -21.824286], [-48.272757, -21.824517], [-48.272982, -21.824669], [-48.273186, -21.824969], [-48.274777, -21.824227], [-48.275257, -21.823891], [-48.276014, -21.823526], [-48.276804, -21.822959]]], [[[-48.281036, -21.807719], [-48.280527, -21.807877], [-48.280409, -21.808144], [-48.280143, -21.808275], [-48.280221, -21.808695], [-48.279724, -21.808999], [-48.279708, -21.8091], [-48.279838, -21.809305], [-48.282495, -21.806821], [-48.281678, -21.806899], [-48.28109, -21.8075], [-48.281036, -21.807719]]], [[[-48.275043, -21.806472], [-48.275722, -21.807116], [-48.2757, -21.806822], [-48.275537, -21.806428], [-48.275832, -21.806441], [-48.275169, -21.805778], [-48.274582, -21.805545], [-48.27386, -21.805612], [-48.274079, -21.806112], [-48.275043, -21.806472]]], [[[-48.284457, -21.801183], [-48.284415, -21.800621], [-48.284208, -21.800178], [-48.283766, -21.799839], [-48.283553, -21.799825], [-48.283421, -21.800159], [-48.283669, -21.801832], [-48.283422, -21.802664], [-48.283095, -21.803175], [-48.283476, -21.80353], [-48.283707, -21.804043], [-48.283949, -21.803425], [-48.284202, -21.802072], [-48.284457, -21.801183]]], [[[-48.295619, -21.786936], [-48.294185, -21.786611], [-48.292747, -21.786448], [-48.290068, -21.785331], [-48.289119, -21.784804], [-48.286815, -21.784366], [-48.28553, -21.784432], [-48.283496, -21.784943], [-48.281577, -21.785656], [-48.281057, -21.785987], [-48.280938, -21.786261], [-48.28106, -21.786412], [-48.281409, -21.786532], [-48.28223, -21.786633], [-48.283542, -21.786583], [-48.284665, -21.786414], [-48.287366, -21.786205], [-48.288081, -21.786283], [-48.289273, -21.786707], [-48.290073, -21.78719], [-48.290798, -21.787883], [-48.291015, -21.788836], [-48.29072, -21.79016], [-48.290974, -21.791072], [-48.291079, -21.791178], [-48.291257, -21.791195], [-48.291367, -21.791149], [-48.291611, -21.790716], [-48.292009, -21.789469], [-48.293772, -21.788004], [-48.295228, -21.787489], [-48.296736, -21.787246], [-48.298124, -21.786829], [-48.299397, -21.786247], [-48.299608, -21.786068], [-48.298756, -21.785906], [-48.297304, -21.78659], [-48.295619, -21.786936]], [[-48.292747, -21.788742], [-48.292528, -21.788691], [-48.292642, -21.788361], [-48.292834, -21.788422], [-48.292747, -21.788742]], [[-48.292889, -21.788264], [-48.292847, -21.788354], [-48.292637, -21.78829], [-48.29269, -21.78817], [-48.292889, -21.788264]], [[-48.293434, -21.786875], [-48.293112, -21.787953], [-48.292983, -21.788126], [-48.292808, -21.787964], [-48.292515, -21.787164], [-48.292274, -21.786964], [-48.292268, -21.786876], [-48.292315, -21.78682], [-48.293434, -21.786875]], [[-48.290945, -21.7868], [-48.29056, -21.786384], [-48.290645, -21.78603], [-48.291308, -21.786045], [-48.291083, -21.786822], [-48.290945, -21.7868]], [[-48.288784, -21.78578], [-48.288386, -21.78554], [-48.288506, -21.785223], [-48.288988, -21.785301], [-48.288947, -21.785549], [-48.288784, -21.78578]], [[-48.286089, -21.784678], [-48.28628, -21.785863], [-48.285902, -21.785896], [-48.285197, -21.785682], [-48.285123, -21.785419], [-48.285188, -21.785244], [-48.286089, -21.784678]]], [[[-48.279551, -21.774464], [-48.279283, -21.774535], [-48.279143, -21.774862], [-48.27828, -21.775096], [-48.278061, -21.775385], [-48.277854, -21.775496], [-48.277169, -21.775397], [-48.276651, -21.77548], [-48.2763, -21.775397], [-48.275959, -21.775622], [-48.275729, -21.775667], [-48.275242, -21.775311], [-48.275032, -21.775568], [-48.27474, -21.775661], [-48.274113, -21.775511], [-48.274417, -21.77523], [-48.274492, -21.775049], [-48.273119, -21.775122], [-48.272447, -21.775245], [-48.271623, -21.775517], [-48.271286, -21.77576], [-48.27153, -21.776021], [-48.274406, -21.776491], [-48.278222, -21.776392], [-48.279255, -21.776197], [-48.280041, -21.775619], [-48.280458, -21.774998], [-48.280705, -21.774015], [-48.281049, -21.773306], [-48.280788, -21.773286], [-48.279676, -21.773839], [-48.279551, -21.774464]], [[-48.273152, -21.77601], [-48.272442, -21.775745], [-48.272477, -21.775602], [-48.273386, -21.775281], [-48.273411, -21.776001], [-48.273152, -21.77601]]], [[[-48.275631, -21.77508], [-48.276045, -21.774956], [-48.276498, -21.774948], [-48.277382, -21.774326], [-48.277887, -21.774917], [-48.27802, -21.77488], [-48.278381, -21.774453], [-48.278389, -21.774141], [-48.278489, -21.77394], [-48.279207, -21.773788], [-48.279422, -21.773637], [-48.279856, -21.773031], [-48.280177, -21.772879], [-48.280441, -21.772608], [-48.28101, -21.772246], [-48.281103, -21.771896], [-48.28151, -21.771648], [-48.28164, -21.771272], [-48.281799, -21.771198], [-48.282037, -21.771252], [-48.282549, -21.770856], [-48.282952, -21.770779], [-48.283243, -21.770406], [-48.283282, -21.770183], [-48.280317, -21.771718], [-48.27866, -21.773254], [-48.276624, -21.774575], [-48.27546, -21.774974], [-48.275631, -21.77508]]], [[[-48.286242, -21.767132], [-48.286596, -21.766889], [-48.286698, -21.766621], [-48.286637, -21.766389], [-48.285575, -21.766474], [-48.285957, -21.767372], [-48.286043, -21.767918], [-48.285579, -21.768559], [-48.285094, -21.768949], [-48.286111, -21.76876], [-48.286331, -21.768315], [-48.286381, -21.767955], [-48.286175, -21.767422], [-48.286242, -21.767132]]], [[[-48.265578, -21.761626], [-48.267467, -21.763982], [-48.2674, -21.764465], [-48.266898, -21.765593], [-48.266615, -21.766439], [-48.2666, -21.766747], [-48.266782, -21.766848], [-48.267382, -21.766257], [-48.267584, -21.766187], [-48.267392, -21.766196], [-48.267141, -21.766286], [-48.266934, -21.766247], [-48.266835, -21.765817], [-48.267595, -21.766075], [-48.267568, -21.765962], [-48.268308, -21.764609], [-48.268608, -21.764254], [-48.268274, -21.764065], [-48.268217, -21.76381], [-48.268423, -21.763622], [-48.268545, -21.763238], [-48.268874, -21.762999], [-48.270524, -21.762912], [-48.270615, -21.762888], [-48.270618, -21.762753], [-48.269524, -21.762709], [-48.268709, -21.762531], [-48.268067, -21.762291], [-48.266015, -21.761172], [-48.265605, -21.761167], [-48.265525, -21.761431], [-48.265578, -21.761626]], [[-48.267369, -21.766231], [-48.267319, -21.766306], [-48.26736871246973, -21.76623109079903], [-48.267369, -21.766231]]], [[[-48.271114, -21.762941], [-48.271291, -21.763326], [-48.271733, -21.762987], [-48.272295, -21.762906], [-48.27269, -21.763174], [-48.272927, -21.762923], [-48.273564, -21.762641], [-48.273716, -21.762443], [-48.272453, -21.762756], [-48.271141, -21.762723], [-48.271114, -21.762941]]], [[[-48.280694, -21.762177], [-48.280213, -21.761731], [-48.279865, -21.761777], [-48.281918, -21.763119], [-48.281119, -21.762288], [-48.280694, -21.762177]]], [[[-48.272731, -21.75556], [-48.272876, -21.755738], [-48.275498, -21.756969], [-48.277614, -21.757673], [-48.277864, -21.757726], [-48.277778, -21.757533], [-48.27848, -21.757228], [-48.278505, -21.75706], [-48.278187, -21.757208], [-48.277735, -21.757199], [-48.276805, -21.7568], [-48.275623, -21.756549], [-48.273723, -21.755663], [-48.273047, -21.755509], [-48.272731, -21.75556]]], [[[-48.279388, -21.755804], [-48.279603, -21.756447], [-48.279444, -21.756851], [-48.279519, -21.757077], [-48.280045, -21.754783], [-48.279662, -21.75471], [-48.279546, -21.754803], [-48.279581, -21.755261], [-48.279388, -21.755804]]], [[[-48.282512, -21.744316], [-48.284352, -21.742295], [-48.285564, -21.740821], [-48.286279, -21.739619], [-48.286232, -21.739258], [-48.285996, -21.739255], [-48.285069, -21.739747], [-48.284739, -21.740043], [-48.283663, -21.741482], [-48.282994, -21.742116], [-48.282573, -21.742388], [-48.282015, -21.742569], [-48.281507, -21.742525], [-48.281103, -21.742281], [-48.280136, -21.740355], [-48.279585, -21.73905], [-48.279391, -21.739091], [-48.279334, -21.739572], [-48.279383, -21.740231], [-48.279623, -21.741418], [-48.280747, -21.744058], [-48.280354, -21.74579], [-48.279765, -21.746951], [-48.279484, -21.74727], [-48.279119, -21.74747], [-48.27864, -21.747556], [-48.277822, -21.747501], [-48.276618, -21.747086], [-48.276422, -21.747073], [-48.276323, -21.747144], [-48.276572, -21.747446], [-48.277687, -21.747956], [-48.278824, -21.748368], [-48.279539, -21.74832], [-48.279696, -21.748424], [-48.27973, -21.748542], [-48.279348, -21.750793], [-48.279724, -21.751302], [-48.279682, -21.750959], [-48.279902, -21.749788], [-48.28025, -21.74898], [-48.280111, -21.748643], [-48.280354, -21.748504], [-48.280566, -21.748626], [-48.280472, -21.749336], [-48.280507, -21.749824], [-48.280658, -21.750153], [-48.280666, -21.750618], [-48.280645, -21.75085], [-48.280458, -21.750879], [-48.280679, -21.752073], [-48.280579, -21.75247], [-48.280961, -21.752942], [-48.280992, -21.753264], [-48.282387, -21.752987], [-48.283577, -21.752611], [-48.283736, -21.752528], [-48.283819, -21.752348], [-48.283567, -21.752256], [-48.282199, -21.75249], [-48.281512, -21.752384], [-48.281077, -21.752159], [-48.280864, -21.751793], [-48.280786, -21.750665], [-48.281123, -21.748098], [-48.281115, -21.747253], [-48.281313, -21.746499], [-48.281985, -21.745101], [-48.282512, -21.744316]]], [[[-48.28288, -21.721716], [-48.282546, -21.72181], [-48.282156, -21.721797], [-48.281947, -21.72197], [-48.281379, -21.722201], [-48.280474, -21.722087], [-48.280153, -21.722171], [-48.278938, -21.722196], [-48.278644, -21.722265], [-48.278389, -21.722215], [-48.278585, -21.722035], [-48.277216, -21.722025], [-48.276487, -21.722097], [-48.275824, -21.722282], [-48.275134, -21.722103], [-48.274358, -21.722392], [-48.274019, -21.722693], [-48.27391, -21.723118], [-48.274064, -21.724458], [-48.273817, -21.726934], [-48.273501, -21.727429], [-48.273329, -21.728005], [-48.272938, -21.728548], [-48.272849, -21.728808], [-48.273038, -21.728817], [-48.273627, -21.728424], [-48.274109, -21.727627], [-48.27455, -21.727089], [-48.274841, -21.726274], [-48.275012, -21.725429], [-48.274854, -21.724687], [-48.275071, -21.724243], [-48.275403, -21.723924], [-48.275722, -21.723735], [-48.276502, -21.723477], [-48.277216, -21.72361], [-48.277667, -21.723567], [-48.278362, -21.722956], [-48.279301, -21.722825], [-48.280058, -21.722452], [-48.281352, -21.7223], [-48.281801, -21.722112], [-48.283052, -21.722123], [-48.283334, -21.72231], [-48.283468, -21.722676], [-48.283499, -21.724796], [-48.283863, -21.726512], [-48.284027, -21.726833], [-48.284255, -21.726901], [-48.284408, -21.726747], [-48.28437, -21.726102], [-48.283885, -21.724178], [-48.28398, -21.723066], [-48.284371, -21.72203], [-48.285074, -21.721194], [-48.284222, -21.721524], [-48.283632, -21.721943], [-48.28288, -21.721716]]], [[[-48.290302, -21.713423], [-48.290241, -21.713604], [-48.289976, -21.713888], [-48.289633, -21.714028], [-48.289461, -21.714663], [-48.289064, -21.714934], [-48.2889, -21.715139], [-48.2889, -21.715479], [-48.290456, -21.713938], [-48.290881, -21.712957], [-48.290946, -21.711991], [-48.290865, -21.712043], [-48.290863, -21.712261], [-48.290654, -21.712669], [-48.290161, -21.713073], [-48.290302, -21.713423]]], [[[-48.290323, -21.711767], [-48.290351, -21.711489], [-48.29017, -21.711272], [-48.290109, -21.710579], [-48.289415, -21.7101], [-48.288989, -21.710119], [-48.288902, -21.710243], [-48.289239, -21.71041], [-48.289621, -21.710819], [-48.289842, -21.711637], [-48.28988, -21.7122], [-48.290278, -21.712288], [-48.290322, -21.71214], [-48.290128, -21.711872], [-48.290323, -21.711767]]], [[[-48.284897, -21.709653], [-48.284128, -21.709695], [-48.283659, -21.709546], [-48.282879, -21.709467], [-48.283733, -21.709804], [-48.285671, -21.709964], [-48.285521, -21.709646], [-48.285356, -21.709546], [-48.284897, -21.709653]]], [[[-48.271521, -21.707795], [-48.271975, -21.708014], [-48.273513, -21.708426], [-48.274585, -21.708316], [-48.275881, -21.708316], [-48.278186, -21.708626], [-48.279178, -21.708992], [-48.2806, -21.708991], [-48.281533, -21.709129], [-48.281436, -21.709019], [-48.281101, -21.70891], [-48.280496, -21.708922], [-48.279946, -21.70877], [-48.27972, -21.708594], [-48.279903, -21.70847], [-48.278445, -21.70811], [-48.277215, -21.707598], [-48.276093, -21.707367], [-48.274202, -21.707228], [-48.272848, -21.707269], [-48.271625, -21.707477], [-48.271458, -21.70763], [-48.271521, -21.707795]]], [[[-48.264965, -21.693975], [-48.265364, -21.694408], [-48.265618, -21.695469], [-48.265395, -21.696004], [-48.265091, -21.696187], [-48.264823, -21.696135], [-48.264024, -21.69574], [-48.263662, -21.695802], [-48.263745, -21.696042], [-48.264541, -21.696596], [-48.264623, -21.696918], [-48.264476, -21.697466], [-48.26417, -21.697845], [-48.263036, -21.698674], [-48.262501, -21.699225], [-48.261505, -21.701355], [-48.261365, -21.701932], [-48.261364, -21.702326], [-48.261441, -21.702628], [-48.261705, -21.703091], [-48.261971, -21.703308], [-48.262188, -21.703242], [-48.262288, -21.703013], [-48.262506, -21.701459], [-48.262887, -21.700621], [-48.264146, -21.699062], [-48.264858, -21.698542], [-48.265675, -21.697664], [-48.266806, -21.697043], [-48.26729, -21.695956], [-48.268378, -21.69395], [-48.268737, -21.693527], [-48.268531, -21.693595], [-48.268032, -21.694159], [-48.267776, -21.69468], [-48.267382, -21.695017], [-48.266794, -21.695323], [-48.2666, -21.695278], [-48.266542, -21.695157], [-48.266856, -21.694726], [-48.267214, -21.694627], [-48.267542, -21.69429], [-48.267685, -21.693748], [-48.267932, -21.693439], [-48.26797, -21.693243], [-48.26649, -21.693728], [-48.265372, -21.693509], [-48.265045, -21.693632], [-48.264965, -21.693975]]], [[[-48.272561, -21.698724], [-48.272448, -21.699069], [-48.272563, -21.699286], [-48.272788, -21.699304], [-48.273653, -21.699202], [-48.275721, -21.69869], [-48.277672, -21.698504], [-48.278631, -21.698325], [-48.279639, -21.697957], [-48.281257, -21.697182], [-48.282245, -21.696908], [-48.282218, -21.696811], [-48.282367, -21.696679], [-48.282451, -21.696235], [-48.281989, -21.696157], [-48.281548, -21.696274], [-48.279522, -21.697044], [-48.27823, -21.697652], [-48.277741, -21.697779], [-48.275942, -21.697972], [-48.273287, -21.698393], [-48.272561, -21.698724]]], [[[-48.285015, -21.695828], [-48.284868, -21.696257], [-48.284648, -21.696161], [-48.284323, -21.696211], [-48.28385, -21.696073], [-48.283746, -21.696707], [-48.284083, -21.696772], [-48.284953, -21.696735], [-48.285489, -21.696608], [-48.286849, -21.696081], [-48.286616, -21.695886], [-48.28591, -21.696122], [-48.285197, -21.695811], [-48.285015, -21.695828]]], [[[-48.289388, -21.694555], [-48.287788, -21.694968], [-48.288095, -21.695157], [-48.288427, -21.695088], [-48.28884, -21.69526], [-48.289444, -21.695022], [-48.289811, -21.694991], [-48.290964, -21.694487], [-48.291181, -21.694695], [-48.291468, -21.694681], [-48.291781, -21.694553], [-48.292196, -21.694228], [-48.291307, -21.693974], [-48.290418, -21.693935], [-48.290086, -21.694013], [-48.289388, -21.694555]]], [[[-48.271471, -21.690492], [-48.271102, -21.690537], [-48.271159, -21.690675], [-48.271545, -21.690929], [-48.271424, -21.691316], [-48.270829, -21.691616], [-48.270442, -21.69199], [-48.269675, -21.692072], [-48.269549, -21.692419], [-48.269554, -21.692741], [-48.26903, -21.693351], [-48.269604, -21.69297], [-48.270103, -21.69244], [-48.271059, -21.692051], [-48.271383, -21.691829], [-48.271584, -21.691393], [-48.27187, -21.690366], [-48.271724, -21.689201], [-48.27177, -21.688928], [-48.271563, -21.6891], [-48.271526, -21.689363], [-48.271762, -21.690061], [-48.271471, -21.690492]]], [[[-48.27107, -21.688556], [-48.271671, -21.687308], [-48.271531, -21.686221], [-48.271439, -21.686211], [-48.271425, -21.686123], [-48.270804, -21.688113], [-48.270746, -21.689452], [-48.270916, -21.689329], [-48.27107, -21.688556]]], [[[-48.268644, -21.685916], [-48.268917, -21.685901], [-48.269082, -21.685657], [-48.269246, -21.684463], [-48.268945, -21.68443], [-48.26867, -21.684273], [-48.268626, -21.684645], [-48.267788, -21.684989], [-48.267745, -21.685342], [-48.268071, -21.685614], [-48.268644, -21.685916]]], [[[-48.264901, -21.68428], [-48.265194, -21.68465], [-48.265454, -21.684834], [-48.26579, -21.684883], [-48.265968, -21.684825], [-48.266352, -21.683399], [-48.266618, -21.683079], [-48.267103, -21.682893], [-48.266799, -21.682722], [-48.266506, -21.682416], [-48.266212, -21.681798], [-48.26581, -21.682585], [-48.265151, -21.683141], [-48.264848, -21.683867], [-48.264901, -21.68428]]], [[[-48.262625, -21.671188], [-48.262545, -21.671398], [-48.262464, -21.672984], [-48.262626, -21.674177], [-48.263677, -21.677024], [-48.263792, -21.677787], [-48.263664, -21.678322], [-48.264157, -21.678227], [-48.264822, -21.678341], [-48.264619, -21.677347], [-48.264214, -21.676462], [-48.263551, -21.673843], [-48.263451, -21.671593], [-48.263337, -21.671263], [-48.2631, -21.671083], [-48.262828, -21.671064], [-48.262625, -21.671188]]], [[[-48.283257, -21.673034], [-48.28285, -21.672871], [-48.281838, -21.672302], [-48.282367, -21.672726], [-48.283794, -21.674318], [-48.283671, -21.67367], [-48.283257, -21.673034]]], [[[-48.266192, -21.663557], [-48.265895, -21.663634], [-48.265559, -21.664182], [-48.265353, -21.664287], [-48.26447, -21.664461], [-48.263439, -21.664839], [-48.26258, -21.664936], [-48.260681, -21.665328], [-48.259783, -21.665389], [-48.259555, -21.665729], [-48.259788, -21.665945], [-48.260177, -21.66597], [-48.260898, -21.665802], [-48.26195, -21.665708], [-48.262615, -21.665465], [-48.263377, -21.665464], [-48.263785, -21.665552], [-48.26423, -21.665443], [-48.267399, -21.665393], [-48.268797, -21.665611], [-48.272533, -21.665519], [-48.275621, -21.665877], [-48.276135, -21.666013], [-48.276923, -21.666449], [-48.277628, -21.667186], [-48.27802, -21.668172], [-48.278194, -21.669033], [-48.278659, -21.669771], [-48.280233, -21.670831], [-48.281273, -21.671982], [-48.281742, -21.672255], [-48.281051, -21.671537], [-48.28088, -21.671149], [-48.280339, -21.670487], [-48.279388, -21.669916], [-48.27921, -21.669639], [-48.27888, -21.669529], [-48.27796, -21.667169], [-48.277484, -21.66639], [-48.276899, -21.665741], [-48.276608, -21.665873], [-48.276278, -21.665904], [-48.275887, -21.665661], [-48.27522, -21.665492], [-48.274114, -21.665521], [-48.273485, -21.665184], [-48.273284, -21.665202], [-48.273191, -21.665494], [-48.273019, -21.665532], [-48.272466, -21.665315], [-48.271848, -21.66525], [-48.271567, -21.665105], [-48.271158, -21.664733], [-48.271363, -21.664366], [-48.269616, -21.664146], [-48.267943, -21.66366], [-48.267517, -21.663646], [-48.266904, -21.663812], [-48.266192, -21.663557]]], [[[-48.275587, -21.665196], [-48.276127, -21.665451], [-48.276493, -21.665409], [-48.276599, -21.665236], [-48.276572, -21.664723], [-48.276364, -21.664955], [-48.27605, -21.665093], [-48.273767, -21.664947], [-48.274044, -21.665065], [-48.275587, -21.665196]]], [[[-48.275445, -21.659741], [-48.275207, -21.658103], [-48.274819, -21.657246], [-48.273562, -21.656254], [-48.272469, -21.654637], [-48.272199, -21.654526], [-48.271616, -21.654698], [-48.271412, -21.654944], [-48.271284, -21.65527], [-48.271332, -21.655723], [-48.272137, -21.65762], [-48.272375, -21.65801], [-48.273364, -21.659106], [-48.274009, -21.660233], [-48.27621, -21.663408], [-48.27632, -21.663133], [-48.276068, -21.662952], [-48.275972, -21.662779], [-48.276112, -21.662571], [-48.276367, -21.662637], [-48.276713, -21.663072], [-48.277115, -21.664484], [-48.277684, -21.665298], [-48.278014, -21.666482], [-48.278342, -21.666807], [-48.278499, -21.667319], [-48.278742, -21.667573], [-48.278829, -21.667873], [-48.279066, -21.668116], [-48.278927, -21.66844], [-48.279333, -21.668776], [-48.279283, -21.668998], [-48.279409, -21.669213], [-48.281161, -21.67097], [-48.281461, -21.67152], [-48.281919, -21.671741], [-48.282381, -21.672119], [-48.282783, -21.672233], [-48.283525, -21.672703], [-48.283747, -21.673097], [-48.283996, -21.673272], [-48.284115, -21.673567], [-48.284561, -21.673836], [-48.284157, -21.673222], [-48.283459, -21.672516], [-48.281787, -21.671462], [-48.281242, -21.670758], [-48.28044, -21.669934], [-48.279738, -21.668871], [-48.279323, -21.668048], [-48.278623, -21.666963], [-48.278284, -21.666199], [-48.277763, -21.663987], [-48.277442, -21.663083], [-48.275777, -21.660526], [-48.275445, -21.659741]], [[-48.272326, -21.657708], [-48.272284, -21.657301], [-48.271936, -21.656622], [-48.272217, -21.656338], [-48.272036, -21.655631], [-48.272542, -21.655392], [-48.27321, -21.656393], [-48.27416, -21.657141], [-48.274041, -21.657267], [-48.272482, -21.657957], [-48.272326, -21.657708]]], [[[-48.27032, -21.618202], [-48.270671, -21.61908], [-48.271518, -21.619817], [-48.271961, -21.62009], [-48.273299, -21.617328], [-48.273061, -21.6167], [-48.273213, -21.61551], [-48.273038, -21.614472], [-48.273195, -21.614024], [-48.273567, -21.613784], [-48.275248, -21.613822], [-48.275559, -21.6133], [-48.274821, -21.613435], [-48.274354, -21.613371], [-48.27396, -21.613188], [-48.273553, -21.612953], [-48.273242, -21.612662], [-48.272974, -21.612033], [-48.272801, -21.612758], [-48.272864, -21.613088], [-48.272704, -21.613222], [-48.272848, -21.613556], [-48.272556, -21.613659], [-48.272453, -21.613822], [-48.27265, -21.614219], [-48.272631, -21.614329], [-48.272336, -21.614651], [-48.27183, -21.614603], [-48.271711, -21.614297], [-48.271897, -21.614056], [-48.27213, -21.613075], [-48.272034, -21.612109], [-48.271702, -21.611565], [-48.271393, -21.611421], [-48.271549, -21.61197], [-48.271681, -21.614033], [-48.270997, -21.615178], [-48.270717, -21.615952], [-48.270312, -21.617878], [-48.27032, -21.618202]]], [[[-48.272906, -21.611692], [-48.272892, -21.611123], [-48.27174, -21.609693], [-48.271383, -21.609389], [-48.271408, -21.610147], [-48.271814, -21.610418], [-48.272332, -21.610589], [-48.272654, -21.610959], [-48.272906, -21.611692]]], [[[-48.270484, -21.60979], [-48.270437, -21.609368], [-48.270244, -21.609335], [-48.269749, -21.609001], [-48.27092, -21.610916], [-48.270861, -21.610457], [-48.270484, -21.60979]]], [[[-48.268699, -21.605031], [-48.268755, -21.604121], [-48.268525, -21.603866], [-48.268301, -21.603877], [-48.268492, -21.604289], [-48.26875, -21.605548], [-48.269026, -21.606372], [-48.268922, -21.605517], [-48.268699, -21.605031]]], [[[-48.272874, -21.598503], [-48.272735, -21.598352], [-48.267326, -21.599092], [-48.266752, -21.598977], [-48.266699, -21.599282], [-48.266772, -21.599444], [-48.267042, -21.599522], [-48.267168, -21.5998], [-48.267532, -21.599786], [-48.268227, -21.600084], [-48.268366, -21.599788], [-48.268763, -21.599434], [-48.269279, -21.599312], [-48.272219, -21.599015], [-48.272721, -21.598822], [-48.272874, -21.598503]]], [[[-48.268061, -21.593279], [-48.267835, -21.593213], [-48.267591, -21.59331], [-48.266954, -21.593854], [-48.266455, -21.594833], [-48.265761, -21.595713], [-48.264335, -21.596788], [-48.263837, -21.597089], [-48.263454, -21.597178], [-48.262765, -21.596975], [-48.261448, -21.596155], [-48.261307, -21.595726], [-48.261211, -21.593935], [-48.261013, -21.593692], [-48.260786, -21.593728], [-48.260676, -21.593905], [-48.260675, -21.59495], [-48.260476, -21.596272], [-48.260167, -21.596759], [-48.259791, -21.596967], [-48.260315, -21.597349], [-48.26075, -21.597384], [-48.261011, -21.597278], [-48.261381, -21.596826], [-48.261481, -21.596812], [-48.262374, -21.597341], [-48.262875, -21.597291], [-48.263112, -21.597737], [-48.263304, -21.597931], [-48.264291, -21.59727], [-48.264603, -21.59724], [-48.264638, -21.597358], [-48.264545, -21.597648], [-48.264719, -21.59799], [-48.264658, -21.598198], [-48.264731, -21.598448], [-48.264636, -21.598683], [-48.265201, -21.598921], [-48.265937, -21.598693], [-48.265006, -21.598164], [-48.264874, -21.59794], [-48.264879, -21.597654], [-48.265163, -21.597211], [-48.266695, -21.59574], [-48.267715, -21.594476], [-48.268165, -21.593702], [-48.268061, -21.593279]]], [[[-48.282796, -21.590699], [-48.282616, -21.589738], [-48.28224, -21.588894], [-48.282045, -21.589026], [-48.282466, -21.590135], [-48.282368, -21.593595], [-48.28251, -21.594414], [-48.283193, -21.595556], [-48.283462, -21.596392], [-48.283677, -21.596491], [-48.284509, -21.596485], [-48.28508, -21.596844], [-48.285226, -21.596861], [-48.285176, -21.59673], [-48.28473, -21.596414], [-48.284044, -21.595694], [-48.283343, -21.594584], [-48.282971, -21.593429], [-48.282796, -21.590699]], [[-48.283221, -21.594239], [-48.283368, -21.594657], [-48.28399, -21.595643], [-48.284063, -21.595722], [-48.283816, -21.595701], [-48.283687, -21.595607], [-48.28317, -21.595042], [-48.282858, -21.594278], [-48.283221, -21.594239]]], [[[-48.279821, -21.583922], [-48.278962, -21.582602], [-48.278421, -21.581519], [-48.278466, -21.581902], [-48.278929, -21.583344], [-48.27958, -21.584162], [-48.280678, -21.586041], [-48.280748, -21.586116], [-48.280845, -21.586073], [-48.280053, -21.584103], [-48.279821, -21.583922]]], [[[-48.264064, -21.577215], [-48.263772, -21.577392], [-48.263667, -21.577652], [-48.263727, -21.577762], [-48.26642, -21.577574], [-48.266917, -21.57745], [-48.267628, -21.577094], [-48.268716, -21.576318], [-48.269177, -21.576087], [-48.269934, -21.576009], [-48.27018, -21.575869], [-48.270236, -21.575753], [-48.270073, -21.57562], [-48.269311, -21.57558], [-48.269034, -21.575456], [-48.268982, -21.575316], [-48.26791, -21.575964], [-48.26743, -21.576415], [-48.266992, -21.576652], [-48.265346, -21.577165], [-48.264064, -21.577215]]], [[[-48.272529, -21.575526], [-48.27215, -21.575134], [-48.271566, -21.575273], [-48.271183, -21.575585], [-48.271221, -21.576039], [-48.271596, -21.576325], [-48.271803, -21.576672], [-48.272322, -21.57602], [-48.272483, -21.575902], [-48.272744, -21.57586], [-48.275329, -21.576364], [-48.274379, -21.57577], [-48.273901, -21.575663], [-48.273409, -21.575202], [-48.273244, -21.575261], [-48.272965, -21.575658], [-48.272529, -21.575526]]], [[[-48.269657, -21.567085], [-48.270047, -21.56739], [-48.270241, -21.567348], [-48.269853, -21.566867], [-48.268703, -21.565954], [-48.268404, -21.5652], [-48.268266, -21.565345], [-48.268106, -21.565372], [-48.268211, -21.565913], [-48.268522, -21.566565], [-48.269657, -21.567085]]], [[[-48.265022, -21.562029], [-48.265319, -21.561871], [-48.265416, -21.562168], [-48.266015, -21.561968], [-48.266348, -21.562072], [-48.267003, -21.562465], [-48.266835, -21.562206], [-48.266714, -21.561565], [-48.26635, -21.561235], [-48.265936, -21.561113], [-48.265377, -21.561436], [-48.264987, -21.56189], [-48.265022, -21.562029]]], [[[-48.246325, -21.816179], [-48.247342, -21.815385], [-48.247352, -21.815067], [-48.247086, -21.814976], [-48.246765, -21.815047], [-48.246034, -21.815831], [-48.244742, -21.81678], [-48.243755, -21.817257], [-48.243136, -21.817678], [-48.243321, -21.818133], [-48.243855, -21.817708], [-48.245141, -21.817112], [-48.245544, -21.816666], [-48.246325, -21.816179]]], [[[-48.245531, -21.810764], [-48.2459, -21.810363], [-48.245844, -21.810031], [-48.245653, -21.809912], [-48.244304, -21.812236], [-48.24465, -21.812051], [-48.245108, -21.811593], [-48.245173, -21.810936], [-48.245531, -21.810764]]], [[[-48.231874, -21.808177], [-48.231396, -21.808509], [-48.231054, -21.809271], [-48.230694, -21.809544], [-48.229894, -21.809945], [-48.228876, -21.811092], [-48.227928, -21.811694], [-48.227379, -21.811869], [-48.226958, -21.811901], [-48.226862, -21.811566], [-48.226381, -21.810896], [-48.226015, -21.810643], [-48.225284, -21.81074], [-48.224808, -21.810705], [-48.224582, -21.810566], [-48.224466, -21.809565], [-48.224205, -21.809341], [-48.223574, -21.80913], [-48.222899, -21.808087], [-48.222385, -21.807453], [-48.222015, -21.807226], [-48.221191, -21.807001], [-48.220945, -21.806863], [-48.220833, -21.806682], [-48.220757, -21.8062], [-48.220776, -21.805447], [-48.220571, -21.804885], [-48.220618, -21.803706], [-48.220233, -21.803145], [-48.21997, -21.80306], [-48.219663, -21.803185], [-48.219646, -21.803478], [-48.219975, -21.803964], [-48.22002, -21.804526], [-48.22041, -21.80559], [-48.220473, -21.806758], [-48.220634, -21.807101], [-48.221769, -21.807667], [-48.222713, -21.809185], [-48.223296, -21.80965], [-48.223466, -21.809991], [-48.223471, -21.810197], [-48.223901, -21.810801], [-48.224378, -21.811103], [-48.225252, -21.811841], [-48.226311, -21.812156], [-48.22675, -21.812609], [-48.227078, -21.813166], [-48.227423, -21.812811], [-48.227812, -21.812727], [-48.227982, -21.812324], [-48.228982, -21.811833], [-48.22952, -21.811408], [-48.230207, -21.810433], [-48.232408, -21.808629], [-48.23259, -21.808345], [-48.232492, -21.807985], [-48.231874, -21.808177]]], [[[-48.247354, -21.807107], [-48.247993, -21.806494], [-48.247612, -21.806063], [-48.246653, -21.808168], [-48.247075, -21.807664], [-48.247258, -21.807566], [-48.247354, -21.807107]]], [[[-48.257077, -21.799691], [-48.253772, -21.800448], [-48.252905, -21.800462], [-48.252167, -21.800361], [-48.252159, -21.800812], [-48.25514, -21.800621], [-48.257008, -21.800146], [-48.257838, -21.799813], [-48.257741, -21.799712], [-48.257077, -21.799691]]], [[[-48.252533, -21.780049], [-48.253153, -21.779977], [-48.253211, -21.77983], [-48.253136, -21.779573], [-48.252333, -21.779198], [-48.251864, -21.77888], [-48.251324, -21.7784], [-48.250843, -21.777695], [-48.248764, -21.776112], [-48.248804, -21.776312], [-48.248941, -21.776477], [-48.249908, -21.777089], [-48.249922, -21.777299], [-48.249558, -21.777524], [-48.250407, -21.778121], [-48.250837, -21.77901], [-48.25106, -21.779297], [-48.251847, -21.779884], [-48.252533, -21.780049]]], [[[-48.242132, -21.774483], [-48.242786, -21.774782], [-48.243078, -21.774663], [-48.24362, -21.774787], [-48.243795, -21.77504], [-48.244291, -21.774876], [-48.244638, -21.775084], [-48.2454, -21.775277], [-48.246052, -21.775583], [-48.246252, -21.775372], [-48.247009, -21.77527], [-48.247667, -21.775326], [-48.247745, -21.775196], [-48.247735, -21.775031], [-48.247579, -21.774898], [-48.246732, -21.775015], [-48.245045, -21.774934], [-48.242467, -21.774012], [-48.240688, -21.773901], [-48.241098, -21.774137], [-48.24182, -21.774434], [-48.242132, -21.774483]]], [[[-48.234114, -21.766606], [-48.234326, -21.766971], [-48.234863, -21.767187], [-48.235793, -21.76741], [-48.236214, -21.767679], [-48.236887, -21.767935], [-48.237377, -21.768026], [-48.23824, -21.767992], [-48.2382, -21.76754], [-48.237884, -21.76773], [-48.237088, -21.767636], [-48.234701, -21.766537], [-48.234272, -21.766494], [-48.234114, -21.766606]]], [[[-48.239186, -21.764452], [-48.23914, -21.763965], [-48.23952, -21.762562], [-48.239367, -21.762143], [-48.239436, -21.762622], [-48.239079, -21.763502], [-48.238978, -21.764755], [-48.239186, -21.764452]]], [[[-48.230317, -21.75668], [-48.230375, -21.75692], [-48.230555, -21.75706], [-48.231347, -21.757365], [-48.232189, -21.757563], [-48.234156, -21.757739], [-48.235267, -21.757703], [-48.236357, -21.75785], [-48.236036, -21.757491], [-48.235977, -21.757313], [-48.236486, -21.757327], [-48.236855, -21.757046], [-48.236602, -21.756984], [-48.235849, -21.75718], [-48.235379, -21.757202], [-48.234198, -21.757107], [-48.230946, -21.756344], [-48.230453, -21.756392], [-48.230317, -21.75668]]], [[[-48.244104, -21.755267], [-48.243809, -21.755459], [-48.243239, -21.755371], [-48.242895, -21.755413], [-48.242504, -21.755603], [-48.242337, -21.755874], [-48.242705, -21.755685], [-48.243133, -21.755644], [-48.244186, -21.755948], [-48.244805, -21.756215], [-48.247688, -21.757951], [-48.248958, -21.758412], [-48.250466, -21.759165], [-48.251498, -21.759835], [-48.252115, -21.760082], [-48.252319, -21.760115], [-48.252422, -21.760034], [-48.252367, -21.759793], [-48.251142, -21.758612], [-48.249653, -21.758064], [-48.248255, -21.757238], [-48.247589, -21.756592], [-48.246161, -21.755928], [-48.245736, -21.755625], [-48.245004, -21.754624], [-48.244914, -21.754226], [-48.245035, -21.753752], [-48.244818, -21.753864], [-48.244514, -21.754182], [-48.244543, -21.754701], [-48.244178, -21.754962], [-48.244104, -21.755267]], [[-48.247557, -21.757275], [-48.246591, -21.757151], [-48.247065, -21.756627], [-48.247625, -21.757219], [-48.247557, -21.757275]], [[-48.245863, -21.756594], [-48.245659, -21.756459], [-48.245992, -21.756108], [-48.24623, -21.756288], [-48.246416, -21.756624], [-48.245863, -21.756594]], [[-48.245125, -21.755242], [-48.245655, -21.756095], [-48.245597, -21.756152], [-48.244929, -21.755902], [-48.244462, -21.755869], [-48.245125, -21.755242]]], [[[-48.240731, -21.752577], [-48.240685, -21.751975], [-48.240483, -21.751781], [-48.240336, -21.754396], [-48.240675, -21.753479], [-48.240731, -21.752577]]], [[[-48.239842, -21.749919], [-48.239164, -21.748766], [-48.239302, -21.748182], [-48.238896, -21.747933], [-48.238808, -21.747678], [-48.239008, -21.746489], [-48.238844, -21.745969], [-48.239259, -21.745453], [-48.239305, -21.745129], [-48.239183, -21.745096], [-48.239163, -21.745013], [-48.239202, -21.744486], [-48.238894, -21.743901], [-48.238357, -21.745834], [-48.23856, -21.747639], [-48.238779, -21.748627], [-48.239842, -21.749919]]], [[[-48.240001, -21.744145], [-48.239953, -21.744099], [-48.239954, -21.744142], [-48.240001, -21.744145]]], [[[-48.266863, -21.737303], [-48.266537, -21.737117], [-48.266205, -21.737218], [-48.265174, -21.73808], [-48.262733, -21.739555], [-48.262412, -21.739618], [-48.262581, -21.739696], [-48.261784, -21.740425], [-48.261243, -21.741267], [-48.259621, -21.742875], [-48.258455, -21.744231], [-48.257292, -21.744841], [-48.255707, -21.745864], [-48.25475, -21.746244], [-48.253775, -21.746405], [-48.253723, -21.746671], [-48.253215, -21.747079], [-48.252929, -21.74709], [-48.252681, -21.746956], [-48.251974, -21.747142], [-48.252091, -21.747205], [-48.252979, -21.747234], [-48.255009, -21.746998], [-48.255979, -21.746723], [-48.256809, -21.74636], [-48.257506, -21.745918], [-48.258754, -21.744997], [-48.259954, -21.743468], [-48.261011, -21.742338], [-48.263364, -21.740772], [-48.26441, -21.739885], [-48.264883, -21.739667], [-48.26433, -21.739141], [-48.264147, -21.738781], [-48.264619, -21.738646], [-48.265392, -21.738249], [-48.265614, -21.738393], [-48.265545, -21.738741], [-48.264934, -21.739643], [-48.265867, -21.738476], [-48.266484, -21.737897], [-48.266845, -21.737668], [-48.266863, -21.737303]], [[-48.263343, -21.740693], [-48.262667, -21.739939], [-48.264108, -21.73913], [-48.26454, -21.739574], [-48.263343, -21.740693]]], [[[-48.238996, -21.73912], [-48.239081, -21.739209], [-48.239757, -21.739221], [-48.238503, -21.736582], [-48.238439, -21.736783], [-48.238611, -21.737223], [-48.238594, -21.737713], [-48.238878, -21.738514], [-48.238996, -21.73912]]], [[[-48.237538, -21.735414], [-48.237808, -21.735421], [-48.237926, -21.735507], [-48.238077, -21.736058], [-48.238217, -21.736266], [-48.238363, -21.736309], [-48.237381, -21.734111], [-48.237263, -21.733682], [-48.236773, -21.733812], [-48.236761, -21.733893], [-48.237298, -21.73465], [-48.237357, -21.735275], [-48.237538, -21.735414]]], [[[-48.22544, -21.731114], [-48.225344, -21.731304], [-48.225438, -21.731594], [-48.22641, -21.732299], [-48.227216, -21.73369], [-48.227561, -21.734023], [-48.228572, -21.734528], [-48.229601, -21.734823], [-48.230553, -21.734859], [-48.231837, -21.734375], [-48.232649, -21.734249], [-48.234394, -21.734166], [-48.234383, -21.73403], [-48.234246, -21.734005], [-48.232698, -21.733925], [-48.232384, -21.733662], [-48.232443, -21.733544], [-48.232938, -21.733338], [-48.234409, -21.733019], [-48.23452, -21.732679], [-48.234015, -21.73262], [-48.23347, -21.732678], [-48.231416, -21.733205], [-48.230093, -21.73328], [-48.229323, -21.733165], [-48.228696, -21.732929], [-48.22592, -21.731088], [-48.22544, -21.731114]]], [[[-48.236651, -21.733096], [-48.236706, -21.733213], [-48.237258, -21.733492], [-48.237228, -21.732981], [-48.237728, -21.731649], [-48.237469, -21.731966], [-48.237083, -21.73205], [-48.236651, -21.733096]]], [[[-48.235295, -21.733315], [-48.235854, -21.733276], [-48.236288, -21.732506], [-48.236668, -21.732115], [-48.236955, -21.731569], [-48.237218, -21.731346], [-48.237256, -21.731046], [-48.237066, -21.730871], [-48.236607, -21.731492], [-48.236326, -21.732174], [-48.235932, -21.732629], [-48.235493, -21.732807], [-48.234952, -21.732822], [-48.234836, -21.73323], [-48.234891, -21.733451], [-48.235295, -21.733315]]], [[[-48.253157, -21.731629], [-48.253684, -21.73003], [-48.254455, -21.728542], [-48.255297, -21.727508], [-48.255775, -21.726673], [-48.255947, -21.726263], [-48.256283, -21.724226], [-48.256496, -21.723822], [-48.256902, -21.72332], [-48.257404, -21.722921], [-48.258897, -21.722116], [-48.260187, -21.721865], [-48.261037, -21.721541], [-48.263018, -21.720314], [-48.264518, -21.719951], [-48.266206, -21.719352], [-48.266384, -21.719119], [-48.266377, -21.718868], [-48.266116, -21.718701], [-48.265861, -21.718703], [-48.265494, -21.718799], [-48.264458, -21.719295], [-48.261803, -21.719975], [-48.260021, -21.720897], [-48.258529, -21.721179], [-48.257736, -21.721111], [-48.257387, -21.72094], [-48.2572, -21.720586], [-48.255935, -21.714843], [-48.255891, -21.714787], [-48.255679, -21.71483], [-48.255605, -21.716205], [-48.255986, -21.717507], [-48.256465, -21.720112], [-48.256543, -21.721224], [-48.256421, -21.721839], [-48.256219, -21.7223], [-48.255568, -21.723187], [-48.254424, -21.725959], [-48.254001, -21.726776], [-48.253824, -21.727545], [-48.253592, -21.727962], [-48.253102, -21.728561], [-48.252104, -21.729609], [-48.251878, -21.730104], [-48.251551, -21.731211], [-48.25137, -21.732193], [-48.251472, -21.733466], [-48.251801, -21.734314], [-48.25163, -21.736841], [-48.251862, -21.738355], [-48.251635, -21.739388], [-48.25146, -21.739442], [-48.251664, -21.739452], [-48.252034, -21.738748], [-48.252369, -21.738565], [-48.252576, -21.738274], [-48.252772, -21.738219], [-48.252882, -21.737459], [-48.253155, -21.736989], [-48.253275, -21.735877], [-48.253062, -21.73214], [-48.253157, -21.731629]], [[-48.253047, -21.737107], [-48.25295, -21.737171], [-48.252543, -21.73716], [-48.252589, -21.737316], [-48.252311, -21.737365], [-48.251854, -21.736978], [-48.251865, -21.736444], [-48.252212, -21.734515], [-48.252115, -21.733729], [-48.252164, -21.732948], [-48.252273, -21.732402], [-48.252751, -21.732269], [-48.252736, -21.732864], [-48.252916, -21.734298], [-48.253047, -21.737107]]], [[[-48.249151, -21.713938], [-48.249341, -21.712228], [-48.249045, -21.709724], [-48.249123, -21.709168], [-48.249958, -21.706745], [-48.250585, -21.70428], [-48.251058, -21.703527], [-48.252429, -21.70214], [-48.252956, -21.701217], [-48.253256, -21.700331], [-48.25378, -21.698265], [-48.253877, -21.696933], [-48.254173, -21.695137], [-48.25445, -21.69417], [-48.254461, -21.693829], [-48.254351, -21.69355], [-48.254082, -21.693624], [-48.253836, -21.694219], [-48.253622, -21.695116], [-48.253016, -21.696872], [-48.252656, -21.699777], [-48.252475, -21.700459], [-48.252149, -21.701197], [-48.251183, -21.702383], [-48.250302, -21.70309], [-48.249748, -21.703311], [-48.249174, -21.703237], [-48.248252, -21.702887], [-48.244126, -21.700384], [-48.243895, -21.70014], [-48.242, -21.697289], [-48.241526, -21.696877], [-48.240852, -21.69659], [-48.240112, -21.696421], [-48.23958, -21.69648], [-48.239446, -21.696584], [-48.239439, -21.696756], [-48.239544, -21.696873], [-48.240115, -21.69701], [-48.240532, -21.69721], [-48.240912, -21.697508], [-48.241523, -21.698288], [-48.241984, -21.699256], [-48.242034, -21.699746], [-48.241956, -21.700141], [-48.241798, -21.700339], [-48.241101, -21.700624], [-48.24008, -21.700874], [-48.239138, -21.700995], [-48.238308, -21.700999], [-48.237638, -21.700955], [-48.237699, -21.700808], [-48.237693, -21.700748], [-48.237173, -21.70202], [-48.23747, -21.701995], [-48.238121, -21.701758], [-48.23969, -21.701732], [-48.243001, -21.70142], [-48.243919, -21.701522], [-48.244699, -21.701796], [-48.246246, -21.702613], [-48.247438, -21.703384], [-48.248012, -21.703662], [-48.248252, -21.703874], [-48.248373, -21.704103], [-48.248532, -21.706289], [-48.248202, -21.707682], [-48.247814, -21.708651], [-48.247649, -21.709325], [-48.247685, -21.709901], [-48.248199, -21.711979], [-48.248261, -21.712556], [-48.248183, -21.713218], [-48.247943, -21.713999], [-48.246897, -21.716754], [-48.246359, -21.717613], [-48.24512, -21.719089], [-48.243952, -21.721098], [-48.243323, -21.721478], [-48.242926, -21.72153], [-48.242519, -21.721429], [-48.241425, -21.720986], [-48.239903, -21.720199], [-48.238729, -21.71977], [-48.237677, -21.719498], [-48.237122, -21.719202], [-48.235954, -21.718253], [-48.234546, -21.717298], [-48.233759, -21.716499], [-48.232903, -21.715902], [-48.232321, -21.7157], [-48.231778, -21.715676], [-48.231461, -21.715879], [-48.231657, -21.716482], [-48.232343, -21.717087], [-48.236148, -21.719551], [-48.237249, -21.719866], [-48.238684, -21.720534], [-48.239826, -21.720936], [-48.242094, -21.722108], [-48.242322, -21.722324], [-48.242415, -21.723106], [-48.242724, -21.724029], [-48.242721, -21.724386], [-48.242591, -21.724827], [-48.241962, -21.725613], [-48.239829, -21.727493], [-48.238781, -21.728302], [-48.237965, -21.729351], [-48.23869, -21.728847], [-48.239246, -21.728111], [-48.240282, -21.727403], [-48.240656, -21.727398], [-48.240701, -21.727727], [-48.242785, -21.726373], [-48.243168, -21.726032], [-48.243423, -21.725579], [-48.243696, -21.724502], [-48.243995, -21.723891], [-48.244959, -21.722724], [-48.245329, -21.721154], [-48.245532, -21.720684], [-48.245887, -21.720084], [-48.246714, -21.719256], [-48.24764, -21.717622], [-48.248289, -21.715968], [-48.249009, -21.71452], [-48.249151, -21.713938]], [[-48.244599, -21.721985], [-48.244573, -21.722528], [-48.244379, -21.723145], [-48.243681, -21.724286], [-48.243629, -21.724343], [-48.243146, -21.72416], [-48.243636, -21.723052], [-48.243641, -21.722866], [-48.243494, -21.722533], [-48.243968, -21.722312], [-48.244474, -21.721566], [-48.244618, -21.721479], [-48.244766, -21.721584], [-48.244599, -21.721985]], [[-48.233338, -21.716548], [-48.233294, -21.716919], [-48.233163, -21.717089], [-48.233021, -21.717088], [-48.232898, -21.716889], [-48.232869, -21.716561], [-48.233027, -21.716439], [-48.233338, -21.716548]]], [[[-48.237165, -21.70089], [-48.23386, -21.701228], [-48.23229, -21.701135], [-48.230619, -21.700822], [-48.230161, -21.700917], [-48.230121, -21.701052], [-48.230375, -21.701247], [-48.2312, -21.701459], [-48.236815, -21.702043], [-48.23705, -21.702028], [-48.236563, -21.701874], [-48.236258, -21.701661], [-48.235334, -21.701525], [-48.235912, -21.701266], [-48.237057, -21.701002], [-48.237475, -21.700737], [-48.237668, -21.700701], [-48.237453, -21.700734], [-48.237165, -21.70089]]], [[[-48.247596, -21.686121], [-48.247373, -21.686452], [-48.246789, -21.686924], [-48.245008, -21.68768], [-48.244006, -21.688455], [-48.243084, -21.688965], [-48.242673, -21.689389], [-48.242744, -21.689759], [-48.243117, -21.689879], [-48.243658, -21.689751], [-48.244072, -21.689506], [-48.244834, -21.688777], [-48.245765, -21.688223], [-48.246304, -21.688201], [-48.247037, -21.688308], [-48.247259, -21.688195], [-48.247409, -21.687937], [-48.247496, -21.687395], [-48.248057, -21.68665], [-48.248367, -21.686017], [-48.24891, -21.683839], [-48.249841, -21.681626], [-48.250169, -21.681248], [-48.250619, -21.680934], [-48.252235, -21.680029], [-48.252108, -21.679769], [-48.252156, -21.679547], [-48.252345, -21.679309], [-48.251528, -21.679738], [-48.249656, -21.680485], [-48.24686, -21.679975], [-48.243962, -21.679069], [-48.243593, -21.679121], [-48.243586, -21.679364], [-48.243888, -21.679656], [-48.244389, -21.679939], [-48.245724, -21.680411], [-48.24626, -21.680794], [-48.246608, -21.68094], [-48.249078, -21.681004], [-48.248911, -21.68117], [-48.247867, -21.681175], [-48.248721, -21.681507], [-48.248756, -21.681701], [-48.247596, -21.686121]]], [[[-48.258799, -21.684693], [-48.257993, -21.686262], [-48.258034, -21.68648], [-48.258143, -21.686518], [-48.258663, -21.686195], [-48.259124, -21.685699], [-48.259579, -21.684996], [-48.259744, -21.684304], [-48.259649, -21.682687], [-48.259721, -21.682042], [-48.260089, -21.680926], [-48.259726, -21.680971], [-48.259273, -21.680687], [-48.259228, -21.681226], [-48.259013, -21.681799], [-48.258882, -21.682788], [-48.258888, -21.684319], [-48.258799, -21.684693]]], [[[-48.247771, -21.681128], [-48.247867, -21.681175], [-48.247866, -21.681134], [-48.247771, -21.681128]]], [[[-48.247627, -21.681081], [-48.247771, -21.681128], [-48.247772, -21.681094], [-48.247627, -21.681081]]], [[[-48.24759, -21.681027], [-48.247482, -21.681058], [-48.247627, -21.681081], [-48.24759, -21.681027]]], [[[-48.247439, -21.681013], [-48.247365, -21.680983], [-48.247346, -21.681025], [-48.247439, -21.681013]]], [[[-48.246897, -21.681009], [-48.246841, -21.680972], [-48.246815, -21.681016], [-48.246897, -21.681009]]], [[[-48.221283, -21.674995], [-48.221558, -21.67512], [-48.222116, -21.676459], [-48.222349, -21.676771], [-48.22278, -21.677108], [-48.223504, -21.677499], [-48.225229, -21.678915], [-48.225472, -21.679246], [-48.225731, -21.679864], [-48.225748, -21.680591], [-48.224927, -21.682647], [-48.224321, -21.683764], [-48.224083, -21.684059], [-48.220766, -21.685663], [-48.220395, -21.686049], [-48.220271, -21.686502], [-48.220398, -21.686908], [-48.220621, -21.686924], [-48.220764, -21.686822], [-48.221016, -21.686244], [-48.221229, -21.686084], [-48.222243, -21.685633], [-48.223651, -21.684779], [-48.224135, -21.684599], [-48.224668, -21.684654], [-48.224997, -21.68501], [-48.225212, -21.685541], [-48.225694, -21.688862], [-48.225978, -21.689076], [-48.226171, -21.688954], [-48.226253, -21.688841], [-48.226266, -21.68852], [-48.226184, -21.687381], [-48.225965, -21.686326], [-48.225884, -21.684422], [-48.226067, -21.683251], [-48.226854, -21.681206], [-48.227238, -21.680914], [-48.227585, -21.680831], [-48.228185, -21.680889], [-48.229276, -21.681452], [-48.231191, -21.683364], [-48.232569, -21.684461], [-48.233046, -21.684649], [-48.233337, -21.684614], [-48.233468, -21.684578], [-48.233774, -21.684254], [-48.234021, -21.68382], [-48.233966, -21.683163], [-48.233468, -21.682868], [-48.232167, -21.682473], [-48.230962, -21.681619], [-48.230012, -21.680651], [-48.228857, -21.678949], [-48.22854, -21.678844], [-48.226998, -21.678777], [-48.22608, -21.678514], [-48.225267, -21.678015], [-48.224487, -21.677292], [-48.222982, -21.675695], [-48.222566, -21.675139], [-48.222722, -21.675028], [-48.222418, -21.67486], [-48.221624, -21.672892], [-48.220816, -21.671323], [-48.22059, -21.6707], [-48.220533, -21.670933], [-48.22015, -21.670963], [-48.22056, -21.672803], [-48.221437, -21.674829], [-48.221447, -21.674927], [-48.221283, -21.674995]], [[-48.225189, -21.682623], [-48.225333, -21.682504], [-48.225434, -21.68253], [-48.226091, -21.682899], [-48.225632, -21.684587], [-48.22549, -21.684612], [-48.225225, -21.684431], [-48.225039, -21.684114], [-48.224685, -21.683995], [-48.22489, -21.68363], [-48.225189, -21.682623]], [[-48.221605, -21.673316], [-48.222229, -21.674861], [-48.222217, -21.674931], [-48.221677, -21.674693], [-48.221056, -21.673594], [-48.220895, -21.673164], [-48.221383, -21.672744], [-48.221575, -21.673068], [-48.221605, -21.673316]]], [[[-48.255425, -21.668489], [-48.255425, -21.668155], [-48.25503, -21.667966], [-48.254868, -21.668024], [-48.254506, -21.66859], [-48.254372, -21.669407], [-48.253726, -21.670279], [-48.252799, -21.672453], [-48.251848, -21.674316], [-48.251236, -21.673411], [-48.24941, -21.672404], [-48.248971, -21.672057], [-48.248556, -21.671918], [-48.248271, -21.671959], [-48.248145, -21.672308], [-48.248271, -21.672686], [-48.250005, -21.673574], [-48.250427, -21.673892], [-48.250824, -21.674592], [-48.251041, -21.675384], [-48.250926, -21.675498], [-48.251127, -21.6756], [-48.251365, -21.676051], [-48.252427, -21.677229], [-48.25248, -21.67728], [-48.252328, -21.676782], [-48.253389, -21.677634], [-48.253869, -21.677889], [-48.253588, -21.677503], [-48.253323, -21.676927], [-48.253056, -21.675723], [-48.252938, -21.674705], [-48.25346, -21.673292], [-48.253864, -21.672528], [-48.254053, -21.671871], [-48.254189, -21.670535], [-48.254676, -21.669453], [-48.255305, -21.668747], [-48.255425, -21.668489]], [[-48.251962, -21.675599], [-48.252126, -21.675695], [-48.252243, -21.675671], [-48.252217, -21.675843], [-48.251733, -21.676041], [-48.251724, -21.675916], [-48.251962, -21.675599]]], [[[-48.239104, -21.668322], [-48.240182, -21.668337], [-48.241433, -21.667969], [-48.242035, -21.667679], [-48.242155, -21.66726], [-48.242065, -21.66717], [-48.241329, -21.667393], [-48.238516, -21.667746], [-48.236978, -21.667849], [-48.233929, -21.667828], [-48.233185, -21.667714], [-48.232654, -21.667536], [-48.230962, -21.666549], [-48.230595, -21.666168], [-48.23053, -21.665586], [-48.231696, -21.663661], [-48.232384, -21.663248], [-48.232399, -21.663], [-48.23233, -21.662932], [-48.232025, -21.662893], [-48.231656, -21.663121], [-48.231017, -21.663958], [-48.23036, -21.664659], [-48.229869, -21.665746], [-48.229542, -21.665945], [-48.229081, -21.666058], [-48.229189, -21.66639], [-48.229208, -21.666963], [-48.23007, -21.667155], [-48.231908, -21.667925], [-48.232658, -21.668118], [-48.233939, -21.66836], [-48.235007, -21.66846], [-48.23671, -21.66839], [-48.238481, -21.668451], [-48.239104, -21.668322]]], [[[-48.244689, -21.656256], [-48.244624, -21.656869], [-48.244727, -21.657078], [-48.244896, -21.657169], [-48.245579, -21.65699], [-48.246522, -21.657024], [-48.246795, -21.656938], [-48.246914, -21.656759], [-48.24689, -21.656366], [-48.246424, -21.655611], [-48.246425, -21.65359], [-48.246528, -21.652183], [-48.247404, -21.650243], [-48.248049, -21.649312], [-48.248334, -21.649131], [-48.248368, -21.649034], [-48.247133, -21.649965], [-48.246907, -21.649806], [-48.247155, -21.649327], [-48.247209, -21.64881], [-48.247462, -21.648421], [-48.248376, -21.648971], [-48.248335, -21.648865], [-48.249368, -21.646484], [-48.249687, -21.646166], [-48.250396, -21.645994], [-48.251167, -21.64616], [-48.251812, -21.646489], [-48.252734, -21.647263], [-48.253795, -21.648333], [-48.254332, -21.649168], [-48.254959, -21.650671], [-48.255089, -21.651397], [-48.255851, -21.653417], [-48.256532, -21.654589], [-48.256595, -21.655232], [-48.256373, -21.656278], [-48.256376, -21.65661], [-48.256488, -21.656788], [-48.256954, -21.65673], [-48.257225, -21.656355], [-48.257455, -21.656212], [-48.258258, -21.656127], [-48.258876, -21.655893], [-48.258972, -21.655436], [-48.258892, -21.655118], [-48.257214, -21.653602], [-48.25656, -21.652657], [-48.255941, -21.651317], [-48.255637, -21.649927], [-48.255749, -21.649443], [-48.25615, -21.648918], [-48.256583, -21.648758], [-48.257758, -21.648778], [-48.259788, -21.649551], [-48.260955, -21.650612], [-48.261335, -21.650856], [-48.261712, -21.650846], [-48.261789, -21.650386], [-48.261255, -21.649802], [-48.25958, -21.648333], [-48.258714, -21.648286], [-48.25785, -21.648014], [-48.256977, -21.648148], [-48.255299, -21.647963], [-48.254624, -21.647715], [-48.250194, -21.644825], [-48.24971, -21.644342], [-48.249304, -21.643299], [-48.249285, -21.641164], [-48.249471, -21.639149], [-48.250072, -21.637226], [-48.25053, -21.634601], [-48.25088, -21.633626], [-48.25145, -21.633099], [-48.251966, -21.632951], [-48.252548, -21.632976], [-48.253172, -21.633214], [-48.254555, -21.634273], [-48.255755, -21.635366], [-48.257727, -21.637391], [-48.258081, -21.637831], [-48.258697, -21.638912], [-48.259508, -21.639743], [-48.260129, -21.640239], [-48.260685, -21.64054], [-48.261593, -21.64086], [-48.264001, -21.641396], [-48.265457, -21.641677], [-48.266211, -21.641732], [-48.26676, -21.641658], [-48.267008, -21.641454], [-48.267086, -21.641105], [-48.266897, -21.640713], [-48.264644, -21.639079], [-48.263699, -21.638598], [-48.260884, -21.637429], [-48.25983, -21.63674], [-48.259018, -21.635994], [-48.258419, -21.63496], [-48.258226, -21.634318], [-48.258331, -21.633704], [-48.258863, -21.632695], [-48.259644, -21.632016], [-48.260428, -21.631641], [-48.261666, -21.631265], [-48.26264, -21.631301], [-48.263271, -21.631441], [-48.263779, -21.631673], [-48.264582, -21.632202], [-48.265373, -21.632919], [-48.26574, -21.633037], [-48.26598, -21.632975], [-48.266078, -21.632735], [-48.265795, -21.632109], [-48.265326, -21.631646], [-48.264878, -21.631328], [-48.262916, -21.630375], [-48.261691, -21.630118], [-48.259464, -21.630026], [-48.258755, -21.630123], [-48.257212, -21.630499], [-48.254885, -21.631451], [-48.253891, -21.631963], [-48.253482, -21.632024], [-48.25409, -21.632404], [-48.254049, -21.632643], [-48.253813, -21.632772], [-48.253217, -21.63262], [-48.252926, -21.632436], [-48.252626, -21.632432], [-48.252301, -21.632142], [-48.251174, -21.631677], [-48.250859, -21.631444], [-48.250659, -21.631421], [-48.250208, -21.631878], [-48.250023, -21.632332], [-48.250026, -21.632521], [-48.250303, -21.632673], [-48.250493, -21.632943], [-48.250272, -21.633205], [-48.250167, -21.633646], [-48.249666, -21.633696], [-48.249505, -21.634231], [-48.249464, -21.635794], [-48.249142, -21.637205], [-48.24858, -21.638934], [-48.248335, -21.640899], [-48.248094, -21.6416], [-48.247813, -21.64205], [-48.247429, -21.642452], [-48.245747, -21.643055], [-48.244844, -21.643503], [-48.243772, -21.643747], [-48.243251, -21.643834], [-48.242733, -21.643791], [-48.242059, -21.643521], [-48.241912, -21.643536], [-48.241747, -21.643635], [-48.241558, -21.644281], [-48.241343, -21.644439], [-48.240816, -21.644429], [-48.238809, -21.643891], [-48.238344, -21.643709], [-48.237867, -21.643352], [-48.236595, -21.643008], [-48.235971, -21.642986], [-48.234589, -21.643105], [-48.233651, -21.643018], [-48.232375, -21.643125], [-48.232229, -21.643218], [-48.232246, -21.643408], [-48.232351, -21.64349], [-48.232677, -21.643544], [-48.233932, -21.643465], [-48.235691, -21.64394], [-48.236647, -21.64437], [-48.237429, -21.644287], [-48.238465, -21.644871], [-48.238583, -21.644798], [-48.238702, -21.644444], [-48.23915, -21.644444], [-48.239581, -21.644548], [-48.240037, -21.644823], [-48.240353, -21.645251], [-48.240348, -21.645651], [-48.239843, -21.646363], [-48.238659, -21.647122], [-48.237924, -21.647797], [-48.236881, -21.64809], [-48.236382, -21.648365], [-48.236199, -21.648681], [-48.236016, -21.649286], [-48.235063, -21.650823], [-48.235147, -21.651188], [-48.235575, -21.651138], [-48.236015, -21.650767], [-48.236512, -21.649957], [-48.237461, -21.648959], [-48.239267, -21.647994], [-48.240559, -21.646704], [-48.24114, -21.646232], [-48.241929, -21.645752], [-48.244314, -21.644553], [-48.245896, -21.644003], [-48.24707, -21.643817], [-48.247598, -21.643813], [-48.248058, -21.643918], [-48.248438, -21.644143], [-48.248896, -21.644876], [-48.249, -21.645267], [-48.24875, -21.646512], [-48.248555, -21.646999], [-48.247415, -21.648458], [-48.246556, -21.649808], [-48.246274, -21.650601], [-48.245725, -21.653028], [-48.245545, -21.65491], [-48.244864, -21.655887], [-48.244689, -21.656256]]], [[[-48.248196, -21.627992], [-48.248313, -21.628191], [-48.248814, -21.627993], [-48.249068, -21.628024], [-48.248569, -21.627174], [-48.248101, -21.626774], [-48.247743, -21.626603], [-48.248463, -21.62751], [-48.248463, -21.627675], [-48.248196, -21.627992]]], [[[-48.241383, -21.624345], [-48.241336, -21.624644], [-48.2415, -21.624828], [-48.242677, -21.62498], [-48.243502, -21.625273], [-48.244669, -21.62583], [-48.244388, -21.625079], [-48.244322, -21.624586], [-48.244237, -21.624555], [-48.24396, -21.624677], [-48.24385, -21.624495], [-48.243588, -21.62432], [-48.243836, -21.62392], [-48.243491, -21.623406], [-48.243291, -21.6234], [-48.242519, -21.623858], [-48.242245, -21.623804], [-48.241383, -21.624345]]], [[[-48.243128, -21.621378], [-48.243583, -21.621975], [-48.24363, -21.620841], [-48.243543, -21.620293], [-48.243381, -21.619896], [-48.243224, -21.620028], [-48.24312, -21.620358], [-48.243405, -21.621002], [-48.2432, -21.621168], [-48.243128, -21.621378]]], [[[-48.258071, -21.61442], [-48.258543, -21.614873], [-48.258746, -21.614874], [-48.258747, -21.614664], [-48.258506, -21.614417], [-48.257717, -21.614018], [-48.257326, -21.613651], [-48.256899, -21.613483], [-48.256501, -21.612982], [-48.256274, -21.612827], [-48.25519, -21.61258], [-48.253312, -21.611677], [-48.252167, -21.610685], [-48.25113, -21.60961], [-48.250919, -21.609278], [-48.250433, -21.609496], [-48.251565, -21.611052], [-48.252281, -21.611476], [-48.252906, -21.611969], [-48.254178, -21.612644], [-48.256827, -21.613742], [-48.257412, -21.614165], [-48.258071, -21.61442]]], [[[-48.250343, -21.603643], [-48.250103, -21.603911], [-48.249242, -21.603951], [-48.248062, -21.604419], [-48.246902, -21.604692], [-48.246602, -21.604956], [-48.246646, -21.605321], [-48.247372, -21.605271], [-48.247659, -21.605127], [-48.248255, -21.605243], [-48.248909, -21.605814], [-48.249012, -21.60539], [-48.249223, -21.605012], [-48.249655, -21.604691], [-48.250673, -21.604299], [-48.251019, -21.604057], [-48.251795, -21.603786], [-48.251236, -21.603659], [-48.250915, -21.603834], [-48.250343, -21.603643]]], [[[-48.254864, -21.600062], [-48.254611, -21.600357], [-48.254359, -21.601651], [-48.254036, -21.60203], [-48.253938, -21.602378], [-48.253162, -21.602479], [-48.252076, -21.602936], [-48.251926, -21.603242], [-48.25199, -21.603699], [-48.253217, -21.603196], [-48.254145, -21.602581], [-48.255285, -21.601375], [-48.255864, -21.600468], [-48.255739, -21.600018], [-48.255513, -21.599773], [-48.255236, -21.599825], [-48.254864, -21.600062]]], [[[-48.229163, -21.599125], [-48.229289, -21.599706], [-48.229713, -21.600292], [-48.22945, -21.600524], [-48.229663, -21.601307], [-48.229969, -21.601686], [-48.230026, -21.601916], [-48.230658, -21.602586], [-48.231522, -21.602759], [-48.232212, -21.602548], [-48.232726, -21.602832], [-48.233566, -21.603016], [-48.234171, -21.602934], [-48.234415, -21.603258], [-48.234955, -21.603318], [-48.235299, -21.603102], [-48.235526, -21.603318], [-48.236088, -21.603487], [-48.236935, -21.603296], [-48.23734, -21.603119], [-48.237379, -21.603005], [-48.236694, -21.60289], [-48.234581, -21.602735], [-48.231668, -21.602052], [-48.231293, -21.601811], [-48.230144, -21.600435], [-48.229896, -21.599761], [-48.230017, -21.599272], [-48.229796, -21.599295], [-48.22961, -21.599492], [-48.229163, -21.599125]]], [[[-48.232224, -21.597413], [-48.233934, -21.596078], [-48.234482, -21.595503], [-48.235059, -21.594725], [-48.236801, -21.592886], [-48.237692, -21.592224], [-48.238725, -21.591978], [-48.238892, -21.591745], [-48.23877, -21.591494], [-48.238449, -21.591272], [-48.237747, -21.5913], [-48.237034, -21.591498], [-48.236819, -21.591665], [-48.236526, -21.592374], [-48.236296, -21.592582], [-48.235725, -21.592883], [-48.235228, -21.593918], [-48.232514, -21.596385], [-48.232487, -21.596929], [-48.232066, -21.596974], [-48.232224, -21.597413]]], [[[-48.25591, -21.592905], [-48.254285, -21.589594], [-48.25399, -21.58849], [-48.253565, -21.587916], [-48.252974, -21.587478], [-48.251959, -21.586351], [-48.251556, -21.586085], [-48.251372, -21.586132], [-48.251335, -21.586357], [-48.251681, -21.587614], [-48.25168, -21.587927], [-48.251577, -21.588191], [-48.251301, -21.588524], [-48.25041, -21.589207], [-48.250318, -21.589381], [-48.250362, -21.589504], [-48.250556, -21.589614], [-48.252162, -21.589688], [-48.253062, -21.589839], [-48.253523, -21.590017], [-48.254034, -21.590384], [-48.254688, -21.591606], [-48.25522, -21.592874], [-48.255537, -21.593874], [-48.25586, -21.595548], [-48.256533, -21.595694], [-48.256303, -21.594872], [-48.256153, -21.593678], [-48.25591, -21.592905]]], [[[-48.238547, -21.562375], [-48.237904, -21.563105], [-48.238656, -21.56458], [-48.23932, -21.566487], [-48.240228, -21.571403], [-48.240627, -21.572557], [-48.241713, -21.573755], [-48.241935, -21.574234], [-48.241916, -21.57556], [-48.241982, -21.575924], [-48.242309, -21.576189], [-48.24256, -21.576151], [-48.242775, -21.57589], [-48.243123, -21.574942], [-48.243741, -21.574476], [-48.2439, -21.574273], [-48.24389, -21.573878], [-48.243729, -21.573698], [-48.242933, -21.573384], [-48.241958, -21.57261], [-48.241466, -21.571996], [-48.240449, -21.567304], [-48.239771, -21.564592], [-48.238547, -21.562375]]], [[[-48.261972, -21.563782], [-48.261134, -21.564433], [-48.26047, -21.564776], [-48.260052, -21.565147], [-48.259411, -21.565979], [-48.259251, -21.566314], [-48.259302, -21.566738], [-48.259466, -21.56693], [-48.259701, -21.5669], [-48.260669, -21.565575], [-48.261759, -21.564656], [-48.262759, -21.563928], [-48.264094, -21.563184], [-48.263783, -21.562914], [-48.263136, -21.5632], [-48.262985, -21.563166], [-48.261972, -21.563782]]], [[[-48.255135, -21.557564], [-48.255415, -21.557366], [-48.257788, -21.554711], [-48.258916, -21.553711], [-48.258838, -21.553036], [-48.256699, -21.554851], [-48.255755, -21.556033], [-48.254666, -21.557072], [-48.25454, -21.557389], [-48.254607, -21.557562], [-48.255135, -21.557564]]], [[[-48.249975, -21.551557], [-48.250269, -21.551552], [-48.251249, -21.551267], [-48.253005, -21.550508], [-48.254296, -21.549696], [-48.255972, -21.549115], [-48.256833, -21.549027], [-48.256814, -21.548956], [-48.256653, -21.548825], [-48.256286, -21.548795], [-48.256119, -21.548519], [-48.254681, -21.548729], [-48.250168, -21.550979], [-48.249834, -21.551344], [-48.249975, -21.551557]]], [[[-48.186457, -21.936902], [-48.186396, -21.937057], [-48.18642, -21.937971], [-48.186593, -21.938315], [-48.187336, -21.939455], [-48.187382, -21.939156], [-48.187568, -21.939049], [-48.187968, -21.939331], [-48.187233, -21.938237], [-48.18698, -21.937647], [-48.186833, -21.936967], [-48.18669, -21.936845], [-48.186457, -21.936902]]], [[[-48.194753, -21.928594], [-48.193248, -21.927721], [-48.192869, -21.927706], [-48.192788, -21.927833], [-48.193133, -21.92824], [-48.193129, -21.928471], [-48.192504, -21.928826], [-48.191965, -21.92925], [-48.191553, -21.929258], [-48.191454, -21.929326], [-48.191504, -21.929605], [-48.191937, -21.92964], [-48.193294, -21.929031], [-48.193937, -21.929027], [-48.194229, -21.929128], [-48.194322, -21.929299], [-48.194223, -21.929625], [-48.193683, -21.930062], [-48.192465, -21.930409], [-48.191653, -21.930944], [-48.191659, -21.931093], [-48.192025, -21.931113], [-48.192701, -21.930729], [-48.193691, -21.93035], [-48.194771, -21.929501], [-48.195519, -21.929181], [-48.196538, -21.928558], [-48.197238, -21.92789], [-48.196798, -21.927814], [-48.196506, -21.927316], [-48.196497, -21.926838], [-48.196343, -21.926701], [-48.195929, -21.927975], [-48.195478, -21.928434], [-48.195073, -21.928588], [-48.194753, -21.928594]]], [[[-48.207368, -21.91887], [-48.20715, -21.918822], [-48.206887, -21.91894], [-48.206774, -21.919145], [-48.206767, -21.919461], [-48.207333, -21.921008], [-48.208406, -21.923251], [-48.208617, -21.923019], [-48.209137, -21.922992], [-48.208301, -21.921538], [-48.20829, -21.921051], [-48.208458, -21.920357], [-48.208382, -21.920005], [-48.207942, -21.919313], [-48.207368, -21.91887]]], [[[-48.223245, -21.918853], [-48.222578, -21.918248], [-48.221807, -21.917079], [-48.220938, -21.91561], [-48.220762, -21.914877], [-48.220321, -21.914059], [-48.220024, -21.913823], [-48.219621, -21.913793], [-48.21969, -21.914075], [-48.220098, -21.914557], [-48.220072, -21.915416], [-48.220209, -21.915778], [-48.220972, -21.916614], [-48.221601, -21.917514], [-48.222006, -21.918227], [-48.222273, -21.919108], [-48.222756, -21.918874], [-48.223245, -21.918853]]], [[[-48.174966, -21.877637], [-48.175692, -21.877804], [-48.176163, -21.878063], [-48.176458, -21.877797], [-48.175839, -21.877489], [-48.175211, -21.877312], [-48.174909, -21.877428], [-48.174966, -21.877637]]], [[[-48.178997, -21.873707], [-48.179321, -21.873922], [-48.179477, -21.874283], [-48.179828, -21.874015], [-48.180063, -21.873977], [-48.179263, -21.872683], [-48.179123, -21.872674], [-48.179057, -21.872751], [-48.179127, -21.873265], [-48.178997, -21.873707]]], [[[-48.193244, -21.864537], [-48.193649, -21.864228], [-48.193761, -21.864227], [-48.194367, -21.864927], [-48.195408, -21.865709], [-48.195219, -21.865343], [-48.194917, -21.865106], [-48.194501, -21.864467], [-48.1938, -21.863965], [-48.19328, -21.863795], [-48.192938, -21.863163], [-48.193047, -21.86293], [-48.193362, -21.862842], [-48.192694, -21.862835], [-48.193483, -21.862843], [-48.193534, -21.863072], [-48.19424, -21.863694], [-48.194693, -21.863958], [-48.195362, -21.864207], [-48.196075, -21.864833], [-48.196438, -21.864959], [-48.196365, -21.864799], [-48.195657, -21.864092], [-48.194293, -21.86353], [-48.193973, -21.863321], [-48.193482, -21.862833], [-48.193044, -21.861833], [-48.192574, -21.861441], [-48.192314, -21.861071], [-48.192364, -21.860692], [-48.192831, -21.860271], [-48.192892, -21.860034], [-48.192771, -21.859842], [-48.192022, -21.859507], [-48.191476, -21.859142], [-48.191154, -21.859106], [-48.191058, -21.85925], [-48.191076, -21.859785], [-48.190868, -21.860003], [-48.190669, -21.860063], [-48.189836, -21.859954], [-48.189097, -21.860006], [-48.188411, -21.860348], [-48.188297, -21.860558], [-48.188334, -21.860723], [-48.188663, -21.860959], [-48.189419, -21.861063], [-48.190373, -21.860881], [-48.190915, -21.860858], [-48.191376, -21.860995], [-48.191626, -21.861534], [-48.192138, -21.861867], [-48.192813, -21.863187], [-48.193028, -21.864166], [-48.193244, -21.864537]]], [[[-48.205693, -21.85724], [-48.206561, -21.857374], [-48.207062, -21.857794], [-48.208075, -21.859121], [-48.208858, -21.860341], [-48.209062, -21.860075], [-48.209299, -21.860032], [-48.209007, -21.859664], [-48.208446, -21.858677], [-48.207824, -21.857921], [-48.20702, -21.85731], [-48.206412, -21.856978], [-48.206121, -21.856915], [-48.205713, -21.857027], [-48.205693, -21.85724]]], [[[-48.181621, -21.857674], [-48.181236, -21.857098], [-48.180967, -21.856933], [-48.180802, -21.856883], [-48.180432, -21.857068], [-48.180157, -21.856918], [-48.180585, -21.857282], [-48.182587, -21.858599], [-48.18295, -21.858695], [-48.183076, -21.858458], [-48.182882, -21.858513], [-48.182667, -21.85846], [-48.182107, -21.857938], [-48.181992, -21.857733], [-48.181621, -21.857674]]], [[[-48.179634, -21.856458], [-48.179587, -21.856412], [-48.179588, -21.856455], [-48.179634, -21.856458]]], [[[-48.178603, -21.850494], [-48.178488, -21.851297], [-48.178857, -21.851706], [-48.178564, -21.849399], [-48.178208, -21.849927], [-48.178293, -21.85011], [-48.178542, -21.850318], [-48.178603, -21.850494]]], [[[-48.213799, -21.854308], [-48.214089, -21.85563], [-48.214397, -21.856463], [-48.214623, -21.85615], [-48.214852, -21.856097], [-48.215128, -21.856159], [-48.214489, -21.853964], [-48.213871, -21.852716], [-48.213566, -21.852345], [-48.212646, -21.851806], [-48.212097, -21.851236], [-48.211659, -21.85053], [-48.211575, -21.849986], [-48.210627, -21.847929], [-48.210611, -21.845849], [-48.210541, -21.845313], [-48.210323, -21.844818], [-48.209685, -21.844213], [-48.209094, -21.843851], [-48.208, -21.84352], [-48.207669, -21.843497], [-48.20745, -21.843579], [-48.207411, -21.843846], [-48.207629, -21.84402], [-48.208562, -21.844161], [-48.209029, -21.844381], [-48.209781, -21.845378], [-48.209907, -21.845881], [-48.209744, -21.847019], [-48.20981, -21.847595], [-48.210325, -21.848866], [-48.210541, -21.849746], [-48.210944, -21.850667], [-48.211837, -21.851606], [-48.212011, -21.852202], [-48.212191, -21.852452], [-48.21349, -21.853617], [-48.213799, -21.854308]]], [[[-48.177311, -21.844626], [-48.177659, -21.844601], [-48.177713, -21.844371], [-48.177517, -21.843716], [-48.177324, -21.843375], [-48.176802, -21.843095], [-48.176882, -21.844243], [-48.177187, -21.845674], [-48.177137, -21.844727], [-48.177311, -21.844626]]], [[[-48.214573, -21.835573], [-48.214355, -21.835636], [-48.214333, -21.835911], [-48.214666, -21.836323], [-48.21543, -21.836912], [-48.216255, -21.837264], [-48.216755, -21.837377], [-48.217765, -21.837342], [-48.220366, -21.837047], [-48.221209, -21.837154], [-48.222381, -21.837156], [-48.223662, -21.837392], [-48.22344, -21.836915], [-48.223154, -21.836786], [-48.221545, -21.837046], [-48.221489, -21.836744], [-48.22175, -21.836276], [-48.221166, -21.836317], [-48.22033, -21.836521], [-48.218925, -21.836478], [-48.217627, -21.836676], [-48.217091, -21.836677], [-48.216507, -21.836599], [-48.215961, -21.836421], [-48.215238, -21.836075], [-48.214573, -21.835573]]], [[[-48.219427, -21.803875], [-48.219223, -21.803987], [-48.218423, -21.803831], [-48.218066, -21.803422], [-48.217354, -21.803615], [-48.218915, -21.804075], [-48.219523, -21.803966], [-48.219427, -21.803875]]], [[[-48.205537, -21.798575], [-48.20525, -21.79868], [-48.205198, -21.798886], [-48.205257, -21.799348], [-48.207522, -21.799702], [-48.207251, -21.799468], [-48.206713, -21.799301], [-48.206249, -21.79929], [-48.205537, -21.798575]]], [[[-48.205299, -21.797995], [-48.205917, -21.798511], [-48.206467, -21.7986], [-48.20683, -21.798983], [-48.207075, -21.79899], [-48.207379, -21.798695], [-48.207398, -21.798617], [-48.206494, -21.798452], [-48.205595, -21.797887], [-48.205042, -21.79775], [-48.203888, -21.7977], [-48.203925, -21.797919], [-48.204129, -21.798034], [-48.204524, -21.797919], [-48.205299, -21.797995]]], [[[-48.196877, -21.79376], [-48.196625, -21.792841], [-48.196443, -21.792566], [-48.196256, -21.792515], [-48.196969, -21.794579], [-48.197366, -21.795107], [-48.197408, -21.794688], [-48.197319, -21.794309], [-48.196877, -21.79376]]], [[[-48.195151, -21.78029], [-48.194833, -21.779762], [-48.194935, -21.779071], [-48.194737, -21.778679], [-48.194612, -21.782648], [-48.194923, -21.782256], [-48.194994, -21.781606], [-48.19519, -21.781126], [-48.195151, -21.78029]]], [[[-48.194096, -21.774064], [-48.193989, -21.773595], [-48.19361, -21.773316], [-48.193102, -21.772429], [-48.192829, -21.772463], [-48.193868, -21.774005], [-48.194234, -21.774743], [-48.19433, -21.77444], [-48.194096, -21.774064]]], [[[-48.190021, -21.763021], [-48.189938, -21.763271], [-48.189671, -21.763498], [-48.19, -21.763884], [-48.190154, -21.762025], [-48.190327, -21.761512], [-48.191081, -21.760196], [-48.19156, -21.758944], [-48.192107, -21.755949], [-48.192201, -21.75364], [-48.192049, -21.752538], [-48.191736, -21.751709], [-48.191297, -21.750902], [-48.190726, -21.750154], [-48.189694, -21.749107], [-48.189198, -21.74849], [-48.188783, -21.748234], [-48.188593, -21.748307], [-48.188589, -21.748671], [-48.188874, -21.749242], [-48.189641, -21.750329], [-48.19083, -21.752803], [-48.19108, -21.75421], [-48.190949, -21.755338], [-48.189616, -21.76126], [-48.189991, -21.761752], [-48.189744, -21.762169], [-48.189774, -21.762494], [-48.189963, -21.762774], [-48.190021, -21.763021]]], [[[-48.17843, -21.754061], [-48.178406, -21.753916], [-48.178103, -21.753389], [-48.177884, -21.753145], [-48.17843, -21.754061]]], [[[-48.208203, -21.7461], [-48.208339, -21.744966], [-48.208832, -21.742872], [-48.209999, -21.740353], [-48.210967, -21.738813], [-48.21115, -21.738764], [-48.211043, -21.738683], [-48.211723, -21.736914], [-48.211875, -21.735583], [-48.211546, -21.732975], [-48.211527, -21.73122], [-48.211419, -21.730134], [-48.211514, -21.729685], [-48.212311, -21.728159], [-48.21272, -21.727602], [-48.213177, -21.726505], [-48.21419, -21.725323], [-48.214802, -21.72494], [-48.215123, -21.724467], [-48.215267, -21.723613], [-48.21517, -21.72285], [-48.215181, -21.721443], [-48.21534, -21.721167], [-48.216661, -21.719654], [-48.217552, -21.718757], [-48.218301, -21.717292], [-48.218727, -21.715699], [-48.218763, -21.714845], [-48.21856, -21.714059], [-48.21782, -21.712463], [-48.217435, -21.711374], [-48.217442, -21.710193], [-48.217367, -21.709641], [-48.217121, -21.709076], [-48.216658, -21.708486], [-48.216443, -21.707967], [-48.216217, -21.706482], [-48.215938, -21.705689], [-48.215544, -21.705493], [-48.215034, -21.705603], [-48.214799, -21.705872], [-48.214654, -21.706203], [-48.214713, -21.706694], [-48.21502, -21.707419], [-48.215669, -21.710829], [-48.21629, -21.711963], [-48.216614, -21.712678], [-48.21674, -21.713155], [-48.21709, -21.715334], [-48.217094, -21.716303], [-48.216956, -21.717675], [-48.216763, -21.718201], [-48.215262, -21.72027], [-48.214809, -21.720613], [-48.214034, -21.720752], [-48.21335, -21.720635], [-48.212827, -21.720418], [-48.210796, -21.718584], [-48.2102, -21.71829], [-48.208863, -21.717878], [-48.205857, -21.716148], [-48.205272, -21.715654], [-48.204385, -21.71471], [-48.203859, -21.713876], [-48.203613, -21.713811], [-48.203413, -21.714089], [-48.203456, -21.714604], [-48.204164, -21.716044], [-48.208002, -21.718417], [-48.21028, -21.719456], [-48.212956, -21.721416], [-48.213242, -21.721795], [-48.213475, -21.722657], [-48.213287, -21.723396], [-48.212556, -21.724446], [-48.211944, -21.726373], [-48.21094, -21.728705], [-48.210629, -21.729202], [-48.21012, -21.729608], [-48.209629, -21.729572], [-48.208379, -21.729002], [-48.206937, -21.728546], [-48.206284, -21.728426], [-48.205849, -21.728115], [-48.205539, -21.727657], [-48.204919, -21.727319], [-48.203961, -21.727189], [-48.203392, -21.727277], [-48.20283, -21.727464], [-48.202577, -21.727807], [-48.202747, -21.728078], [-48.205012, -21.728799], [-48.205767, -21.729219], [-48.206562, -21.729849], [-48.207972, -21.730454], [-48.20897, -21.730676], [-48.209613, -21.730909], [-48.209953, -21.731245], [-48.210379, -21.732321], [-48.210428, -21.733558], [-48.210813, -21.735468], [-48.210693, -21.736907], [-48.209971, -21.738426], [-48.20991, -21.73869], [-48.20968, -21.738738], [-48.209842, -21.73881], [-48.209545, -21.739312], [-48.2092, -21.740202], [-48.209081, -21.740789], [-48.208192, -21.742517], [-48.20775, -21.742921], [-48.207565, -21.743251], [-48.207289, -21.745101], [-48.207053, -21.74585], [-48.206633, -21.746278], [-48.204619, -21.746872], [-48.204475, -21.747073], [-48.204642, -21.747265], [-48.20501, -21.747363], [-48.205963, -21.747122], [-48.206461, -21.747187], [-48.206789, -21.747342], [-48.207521, -21.74822], [-48.207827, -21.749009], [-48.208205, -21.74951], [-48.208359, -21.749881], [-48.208507, -21.750908], [-48.208877, -21.751832], [-48.209015, -21.752443], [-48.209367, -21.752997], [-48.210013, -21.754349], [-48.21025, -21.756148], [-48.210431, -21.756191], [-48.210682, -21.75639], [-48.210861, -21.756758], [-48.210726, -21.757607], [-48.210427, -21.757768], [-48.210354, -21.757919], [-48.210573, -21.758547], [-48.210277, -21.759046], [-48.210132, -21.759757], [-48.210711, -21.758484], [-48.210918, -21.75773], [-48.211116, -21.757313], [-48.211249, -21.755247], [-48.2115, -21.754844], [-48.213607, -21.753276], [-48.214291, -21.752447], [-48.214442, -21.752104], [-48.214124, -21.7521], [-48.212911, -21.752603], [-48.212146, -21.753303], [-48.211555, -21.753652], [-48.211174, -21.753649], [-48.210852, -21.75342], [-48.210317, -21.752741], [-48.209032, -21.749611], [-48.208244, -21.74718], [-48.208203, -21.7461]], [[-48.213506, -21.752567], [-48.213659, -21.753016], [-48.21345, -21.753305], [-48.212815, -21.752694], [-48.21295, -21.752604], [-48.213402, -21.752556], [-48.213506, -21.752567]], [[-48.207979, -21.745049], [-48.208065, -21.745138], [-48.208092, -21.745529], [-48.207985, -21.746116], [-48.208171, -21.746501], [-48.20814, -21.746582], [-48.207488, -21.746665], [-48.207384, -21.746525], [-48.20755, -21.746093], [-48.207455, -21.745846], [-48.2077, -21.745633], [-48.207979, -21.745049]], [[-48.20476, -21.715231], [-48.204315, -21.715724], [-48.204071, -21.715833], [-48.203767, -21.715164], [-48.203871, -21.715009], [-48.20429, -21.714947], [-48.204707, -21.715173], [-48.20476, -21.715231]], [[-48.216301, -21.710943], [-48.216214, -21.71074], [-48.216208, -21.710135], [-48.215971, -21.709316], [-48.216101, -21.708975], [-48.216238, -21.708936], [-48.216879, -21.709454], [-48.217117, -21.70977], [-48.217285, -21.710758], [-48.217279, -21.710826], [-48.216301, -21.710943]], [[-48.215374, -21.70724], [-48.21549, -21.706877], [-48.215777, -21.706623], [-48.215929, -21.706748], [-48.216301, -21.707368], [-48.216349, -21.707592], [-48.215503, -21.707785], [-48.21541, -21.707667], [-48.215374, -21.70724]]], [[[-48.182783, -21.695051], [-48.182409, -21.69479], [-48.183111, -21.698148], [-48.1834, -21.699201], [-48.184899, -21.703464], [-48.1849, -21.704636], [-48.18464, -21.705059], [-48.184094, -21.705425], [-48.182473, -21.707363], [-48.181572, -21.708085], [-48.181011, -21.70828], [-48.180166, -21.708354], [-48.178149, -21.709535], [-48.176411, -21.710137], [-48.176216, -21.710301], [-48.176222, -21.710392], [-48.176371, -21.710553], [-48.177198, -21.710475], [-48.179102, -21.709652], [-48.180481, -21.709229], [-48.181512, -21.708781], [-48.181937, -21.708552], [-48.182304, -21.708236], [-48.184457, -21.705948], [-48.185047, -21.705705], [-48.185316, -21.705697], [-48.185646, -21.705789], [-48.186794, -21.707166], [-48.187919, -21.709281], [-48.188676, -21.711542], [-48.189071, -21.712004], [-48.189419, -21.712239], [-48.189931, -21.712207], [-48.190062, -21.712007], [-48.190046, -21.711805], [-48.189061, -21.710134], [-48.188605, -21.709095], [-48.187817, -21.707801], [-48.186565, -21.706102], [-48.18624, -21.704989], [-48.18569, -21.703997], [-48.185358, -21.702928], [-48.184489, -21.700752], [-48.183709, -21.698393], [-48.183546, -21.697391], [-48.183192, -21.69602], [-48.183143, -21.694743], [-48.182882, -21.694018], [-48.182624, -21.693665], [-48.182814, -21.694201], [-48.182966, -21.695032], [-48.182783, -21.695051]]], [[[-48.190455, -21.694022], [-48.191269, -21.694902], [-48.192028, -21.695519], [-48.193281, -21.697005], [-48.194431, -21.697938], [-48.195733, -21.69943], [-48.196115, -21.699741], [-48.196671, -21.699927], [-48.19773, -21.699935], [-48.198457, -21.700031], [-48.198739, -21.699914], [-48.198768, -21.699529], [-48.198701, -21.699411], [-48.19755, -21.699106], [-48.197221, -21.698888], [-48.196526, -21.698131], [-48.196017, -21.697742], [-48.194711, -21.697264], [-48.19418, -21.696903], [-48.193504, -21.696314], [-48.192894, -21.695525], [-48.191557, -21.694417], [-48.190414, -21.69293], [-48.18948, -21.691152], [-48.188518, -21.689771], [-48.186563, -21.687689], [-48.185837, -21.687083], [-48.185141, -21.685837], [-48.184794, -21.685383], [-48.183724, -21.684756], [-48.183284, -21.684604], [-48.183427, -21.684754], [-48.183751, -21.684842], [-48.183857, -21.684962], [-48.183934, -21.685385], [-48.1849, -21.687337], [-48.186387, -21.68835], [-48.188248, -21.690266], [-48.189009, -21.691282], [-48.189579, -21.69252], [-48.190164, -21.693338], [-48.190455, -21.694022]]], [[[-48.172785, -21.688881], [-48.172363, -21.689171], [-48.172106, -21.689652], [-48.171975, -21.691159], [-48.171804, -21.691905], [-48.171907, -21.692325], [-48.172186, -21.69233], [-48.172377, -21.692158], [-48.172868, -21.690911], [-48.17312, -21.689677], [-48.17355, -21.689], [-48.174142, -21.688418], [-48.175004, -21.688066], [-48.176557, -21.687252], [-48.176571, -21.686935], [-48.177328, -21.686383], [-48.177779, -21.686368], [-48.177942, -21.686138], [-48.176991, -21.686389], [-48.176498, -21.686715], [-48.175862, -21.686946], [-48.174888, -21.687505], [-48.17328, -21.688268], [-48.172785, -21.688881]]], [[[-48.195258, -21.682169], [-48.19947, -21.682982], [-48.200772, -21.683592], [-48.20157, -21.684262], [-48.202985, -21.685815], [-48.204285, -21.686925], [-48.204741, -21.687146], [-48.206523, -21.687457], [-48.207115, -21.687676], [-48.207963, -21.688125], [-48.208343, -21.688672], [-48.208479, -21.689038], [-48.208584, -21.689796], [-48.208783, -21.690005], [-48.209045, -21.689923], [-48.209532, -21.688978], [-48.209769, -21.688761], [-48.210269, -21.688544], [-48.210746, -21.68848], [-48.211298, -21.688543], [-48.212055, -21.688768], [-48.213281, -21.689635], [-48.214621, -21.691328], [-48.214835, -21.691464], [-48.215031, -21.691483], [-48.21538, -21.691338], [-48.215389, -21.691081], [-48.215155, -21.690523], [-48.21447, -21.689763], [-48.212933, -21.688263], [-48.211506, -21.68736], [-48.21101, -21.687262], [-48.20953, -21.687187], [-48.205215, -21.686358], [-48.204489, -21.685965], [-48.201353, -21.683065], [-48.200924, -21.682858], [-48.199264, -21.682391], [-48.197502, -21.682092], [-48.196493, -21.681795], [-48.194332, -21.680938], [-48.193269, -21.680409], [-48.192245, -21.680072], [-48.190634, -21.678883], [-48.188992, -21.67751], [-48.188644, -21.677112], [-48.188366, -21.677145], [-48.188087, -21.676761], [-48.187706, -21.676564], [-48.187352, -21.676504], [-48.187424, -21.676662], [-48.188142, -21.677383], [-48.191378, -21.68002], [-48.195258, -21.682169]], [[-48.214806, -21.691366], [-48.214336, -21.690526], [-48.214318, -21.690253], [-48.214395, -21.690197], [-48.215106, -21.691079], [-48.215086, -21.691349], [-48.214806, -21.691366]], [[-48.21107, -21.688201], [-48.210975, -21.688154], [-48.211024, -21.687759], [-48.211097, -21.687576], [-48.211213, -21.68756], [-48.211544, -21.687785], [-48.211604, -21.687909], [-48.211492, -21.688064], [-48.21107, -21.688201]]], [[[-48.186186, -21.67427], [-48.186437, -21.674574], [-48.186522, -21.675054], [-48.187089, -21.675145], [-48.186688, -21.674692], [-48.186198, -21.673872], [-48.185593, -21.672592], [-48.185765, -21.673195], [-48.185785, -21.673817], [-48.186056, -21.673949], [-48.186186, -21.67427]]], [[[-48.212148, -21.670982], [-48.212375, -21.670786], [-48.212679, -21.670057], [-48.21305, -21.669475], [-48.213363, -21.669127], [-48.213693, -21.668922], [-48.214348, -21.66888], [-48.214171, -21.668671], [-48.213716, -21.668673], [-48.213053, -21.668407], [-48.212893, -21.669121], [-48.211937, -21.670473], [-48.211918, -21.670962], [-48.212148, -21.670982]]], [[[-48.173066, -21.66583], [-48.173168, -21.667477], [-48.173374, -21.667924], [-48.173276, -21.668907], [-48.173345, -21.669647], [-48.173758, -21.670405], [-48.173999, -21.670158], [-48.174343, -21.670099], [-48.173999, -21.669406], [-48.173905, -21.668254], [-48.173743, -21.667599], [-48.173751, -21.666959], [-48.173619, -21.666393], [-48.173366, -21.665802], [-48.173066, -21.66583]]], [[[-48.21179, -21.665594], [-48.212546, -21.664053], [-48.213301, -21.662267], [-48.213938, -21.661427], [-48.214081, -21.660957], [-48.21404, -21.660684], [-48.213749, -21.660464], [-48.213537, -21.660449], [-48.213345, -21.660598], [-48.212831, -21.661711], [-48.212619, -21.66203], [-48.212239, -21.662355], [-48.212022, -21.66316], [-48.211588, -21.663688], [-48.211319, -21.664382], [-48.210458, -21.665384], [-48.209921, -21.665556], [-48.210974, -21.665696], [-48.211303, -21.665925], [-48.211746, -21.666083], [-48.21179, -21.665594]], [[-48.211735, -21.6654], [-48.211673, -21.665461], [-48.211426, -21.665423], [-48.210857, -21.665202], [-48.211124, -21.665016], [-48.211327, -21.664998], [-48.211562, -21.664766], [-48.211735, -21.6654]], [[-48.212147, -21.663943], [-48.212247, -21.664157], [-48.212172, -21.664385], [-48.212035, -21.664368], [-48.211696, -21.664086], [-48.211719, -21.663959], [-48.212173, -21.663497], [-48.212221, -21.663547], [-48.212147, -21.663943]], [[-48.212792, -21.662591], [-48.212856, -21.662776], [-48.212791, -21.662944], [-48.21239, -21.662735], [-48.212693, -21.662556], [-48.212792, -21.662591]]], [[[-48.226682, -21.656158], [-48.226445, -21.655191], [-48.226229, -21.655075], [-48.226014, -21.655128], [-48.226019, -21.656997], [-48.225739, -21.657494], [-48.225228, -21.657973], [-48.223946, -21.658665], [-48.223876, -21.659017], [-48.224052, -21.659814], [-48.224049, -21.66047], [-48.223059, -21.66295], [-48.222766, -21.663354], [-48.222033, -21.663942], [-48.221371, -21.664341], [-48.220731, -21.665455], [-48.220506, -21.666591], [-48.220174, -21.667218], [-48.220361, -21.667169], [-48.220442, -21.666987], [-48.22057, -21.666927], [-48.220998, -21.667051], [-48.221069, -21.666463], [-48.221357, -21.665778], [-48.221639, -21.66533], [-48.223246, -21.663826], [-48.224337, -21.662578], [-48.224622, -21.662006], [-48.22523, -21.660231], [-48.22541, -21.659057], [-48.225536, -21.658835], [-48.226349, -21.658049], [-48.226627, -21.657559], [-48.22673, -21.657108], [-48.226682, -21.656158]]], [[[-48.204245, -21.657148], [-48.206308, -21.654671], [-48.207082, -21.654188], [-48.207256, -21.653979], [-48.209123, -21.651223], [-48.209305, -21.650561], [-48.209229, -21.650385], [-48.209098, -21.650479], [-48.208736, -21.651171], [-48.206725, -21.653475], [-48.206265, -21.654154], [-48.204931, -21.655747], [-48.202375, -21.658401], [-48.201683, -21.659267], [-48.200988, -21.660792], [-48.20085, -21.661579], [-48.200798, -21.662875], [-48.201184, -21.662926], [-48.201279, -21.661984], [-48.201799, -21.660167], [-48.203469, -21.657839], [-48.203743, -21.657513], [-48.204245, -21.657148]]], [[[-48.18727, -21.650433], [-48.186981, -21.650636], [-48.186835, -21.650935], [-48.185857, -21.653648], [-48.185922, -21.65596], [-48.185443, -21.657021], [-48.185403, -21.657911], [-48.185632, -21.658539], [-48.186772, -21.660467], [-48.187969, -21.662161], [-48.188164, -21.661969], [-48.188088, -21.66166], [-48.187685, -21.661183], [-48.187611, -21.66071], [-48.187038, -21.660234], [-48.186977, -21.659788], [-48.186667, -21.658991], [-48.186213, -21.65832], [-48.186339, -21.658152], [-48.186645, -21.658212], [-48.186497, -21.657633], [-48.186695, -21.656673], [-48.186458, -21.654442], [-48.186538, -21.653537], [-48.186875, -21.652341], [-48.187578, -21.65101], [-48.187504, -21.650472], [-48.18727, -21.650433]]], [[[-48.20863, -21.64232], [-48.208612, -21.642026], [-48.20696, -21.640963], [-48.206388, -21.640751], [-48.204228, -21.640337], [-48.203061, -21.639994], [-48.202049, -21.639586], [-48.200059, -21.638437], [-48.196541, -21.637661], [-48.195561, -21.637564], [-48.194011, -21.637232], [-48.191719, -21.636307], [-48.18724, -21.635664], [-48.183761, -21.634312], [-48.182702, -21.633506], [-48.180335, -21.632006], [-48.178726, -21.630443], [-48.178472, -21.629943], [-48.178582, -21.629294], [-48.178857, -21.628762], [-48.179739, -21.627922], [-48.180757, -21.62718], [-48.181697, -21.62669], [-48.182969, -21.625574], [-48.182891, -21.625359], [-48.182526, -21.625362], [-48.182193, -21.625645], [-48.181335, -21.625846], [-48.180986, -21.626171], [-48.180582, -21.62673], [-48.179419, -21.627485], [-48.178853, -21.628085], [-48.178379, -21.628402], [-48.177196, -21.628932], [-48.176045, -21.629007], [-48.175672, -21.62914], [-48.175973, -21.629632], [-48.175704, -21.629953], [-48.176497, -21.629855], [-48.176819, -21.629923], [-48.178409, -21.630907], [-48.180243, -21.632518], [-48.183721, -21.634863], [-48.186581, -21.636077], [-48.187433, -21.636373], [-48.191458, -21.636827], [-48.19507, -21.638057], [-48.195588, -21.638275], [-48.196247, -21.638789], [-48.19682, -21.638861], [-48.198943, -21.63881], [-48.199816, -21.639002], [-48.201808, -21.640263], [-48.205409, -21.641167], [-48.206756, -21.641385], [-48.20823, -21.642244], [-48.208486, -21.642363], [-48.20863, -21.64232]], [[-48.177394, -21.628943], [-48.177686, -21.629134], [-48.177954, -21.629705], [-48.177781, -21.63014], [-48.177595, -21.630125], [-48.176905, -21.629298], [-48.176881, -21.62908], [-48.177394, -21.628943]]], [[[-48.225827, -21.62924], [-48.224832, -21.630512], [-48.224275, -21.630802], [-48.223901, -21.631298], [-48.22252, -21.633706], [-48.222017, -21.634261], [-48.221176, -21.634995], [-48.220253, -21.636087], [-48.220078, -21.636606], [-48.219854, -21.637852], [-48.21954, -21.638857], [-48.219582, -21.639346], [-48.219714, -21.639692], [-48.219989, -21.639702], [-48.220293, -21.639516], [-48.220666, -21.638284], [-48.221896, -21.636074], [-48.222462, -21.6354], [-48.222904, -21.63505], [-48.223599, -21.63427], [-48.22378, -21.633857], [-48.223677, -21.633383], [-48.223793, -21.633059], [-48.224695, -21.631947], [-48.225788, -21.630367], [-48.226316, -21.629994], [-48.227142, -21.629741], [-48.227471, -21.629495], [-48.227587, -21.62907], [-48.227553, -21.62827], [-48.227428, -21.62774], [-48.227602, -21.626598], [-48.227579, -21.624508], [-48.227429, -21.624052], [-48.22689, -21.62322], [-48.226682, -21.622281], [-48.226637, -21.622565], [-48.226727, -21.622894], [-48.226534, -21.623569], [-48.226415, -21.62363], [-48.226525, -21.624161], [-48.226503, -21.624876], [-48.226684, -21.625613], [-48.226686, -21.625985], [-48.226476, -21.626331], [-48.226166, -21.62786], [-48.226089, -21.628752], [-48.225827, -21.62924]]], [[[-48.208231, -21.625348], [-48.207899, -21.624614], [-48.208171, -21.624238], [-48.208138, -21.624017], [-48.207763, -21.623797], [-48.207541, -21.623445], [-48.207304, -21.623401], [-48.207907, -21.625305], [-48.208001, -21.626987], [-48.207802, -21.628125], [-48.206976, -21.629611], [-48.206962, -21.629941], [-48.207101, -21.630086], [-48.207395, -21.629996], [-48.208408, -21.629056], [-48.209253, -21.629279], [-48.209558, -21.629283], [-48.209662, -21.629134], [-48.209537, -21.628955], [-48.208902, -21.628468], [-48.209041, -21.62671], [-48.208967, -21.625377], [-48.208176, -21.623235], [-48.208139, -21.623683], [-48.208324, -21.62407], [-48.20836, -21.624904], [-48.208438, -21.625165], [-48.208231, -21.625348]], [[-48.208695, -21.628261], [-48.208692, -21.628706], [-48.207973, -21.62884], [-48.208, -21.628188], [-48.208152, -21.628079], [-48.208759, -21.628063], [-48.208695, -21.628261]]], [[[-48.206874, -21.622119], [-48.206531, -21.622017], [-48.206218, -21.621585], [-48.206469, -21.621174], [-48.206454, -21.621028], [-48.206668, -21.620972], [-48.206468, -21.620722], [-48.206429, -21.620442], [-48.206575, -21.620056], [-48.206494, -21.619772], [-48.206657, -21.619418], [-48.20601, -21.620353], [-48.205887, -21.620836], [-48.205916, -21.621303], [-48.206159, -21.621849], [-48.206794, -21.622309], [-48.206874, -21.622119]]], [[[-48.223143, -21.620015], [-48.223874, -21.619951], [-48.224294, -21.620013], [-48.224834, -21.620311], [-48.225292, -21.620916], [-48.2261, -21.622452], [-48.226025, -21.621577], [-48.225707, -21.621362], [-48.225031, -21.619947], [-48.224597, -21.619471], [-48.224582, -21.618499], [-48.224151, -21.619215], [-48.22318, -21.61957], [-48.223084, -21.619864], [-48.223143, -21.620015]]], [[[-48.207079, -21.618962], [-48.207156, -21.620181], [-48.207041, -21.620718], [-48.20712, -21.620945], [-48.207548, -21.621014], [-48.207835, -21.622503], [-48.20813, -21.623098], [-48.207677, -21.621122], [-48.207248, -21.619929], [-48.207217, -21.619359], [-48.207339, -21.618451], [-48.207249, -21.617449], [-48.20749, -21.616227], [-48.20722, -21.616733], [-48.20728, -21.617157], [-48.207049, -21.617679], [-48.207129, -21.618646], [-48.207079, -21.618962]]], [[[-48.226014, -21.616564], [-48.226128, -21.616839], [-48.225919, -21.616987], [-48.225749, -21.617265], [-48.225578, -21.617847], [-48.225623, -21.618163], [-48.225407, -21.618377], [-48.22532, -21.618715], [-48.225417, -21.619541], [-48.225635, -21.619807], [-48.225687, -21.620196], [-48.225896, -21.620462], [-48.225629, -21.619364], [-48.225725, -21.618352], [-48.226096, -21.617541], [-48.226464, -21.61707], [-48.226811, -21.615798], [-48.22673, -21.614615], [-48.226546, -21.614244], [-48.226463, -21.614397], [-48.226455, -21.615149], [-48.22629, -21.615384], [-48.226144, -21.615856], [-48.22615, -21.616332], [-48.226014, -21.616564]]], [[[-48.225211, -21.617213], [-48.225482, -21.61698], [-48.2256, -21.616747], [-48.225838, -21.616004], [-48.226, -21.614929], [-48.225739, -21.613775], [-48.225848, -21.613562], [-48.225601, -21.61319], [-48.225524, -21.614323], [-48.224846, -21.616099], [-48.224881, -21.617468], [-48.224787, -21.617871], [-48.225141, -21.617593], [-48.225211, -21.617213]]], [[[-48.20293, -21.614384], [-48.20292, -21.614541], [-48.203032, -21.614664], [-48.203377, -21.614691], [-48.204307, -21.614174], [-48.205912, -21.613438], [-48.206301, -21.613433], [-48.206671, -21.613641], [-48.206804, -21.613096], [-48.207127, -21.613019], [-48.207234, -21.612803], [-48.207172, -21.612701], [-48.206861, -21.612954], [-48.205895, -21.613051], [-48.205143, -21.613264], [-48.203077, -21.614196], [-48.20293, -21.614384]]], [[[-48.225701, -21.608215], [-48.225777, -21.608905], [-48.226041, -21.60864], [-48.226407, -21.608693], [-48.226614, -21.608514], [-48.226534, -21.60823], [-48.226593, -21.607795], [-48.225604, -21.607307], [-48.224905, -21.607148], [-48.22482, -21.607031], [-48.224766, -21.606622], [-48.224324, -21.60619], [-48.224245, -21.605193], [-48.223966, -21.605045], [-48.223664, -21.604739], [-48.223256, -21.60453], [-48.223737, -21.605163], [-48.223979, -21.606158], [-48.224331, -21.607123], [-48.225701, -21.608215]]], [[[-48.223516, -21.588765], [-48.223706, -21.58835], [-48.223461, -21.588153], [-48.223298, -21.588195], [-48.222934, -21.589708], [-48.222977, -21.591128], [-48.223229, -21.591887], [-48.223157, -21.592964], [-48.222951, -21.593453], [-48.22257, -21.593778], [-48.22214, -21.593864], [-48.221591, -21.593576], [-48.221092, -21.594023], [-48.22138, -21.594188], [-48.221806, -21.594026], [-48.222596, -21.594217], [-48.222909, -21.594415], [-48.223161, -21.594921], [-48.223519, -21.595123], [-48.223771, -21.595852], [-48.223961, -21.596134], [-48.224306, -21.596463], [-48.22468, -21.59655], [-48.224712, -21.596774], [-48.225003, -21.596948], [-48.225068, -21.597136], [-48.225166, -21.597183], [-48.225329, -21.597115], [-48.225379, -21.596983], [-48.223829, -21.595435], [-48.223566, -21.595056], [-48.223543, -21.594208], [-48.223646, -21.593642], [-48.223961, -21.593066], [-48.224147, -21.592483], [-48.224083, -21.591763], [-48.223523, -21.589344], [-48.223516, -21.588765]]], [[[-48.214452, -21.593542], [-48.215207, -21.593844], [-48.216412, -21.593628], [-48.216608, -21.593812], [-48.217095, -21.594002], [-48.217424, -21.594006], [-48.217865, -21.593698], [-48.217657, -21.593643], [-48.217348, -21.593311], [-48.215311, -21.593447], [-48.214398, -21.593275], [-48.213858, -21.593067], [-48.213574, -21.59272], [-48.213495, -21.59209], [-48.212892, -21.591459], [-48.212755, -21.590685], [-48.212036, -21.591474], [-48.212105, -21.591777], [-48.212049, -21.592427], [-48.212613, -21.592556], [-48.213229, -21.593007], [-48.213523, -21.59312], [-48.21389, -21.593458], [-48.214452, -21.593542]]], [[[-48.224527, -21.581058], [-48.224423, -21.580702], [-48.223087, -21.57937], [-48.22259, -21.57988], [-48.223393, -21.580859], [-48.223918, -21.581227], [-48.224407, -21.581225], [-48.224527, -21.581058]]], [[[-48.168192, -21.965086], [-48.167762, -21.965046], [-48.167471, -21.964802], [-48.166299, -21.964459], [-48.165834, -21.963992], [-48.165266, -21.963639], [-48.164948, -21.9633], [-48.164561, -21.963204], [-48.163948, -21.962431], [-48.163594, -21.96161], [-48.163389, -21.96143], [-48.163898, -21.962535], [-48.16449, -21.963269], [-48.165802, -21.964232], [-48.168004, -21.965391], [-48.168192, -21.965086]]], [[[-48.171969, -21.957476], [-48.171862, -21.957849], [-48.172142, -21.959075], [-48.172144, -21.959811], [-48.172709, -21.960818], [-48.172721, -21.961726], [-48.173073, -21.961602], [-48.173207, -21.961644], [-48.172958, -21.960537], [-48.172725, -21.959825], [-48.172484, -21.959414], [-48.172326, -21.958645], [-48.17235, -21.957944], [-48.172266, -21.957552], [-48.172121, -21.957379], [-48.171969, -21.957476]]], [[[-48.114691, -21.953037], [-48.114242, -21.952892], [-48.114159, -21.952971], [-48.114848, -21.953671], [-48.115054, -21.954043], [-48.115224, -21.954849], [-48.115631, -21.956065], [-48.116252, -21.957188], [-48.118388, -21.95822], [-48.1192, -21.958908], [-48.119552, -21.959354], [-48.119686, -21.959675], [-48.120167, -21.959338], [-48.120759, -21.959243], [-48.119388, -21.958369], [-48.118709, -21.957799], [-48.11675, -21.957039], [-48.116185, -21.956264], [-48.115816, -21.95544], [-48.115646, -21.954359], [-48.115429, -21.95381], [-48.115129, -21.95338], [-48.114691, -21.953037]]], [[[-48.12892, -21.956567], [-48.128883, -21.956306], [-48.128554, -21.955823], [-48.128538, -21.955571], [-48.128642, -21.955192], [-48.128476, -21.954862], [-48.128045, -21.954611], [-48.12786, -21.954342], [-48.127516, -21.954189], [-48.127098, -21.953418], [-48.126209, -21.952885], [-48.126763, -21.953414], [-48.127293, -21.954084], [-48.128596, -21.956139], [-48.128754, -21.956679], [-48.128828, -21.957398], [-48.128975, -21.957311], [-48.12883, -21.956938], [-48.12892, -21.956567]]], [[[-48.160768, -21.954524], [-48.159911, -21.953023], [-48.159603, -21.952292], [-48.159546, -21.952399], [-48.159714, -21.952971], [-48.159904, -21.953201], [-48.160079, -21.953852], [-48.160768, -21.954524]]], [[[-48.158006, -21.949884], [-48.157754, -21.94941], [-48.157012, -21.949036], [-48.156755, -21.948798], [-48.155812, -21.948502], [-48.155474, -21.948294], [-48.155704, -21.948571], [-48.156978, -21.949325], [-48.158008, -21.950056], [-48.158332, -21.95051], [-48.158294, -21.95019], [-48.158006, -21.949884]]], [[[-48.122739, -21.946925], [-48.123996, -21.949867], [-48.123818, -21.949069], [-48.12334, -21.948253], [-48.123468, -21.947855], [-48.123243, -21.947494], [-48.123241, -21.947015], [-48.123035, -21.946733], [-48.122647, -21.946493], [-48.122502, -21.946214], [-48.122425, -21.945785], [-48.121889, -21.945188], [-48.121908, -21.944822], [-48.122274, -21.944151], [-48.122327, -21.943835], [-48.121716, -21.945129], [-48.122233, -21.945788], [-48.122385, -21.946316], [-48.122739, -21.946925]]], [[[-48.160032, -21.931789], [-48.157247, -21.931791], [-48.155766, -21.931942], [-48.154152, -21.932324], [-48.153775, -21.932613], [-48.154011, -21.932892], [-48.154122, -21.93292], [-48.155008, -21.932804], [-48.156573, -21.932397], [-48.157226, -21.932305], [-48.158394, -21.932427], [-48.159307, -21.932338], [-48.161222, -21.932379], [-48.162533, -21.932654], [-48.163307, -21.932938], [-48.163251, -21.93221], [-48.161838, -21.931936], [-48.161091, -21.932024], [-48.160032, -21.931789]]], [[[-48.148128, -21.91694], [-48.147362, -21.917542], [-48.146953, -21.917734], [-48.146599, -21.917836], [-48.145794, -21.917813], [-48.14554, -21.917917], [-48.14532, -21.918059], [-48.144987, -21.918449], [-48.144401, -21.918681], [-48.143753, -21.919394], [-48.143203, -21.919837], [-48.140769, -21.921052], [-48.139745, -21.921717], [-48.138665, -21.922161], [-48.138208, -21.922447], [-48.13756, -21.923192], [-48.136985, -21.923499], [-48.13689, -21.923751], [-48.137003, -21.924052], [-48.137219, -21.924161], [-48.137701, -21.924054], [-48.138932, -21.923243], [-48.139646, -21.9225], [-48.140777, -21.921547], [-48.141234, -21.921299], [-48.142568, -21.920808], [-48.143994, -21.919663], [-48.144695, -21.919235], [-48.145254, -21.918953], [-48.146089, -21.918764], [-48.147203, -21.918248], [-48.148415, -21.917419], [-48.149762, -21.916907], [-48.151595, -21.915971], [-48.151926, -21.915666], [-48.152421, -21.914804], [-48.153506, -21.913463], [-48.153231, -21.913223], [-48.153275, -21.912917], [-48.152802, -21.913468], [-48.151786, -21.914999], [-48.151458, -21.91539], [-48.150984, -21.915767], [-48.149876, -21.916368], [-48.148619, -21.916683], [-48.148128, -21.91694]]], [[[-48.123825, -21.917588], [-48.124751, -21.917813], [-48.125719, -21.91788], [-48.126107, -21.918198], [-48.126508, -21.92005], [-48.126666, -21.920325], [-48.126808, -21.920306], [-48.127003, -21.920039], [-48.127109, -21.919184], [-48.127264, -21.91902], [-48.128117, -21.919203], [-48.128058, -21.918931], [-48.127698, -21.918573], [-48.127617, -21.918181], [-48.128063, -21.917475], [-48.127279, -21.9174], [-48.126091, -21.916666], [-48.125538, -21.916412], [-48.125343, -21.916242], [-48.125184, -21.915465], [-48.12473, -21.915145], [-48.124458, -21.915299], [-48.124315, -21.915637], [-48.123672, -21.915525], [-48.123432, -21.915421], [-48.122977, -21.914805], [-48.122595, -21.914619], [-48.1215, -21.914736], [-48.12098, -21.914712], [-48.120265, -21.914501], [-48.118944, -21.913817], [-48.116773, -21.913428], [-48.115522, -21.913368], [-48.114261, -21.913562], [-48.113798, -21.913447], [-48.113453, -21.913897], [-48.112951, -21.914], [-48.112926, -21.914338], [-48.113197, -21.914475], [-48.113486, -21.91404], [-48.114496, -21.914296], [-48.115736, -21.914363], [-48.11641, -21.914598], [-48.118006, -21.914934], [-48.119454, -21.915363], [-48.120215, -21.915735], [-48.121193, -21.916483], [-48.121422, -21.916482], [-48.121967, -21.916227], [-48.122474, -21.916365], [-48.123322, -21.917208], [-48.123825, -21.917588]]], [[[-48.114792, -21.910909], [-48.115198, -21.910434], [-48.11523, -21.910243], [-48.115126, -21.90995], [-48.114963, -21.910431], [-48.114438, -21.911332], [-48.113975, -21.911826], [-48.114332, -21.911761], [-48.114707, -21.911453], [-48.114792, -21.910909]]], [[[-48.116076, -21.892626], [-48.11555, -21.893268], [-48.115252, -21.894066], [-48.115466, -21.89404], [-48.115731, -21.893687], [-48.115957, -21.893598], [-48.116154, -21.893117], [-48.116306, -21.893012], [-48.11635, -21.892819], [-48.116941, -21.892097], [-48.117456, -21.891854], [-48.118186, -21.891868], [-48.118311, -21.891734], [-48.118351, -21.891458], [-48.118031, -21.891652], [-48.117034, -21.891764], [-48.116628, -21.892255], [-48.116076, -21.892626]]], [[[-48.135446, -21.878061], [-48.135299, -21.877935], [-48.135797, -21.876383], [-48.13558, -21.87531], [-48.135522, -21.874603], [-48.135202, -21.874099], [-48.134932, -21.874205], [-48.134828, -21.874486], [-48.134852, -21.87506], [-48.135215, -21.876118], [-48.135141, -21.876633], [-48.13498, -21.877059], [-48.134862, -21.877935], [-48.134772, -21.878047], [-48.134882, -21.878153], [-48.134834, -21.878668], [-48.134698, -21.879815], [-48.134534, -21.880232], [-48.135192, -21.880272], [-48.135546, -21.88043], [-48.135522, -21.880035], [-48.135315, -21.879341], [-48.135232, -21.878259], [-48.135277, -21.878117], [-48.135446, -21.878061]]], [[[-48.163683, -21.875247], [-48.165183, -21.876074], [-48.165205, -21.87648], [-48.165564, -21.876861], [-48.165635, -21.877174], [-48.165877, -21.877344], [-48.165587, -21.876382], [-48.165212, -21.875859], [-48.163752, -21.874894], [-48.162612, -21.873768], [-48.162581, -21.87409], [-48.162741, -21.874485], [-48.163225, -21.874649], [-48.163683, -21.875247]]], [[[-48.142435, -21.868594], [-48.141471, -21.86723], [-48.141, -21.866818], [-48.1402, -21.865724], [-48.139589, -21.865124], [-48.138601, -21.864489], [-48.137671, -21.863642], [-48.135707, -21.862783], [-48.134813, -21.862195], [-48.133601, -21.861819], [-48.130555, -21.861148], [-48.1277, -21.860123], [-48.127675, -21.860412], [-48.127806, -21.860614], [-48.127721, -21.860653], [-48.128002, -21.860819], [-48.130273, -21.861372], [-48.131002, -21.861678], [-48.131966, -21.861842], [-48.13299, -21.862195], [-48.13346, -21.862536], [-48.133954, -21.863042], [-48.134637, -21.863395], [-48.136025, -21.863619], [-48.136777, -21.863936], [-48.138354, -21.864865], [-48.139565, -21.865959], [-48.140142, -21.866218], [-48.142118, -21.868982], [-48.142471, -21.869817], [-48.143035, -21.8707], [-48.143459, -21.872993], [-48.143529, -21.873864], [-48.1438, -21.874746], [-48.143835, -21.875405], [-48.143623, -21.875828], [-48.143611, -21.87631], [-48.143882, -21.876628], [-48.144094, -21.87711], [-48.144188, -21.877604], [-48.144388, -21.878098], [-48.144364, -21.878722], [-48.144858, -21.879216], [-48.144929, -21.879616], [-48.144917, -21.880604], [-48.145033, -21.880784], [-48.145611, -21.881492], [-48.146235, -21.881821], [-48.147023, -21.882456], [-48.149222, -21.883468], [-48.150163, -21.884056], [-48.151116, -21.884244], [-48.152175, -21.88495], [-48.15244, -21.884997], [-48.152522, -21.884786], [-48.152738, -21.884582], [-48.152245, -21.884221], [-48.151822, -21.883962], [-48.150681, -21.88355], [-48.150222, -21.883492], [-48.147975, -21.882421], [-48.146946, -21.88178], [-48.14587, -21.880968], [-48.145223, -21.880251], [-48.145223, -21.879039], [-48.144564, -21.878016], [-48.144588, -21.877028], [-48.144176, -21.876181], [-48.144141, -21.875911], [-48.144305, -21.875111], [-48.143717, -21.87264], [-48.143611, -21.871641], [-48.143223, -21.870053], [-48.142435, -21.868594]]], [[[-48.123413, -21.876846], [-48.122007, -21.876777], [-48.120366, -21.876858], [-48.119604, -21.876477], [-48.118032, -21.876139], [-48.117448, -21.876112], [-48.116805, -21.876227], [-48.11593, -21.876229], [-48.114395, -21.875988], [-48.11373, -21.875802], [-48.112351, -21.875004], [-48.111641, -21.874484], [-48.111386, -21.874002], [-48.111272, -21.873562], [-48.111192, -21.872364], [-48.110767, -21.87167], [-48.110524, -21.870947], [-48.110814, -21.868333], [-48.111277, -21.866607], [-48.11135, -21.865782], [-48.111645, -21.865142], [-48.111477, -21.864461], [-48.111322, -21.862388], [-48.111335, -21.861473], [-48.110887, -21.860131], [-48.110847, -21.858775], [-48.110535, -21.858453], [-48.110264, -21.858437], [-48.110065, -21.85852], [-48.110029, -21.858878], [-48.110219, -21.859458], [-48.110077, -21.861356], [-48.110306, -21.861964], [-48.110487, -21.863635], [-48.110354, -21.86474], [-48.110414, -21.865689], [-48.110255, -21.866952], [-48.110244, -21.868092], [-48.109942, -21.869836], [-48.109544, -21.870497], [-48.108997, -21.87217], [-48.108653, -21.872472], [-48.108296, -21.872533], [-48.107745, -21.872389], [-48.106826, -21.871858], [-48.105533, -21.870902], [-48.10472, -21.870273], [-48.104029, -21.869484], [-48.102633, -21.868677], [-48.10201, -21.868127], [-48.101054, -21.867055], [-48.099683, -21.866204], [-48.099208, -21.865342], [-48.098717, -21.864753], [-48.097965, -21.864254], [-48.097708, -21.864296], [-48.09776, -21.864622], [-48.098168, -21.865319], [-48.098814, -21.865961], [-48.100778, -21.867204], [-48.101708, -21.868149], [-48.102608, -21.869213], [-48.102866, -21.869733], [-48.103367, -21.870162], [-48.104418, -21.87067], [-48.105609, -21.872003], [-48.106869, -21.872786], [-48.107267, -21.873109], [-48.107611, -21.873547], [-48.107883, -21.873728], [-48.108574, -21.873877], [-48.110148, -21.874719], [-48.111037, -21.874805], [-48.111948, -21.875296], [-48.112263, -21.875658], [-48.114026, -21.876358], [-48.116198, -21.876842], [-48.117014, -21.876945], [-48.117732, -21.876952], [-48.118145, -21.876799], [-48.11865, -21.876825], [-48.119069, -21.876971], [-48.119549, -21.877271], [-48.120094, -21.877347], [-48.120638, -21.877338], [-48.121865, -21.877152], [-48.124213, -21.877369], [-48.125125, -21.877821], [-48.12496, -21.877877], [-48.125584, -21.878045], [-48.12583, -21.877946], [-48.126298, -21.878069], [-48.126213, -21.877949], [-48.126405, -21.8779], [-48.125981, -21.877819], [-48.124473, -21.876908], [-48.124196, -21.876651], [-48.12409, -21.875482], [-48.123285, -21.874042], [-48.123085, -21.873379], [-48.122763, -21.873373], [-48.122614, -21.873562], [-48.122674, -21.873875], [-48.123478, -21.875032], [-48.123623, -21.875384], [-48.123693, -21.876564], [-48.123413, -21.876846]], [[-48.117744, -21.876935], [-48.117239, -21.876742], [-48.1171, -21.876564], [-48.117341, -21.876357], [-48.117763, -21.876209], [-48.117804, -21.876844], [-48.117744, -21.876935]]], [[[-48.154297, -21.866567], [-48.153955, -21.865716], [-48.153068, -21.864054], [-48.151674, -21.862166], [-48.150772, -21.861748], [-48.149855, -21.86096], [-48.148881, -21.860329], [-48.146962, -21.858879], [-48.146234, -21.858105], [-48.144912, -21.856348], [-48.14348, -21.855186], [-48.14292, -21.854462], [-48.141487, -21.853217], [-48.140058, -21.8516], [-48.139243, -21.850908], [-48.136821, -21.84919], [-48.135692, -21.848102], [-48.135321, -21.847958], [-48.134395, -21.847809], [-48.131657, -21.846603], [-48.13027, -21.845531], [-48.128829, -21.84372], [-48.128021, -21.842907], [-48.127333, -21.842354], [-48.125927, -21.841689], [-48.124968, -21.841458], [-48.122275, -21.84123], [-48.121659, -21.841292], [-48.120481, -21.841679], [-48.119822, -21.842117], [-48.119475, -21.842483], [-48.118264, -21.844313], [-48.117553, -21.84555], [-48.11669, -21.847718], [-48.115441, -21.848654], [-48.114322, -21.849084], [-48.113574, -21.849482], [-48.112395, -21.849677], [-48.111646, -21.850019], [-48.110847, -21.850062], [-48.110666, -21.850322], [-48.110798, -21.850612], [-48.110933, -21.850645], [-48.113772, -21.850395], [-48.114875, -21.850134], [-48.115851, -21.849668], [-48.116166, -21.849319], [-48.116472, -21.848717], [-48.117252, -21.848269], [-48.117593, -21.847972], [-48.118222, -21.84616], [-48.118636, -21.845299], [-48.120193, -21.842985], [-48.120654, -21.84255], [-48.121019, -21.842324], [-48.121881, -21.842136], [-48.12277, -21.842082], [-48.124438, -21.842191], [-48.125361, -21.842368], [-48.126896, -21.843237], [-48.127782, -21.843902], [-48.128754, -21.845265], [-48.129167, -21.846467], [-48.129404, -21.847637], [-48.129291, -21.848176], [-48.12858, -21.848965], [-48.127712, -21.849723], [-48.126972, -21.850875], [-48.126403, -21.851461], [-48.126291, -21.851773], [-48.126491, -21.85224], [-48.126781, -21.852442], [-48.127148, -21.85238], [-48.127829, -21.851808], [-48.128511, -21.850522], [-48.128595, -21.849837], [-48.128787, -21.849468], [-48.129744, -21.848531], [-48.130039, -21.8479], [-48.130352, -21.847612], [-48.130608, -21.84749], [-48.131466, -21.847623], [-48.13288, -21.848048], [-48.134065, -21.848769], [-48.134959, -21.848872], [-48.136709, -21.850308], [-48.137385, -21.850776], [-48.138193, -21.851138], [-48.139586, -21.852141], [-48.141416, -21.853846], [-48.142537, -21.855378], [-48.142887, -21.855629], [-48.143719, -21.856028], [-48.143986, -21.856271], [-48.144599, -21.8571], [-48.145487, -21.857933], [-48.1467, -21.859305], [-48.148131, -21.860547], [-48.150172, -21.862023], [-48.150981, -21.862463], [-48.152115, -21.863525], [-48.15262, -21.864209], [-48.153291, -21.865976], [-48.153476, -21.867448], [-48.153393, -21.869153], [-48.153522, -21.870068], [-48.153959, -21.871119], [-48.154561, -21.872132], [-48.154852, -21.872416], [-48.15552, -21.872802], [-48.156129, -21.872874], [-48.157786, -21.873304], [-48.159238, -21.874209], [-48.159493, -21.874139], [-48.159472, -21.873879], [-48.158809, -21.873478], [-48.158726, -21.873158], [-48.158819, -21.873012], [-48.159077, -21.872878], [-48.159825, -21.872862], [-48.159728, -21.872764], [-48.159476, -21.872643], [-48.159145, -21.872723], [-48.158795, -21.872547], [-48.158242, -21.872691], [-48.157197, -21.872344], [-48.157108, -21.872274], [-48.157117, -21.872112], [-48.157527, -21.872259], [-48.15947, -21.872307], [-48.160324, -21.872533], [-48.160636, -21.872753], [-48.160986, -21.872837], [-48.161136, -21.872578], [-48.159018, -21.872106], [-48.158193, -21.872014], [-48.15699, -21.872029], [-48.156691, -21.871625], [-48.156288, -21.871409], [-48.155314, -21.87125], [-48.154892, -21.871051], [-48.15457, -21.870472], [-48.154414, -21.869574], [-48.154678, -21.868672], [-48.154297, -21.866567]]], [[[-48.171218, -21.8584], [-48.172429, -21.858195], [-48.174346, -21.85736], [-48.173694, -21.857323], [-48.17271, -21.857622], [-48.172418, -21.857977], [-48.171715, -21.858022], [-48.171343, -21.858232], [-48.170602, -21.858231], [-48.169528, -21.858034], [-48.169198, -21.857709], [-48.168627, -21.857631], [-48.167992, -21.857376], [-48.167789, -21.857085], [-48.167446, -21.856801], [-48.166962, -21.856692], [-48.167057, -21.856934], [-48.167462, -21.857458], [-48.167943, -21.857813], [-48.168645, -21.858167], [-48.169138, -21.858358], [-48.169731, -21.858439], [-48.171218, -21.8584]]], [[[-48.170199, -21.857804], [-48.170545, -21.857829], [-48.170763, -21.85766], [-48.169718, -21.85727], [-48.167867, -21.856778], [-48.16764, -21.856658], [-48.1677, -21.85679], [-48.168041, -21.856883], [-48.168529, -21.857171], [-48.169328, -21.857351], [-48.170199, -21.857804]]], [[[-48.1633, -21.849491], [-48.163115, -21.849797], [-48.163148, -21.850625], [-48.163369, -21.851448], [-48.16373, -21.852175], [-48.164372, -21.852976], [-48.164717, -21.85314], [-48.165654, -21.853284], [-48.165834, -21.853433], [-48.166539, -21.855637], [-48.16678, -21.855546], [-48.167128, -21.855657], [-48.166502, -21.853945], [-48.166423, -21.853038], [-48.166285, -21.852538], [-48.166034, -21.852182], [-48.165033, -21.851519], [-48.164725, -21.851119], [-48.16385, -21.849592], [-48.163625, -21.849446], [-48.1633, -21.849491]]], [[[-48.161415, -21.831155], [-48.161492, -21.831339], [-48.161956, -21.831609], [-48.162693, -21.831898], [-48.165354, -21.832582], [-48.166342, -21.832998], [-48.167326, -21.833661], [-48.168658, -21.834029], [-48.171276, -21.83528], [-48.171983, -21.835785], [-48.173083, -21.83675], [-48.17357, -21.837487], [-48.173862, -21.837764], [-48.174212, -21.837564], [-48.174424, -21.837586], [-48.174778, -21.837857], [-48.174933, -21.838161], [-48.175287, -21.838461], [-48.175388, -21.838662], [-48.175585, -21.838606], [-48.174661, -21.837352], [-48.173722, -21.836402], [-48.172895, -21.835697], [-48.171715, -21.834857], [-48.171199, -21.834297], [-48.170673, -21.834005], [-48.168459, -21.833539], [-48.165522, -21.832214], [-48.164223, -21.83177], [-48.161634, -21.831087], [-48.161415, -21.831155]], [[-48.173959, -21.836938], [-48.174243, -21.837077], [-48.174319, -21.837211], [-48.174006, -21.83747], [-48.173759, -21.83756], [-48.173535, -21.83733], [-48.173511, -21.83696], [-48.173338, -21.83671], [-48.17345, -21.836642], [-48.173601, -21.836772], [-48.17363, -21.836915], [-48.173959, -21.836938]]], [[[-48.17062, -21.815459], [-48.170187, -21.815713], [-48.17009, -21.81595], [-48.169797, -21.81585], [-48.169548, -21.816032], [-48.16521, -21.819528], [-48.162072, -21.82047], [-48.160257, -21.820667], [-48.158975, -21.821329], [-48.157867, -21.822119], [-48.157465, -21.822559], [-48.157701, -21.823087], [-48.157773, -21.823149], [-48.158103, -21.823105], [-48.161052, -21.821731], [-48.163095, -21.821025], [-48.164979, -21.820114], [-48.167327, -21.818631], [-48.16864, -21.817734], [-48.170057, -21.816568], [-48.17122, -21.815327], [-48.172746, -21.813373], [-48.172315, -21.813607], [-48.171722, -21.814462], [-48.171538, -21.814639], [-48.171064, -21.814881], [-48.17062, -21.815459]]], [[[-48.146666, -21.806327], [-48.145103, -21.80719], [-48.144775, -21.807487], [-48.144761, -21.807913], [-48.145446, -21.807863], [-48.14643, -21.807502], [-48.147336, -21.806896], [-48.149889, -21.805749], [-48.151302, -21.804923], [-48.153536, -21.802619], [-48.154595, -21.800902], [-48.15585, -21.800084], [-48.155461, -21.799936], [-48.155129, -21.800072], [-48.154931, -21.800399], [-48.154596, -21.800499], [-48.154399, -21.800425], [-48.154338, -21.800133], [-48.154431, -21.799903], [-48.154756, -21.799619], [-48.154879, -21.799381], [-48.154858, -21.798938], [-48.15457, -21.798843], [-48.154514, -21.799338], [-48.153888, -21.800214], [-48.153134, -21.801821], [-48.152261, -21.803247], [-48.150704, -21.80469], [-48.146666, -21.806327]]], [[[-48.157911, -21.79854], [-48.157863, -21.798494], [-48.157864, -21.798537], [-48.157911, -21.79854]]], [[[-48.153043, -21.797869], [-48.152995, -21.797823], [-48.152996, -21.797867], [-48.153043, -21.797869]]], [[[-48.152997, -21.797733], [-48.15295, -21.797687], [-48.152951, -21.79773], [-48.152997, -21.797733]]], [[[-48.172753, -21.794952], [-48.172785, -21.793315], [-48.172629, -21.792686], [-48.172468, -21.789476], [-48.172422, -21.78484], [-48.17217, -21.78386], [-48.171848, -21.783714], [-48.171459, -21.784121], [-48.17182, -21.785393], [-48.171998, -21.786781], [-48.171901, -21.789267], [-48.171981, -21.79101], [-48.172157, -21.793227], [-48.172976, -21.800649], [-48.1729, -21.801937], [-48.172686, -21.803323], [-48.172301, -21.804508], [-48.171995, -21.804875], [-48.172503, -21.806057], [-48.17316, -21.803674], [-48.173381, -21.802236], [-48.17353, -21.800523], [-48.173337, -21.79777], [-48.172753, -21.794952]]], [[[-48.151539, -21.795087], [-48.151983, -21.795312], [-48.152221, -21.795563], [-48.152744, -21.795878], [-48.152254, -21.795369], [-48.151402, -21.794672], [-48.149552, -21.793521], [-48.149756, -21.793993], [-48.150217, -21.794217], [-48.150417, -21.794571], [-48.1511, -21.79471], [-48.151539, -21.795087]]], [[[-48.144931, -21.791249], [-48.144805, -21.791001], [-48.144589, -21.790925], [-48.143033, -21.790836], [-48.144679, -21.791604], [-48.145615, -21.792235], [-48.145569, -21.791924], [-48.144931, -21.791249]]], [[[-48.123128, -21.788549], [-48.122405, -21.788002], [-48.121974, -21.787898], [-48.122837, -21.788514], [-48.124127, -21.788973], [-48.123896, -21.788802], [-48.123128, -21.788549]]], [[[-48.149501, -21.783756], [-48.148204, -21.787382], [-48.147712, -21.788383], [-48.146399, -21.790326], [-48.145958, -21.790666], [-48.1455, -21.790743], [-48.145599, -21.790845], [-48.146046, -21.790898], [-48.14655, -21.790753], [-48.147112, -21.790894], [-48.147234, -21.791044], [-48.147424, -21.790853], [-48.149659, -21.785831], [-48.150226, -21.784177], [-48.150256, -21.783743], [-48.150168, -21.783587], [-48.149939, -21.783585], [-48.149501, -21.783756]]], [[[-48.121556, -21.785874], [-48.121609, -21.786373], [-48.122265, -21.787159], [-48.123371, -21.787859], [-48.12393, -21.787851], [-48.12436, -21.788095], [-48.125014, -21.788131], [-48.123354, -21.787287], [-48.122631, -21.786739], [-48.121956, -21.786134], [-48.121289, -21.785263], [-48.120685, -21.784716], [-48.120482, -21.785145], [-48.120768, -21.785298], [-48.120878, -21.785457], [-48.121337, -21.78554], [-48.121556, -21.785874]]], [[[-48.100956, -21.787586], [-48.101398, -21.787771], [-48.102152, -21.78763], [-48.102552, -21.787459], [-48.10535, -21.785096], [-48.106643, -21.784381], [-48.108288, -21.783865], [-48.111245, -21.783097], [-48.112596, -21.782495], [-48.11266, -21.782455], [-48.112312, -21.782114], [-48.112171, -21.781833], [-48.112152, -21.781272], [-48.111827, -21.78147], [-48.109894, -21.781998], [-48.106539, -21.783419], [-48.102852, -21.785383], [-48.101577, -21.78594], [-48.100928, -21.786448], [-48.100736, -21.78719], [-48.100956, -21.787586]], [[-48.111268, -21.782249], [-48.111193, -21.782372], [-48.110742, -21.782546], [-48.110639, -21.782521], [-48.110777, -21.782218], [-48.111029, -21.78206], [-48.11113, -21.782026], [-48.111268, -21.782249]]], [[[-48.114719, -21.782566], [-48.114633, -21.78237], [-48.114267, -21.782191], [-48.114085, -21.7823], [-48.113962, -21.782568], [-48.115092, -21.782854], [-48.116128, -21.783012], [-48.115963, -21.782836], [-48.115093, -21.782793], [-48.114719, -21.782566]]], [[[-48.115597, -21.7818], [-48.116314, -21.782054], [-48.117591, -21.783325], [-48.118344, -21.783519], [-48.11905, -21.783935], [-48.120071, -21.783983], [-48.119734, -21.783763], [-48.117806, -21.783051], [-48.116966, -21.782539], [-48.116125, -21.781715], [-48.11409, -21.781035], [-48.114225, -21.781154], [-48.114969, -21.78143], [-48.115154, -21.781812], [-48.115597, -21.7818]]], [[[-48.112083, -21.771643], [-48.112154, -21.770715], [-48.112346, -21.769877], [-48.112782, -21.769245], [-48.112917, -21.768627], [-48.11311, -21.768266], [-48.112994, -21.767999], [-48.112667, -21.76806], [-48.112364, -21.768317], [-48.112231, -21.768773], [-48.111879, -21.769285], [-48.111657, -21.77093], [-48.111776, -21.772259], [-48.111201, -21.775926], [-48.11146, -21.777257], [-48.112061, -21.778163], [-48.112381, -21.778934], [-48.112562, -21.780106], [-48.112824, -21.779995], [-48.113241, -21.779982], [-48.112561, -21.777789], [-48.112754, -21.776047], [-48.112482, -21.773325], [-48.112083, -21.771643]], [[-48.111641, -21.775836], [-48.111672, -21.775331], [-48.11222, -21.775842], [-48.112363, -21.776242], [-48.112404, -21.776647], [-48.111795, -21.776613], [-48.111806, -21.776394], [-48.111641, -21.775836]]], [[[-48.133337, -21.776906], [-48.131761, -21.774077], [-48.131664, -21.773538], [-48.13161, -21.772025], [-48.131076, -21.767856], [-48.13062, -21.76472], [-48.130468, -21.764375], [-48.129015, -21.762145], [-48.128623, -21.761166], [-48.128048, -21.760214], [-48.125789, -21.758714], [-48.12544, -21.758347], [-48.125094, -21.757764], [-48.124447, -21.75697], [-48.123869, -21.756382], [-48.122383, -21.755435], [-48.121817, -21.755261], [-48.121729, -21.755371], [-48.121749, -21.755822], [-48.121899, -21.756023], [-48.12337, -21.75724], [-48.123943, -21.758759], [-48.124297, -21.759045], [-48.125045, -21.759211], [-48.125883, -21.759602], [-48.127204, -21.760943], [-48.127554, -21.761968], [-48.127975, -21.762608], [-48.128704, -21.764952], [-48.129475, -21.766412], [-48.130108, -21.767926], [-48.130414, -21.770336], [-48.130323, -21.770997], [-48.130108, -21.771644], [-48.130194, -21.772521], [-48.130456, -21.773119], [-48.130856, -21.773531], [-48.13098, -21.774198], [-48.131456, -21.774965], [-48.131931, -21.776014], [-48.132612, -21.777104], [-48.133243, -21.777901], [-48.134794, -21.779227], [-48.134965, -21.779595], [-48.135992, -21.78394], [-48.136017, -21.78399], [-48.136406, -21.783906], [-48.135762, -21.781364], [-48.135466, -21.779184], [-48.135056, -21.778473], [-48.133337, -21.776906]], [[-48.130433, -21.764608], [-48.129083, -21.765002], [-48.128374, -21.762632], [-48.128955, -21.76244], [-48.130433, -21.764608]], [[-48.128885, -21.762318], [-48.128285, -21.762506], [-48.127701, -21.76075], [-48.127868, -21.760678], [-48.128885, -21.762318]]], [[[-48.165654, -21.763082], [-48.165544, -21.763544], [-48.165632, -21.763657], [-48.16584, -21.763563], [-48.166542, -21.762587], [-48.168261, -21.760753], [-48.168929, -21.760271], [-48.170316, -21.75948], [-48.172883, -21.758188], [-48.175039, -21.75734], [-48.176018, -21.757172], [-48.176975, -21.757314], [-48.175966, -21.755607], [-48.175616, -21.75601], [-48.17518, -21.756348], [-48.173604, -21.757086], [-48.169507, -21.759229], [-48.167883, -21.760232], [-48.167238, -21.760788], [-48.166157, -21.762102], [-48.165654, -21.763082]]], [[[-48.148578, -21.755709], [-48.148053, -21.755603], [-48.147059, -21.75518], [-48.146416, -21.754658], [-48.144675, -21.752745], [-48.143965, -21.752126], [-48.142798, -21.751351], [-48.138653, -21.749473], [-48.137894, -21.749217], [-48.137741, -21.749286], [-48.13797, -21.749555], [-48.138531, -21.749905], [-48.142152, -21.751816], [-48.143017, -21.752395], [-48.144752, -21.753991], [-48.145458, -21.754895], [-48.145964, -21.755785], [-48.145906, -21.756003], [-48.145609, -21.756186], [-48.143616, -21.756653], [-48.142803, -21.756654], [-48.13966, -21.756208], [-48.139589, -21.756244], [-48.139606, -21.756418], [-48.139846, -21.756594], [-48.140307, -21.756748], [-48.143434, -21.75742], [-48.14385, -21.757427], [-48.145071, -21.757148], [-48.146408, -21.756709], [-48.148894, -21.756808], [-48.150206, -21.757154], [-48.150528, -21.757454], [-48.150972, -21.758302], [-48.151246, -21.759044], [-48.15148, -21.760279], [-48.151406, -21.761667], [-48.150841, -21.762628], [-48.150908, -21.762715], [-48.151318, -21.762378], [-48.151648, -21.761973], [-48.151838, -21.761533], [-48.15202, -21.760286], [-48.151994, -21.758208], [-48.151892, -21.757166], [-48.152442, -21.755844], [-48.153146, -21.754964], [-48.154232, -21.75415], [-48.159587, -21.749509], [-48.161759, -21.747128], [-48.160248, -21.746306], [-48.159765, -21.747073], [-48.158791, -21.748114], [-48.155375, -21.751495], [-48.153566, -21.753178], [-48.151244, -21.754841], [-48.15044, -21.755291], [-48.149573, -21.755607], [-48.148578, -21.755709]]], [[[-48.151411, -21.733485], [-48.151209, -21.732727], [-48.150971, -21.732225], [-48.14836, -21.72991], [-48.148005, -21.729706], [-48.146387, -21.729141], [-48.145397, -21.729178], [-48.145341, -21.72926], [-48.145414, -21.729318], [-48.146271, -21.729478], [-48.147244, -21.730013], [-48.148054, -21.730321], [-48.148731, -21.73079], [-48.149628, -21.731568], [-48.150374, -21.732359], [-48.150623, -21.732971], [-48.150949, -21.735247], [-48.151314, -21.736826], [-48.151295, -21.737509], [-48.151124, -21.737855], [-48.150819, -21.738147], [-48.149555, -21.738614], [-48.148782, -21.738732], [-48.147845, -21.738734], [-48.144345, -21.738231], [-48.139482, -21.737897], [-48.13816, -21.737493], [-48.136406, -21.736679], [-48.136055, -21.736716], [-48.136011, -21.736964], [-48.136868, -21.737763], [-48.137557, -21.738204], [-48.139806, -21.738892], [-48.142354, -21.739345], [-48.144645, -21.739567], [-48.148209, -21.739747], [-48.149411, -21.739633], [-48.151714, -21.739207], [-48.152891, -21.739201], [-48.15362, -21.739296], [-48.155389, -21.739766], [-48.156718, -21.740379], [-48.157978, -21.741182], [-48.159143, -21.742168], [-48.160571, -21.743713], [-48.160873, -21.743182], [-48.159292, -21.741383], [-48.157004, -21.739414], [-48.153804, -21.737432], [-48.15317, -21.736848], [-48.152765, -21.736354], [-48.152095, -21.735214], [-48.151411, -21.733485]]], [[[-48.180395, -21.726177], [-48.182806, -21.725435], [-48.183466, -21.725304], [-48.184158, -21.725521], [-48.185506, -21.726579], [-48.185955, -21.726601], [-48.18616, -21.726501], [-48.186312, -21.726049], [-48.18628, -21.724773], [-48.185995, -21.724204], [-48.185553, -21.72385], [-48.184777, -21.723564], [-48.183901, -21.723611], [-48.179799, -21.724691], [-48.178498, -21.724846], [-48.177407, -21.725322], [-48.175698, -21.72648], [-48.175159, -21.726729], [-48.174888, -21.72677], [-48.174201, -21.726591], [-48.173535, -21.726232], [-48.171646, -21.724362], [-48.170929, -21.723915], [-48.170112, -21.723564], [-48.169225, -21.722878], [-48.168417, -21.722047], [-48.167879, -21.72124], [-48.167176, -21.719538], [-48.166959, -21.719304], [-48.166568, -21.719106], [-48.165674, -21.718918], [-48.163776, -21.717892], [-48.16338, -21.71743], [-48.163112, -21.71682], [-48.162763, -21.715191], [-48.162834, -21.714502], [-48.162762, -21.714232], [-48.162536, -21.71411], [-48.162261, -21.71413], [-48.161956, -21.714459], [-48.161713, -21.715527], [-48.161435, -21.716169], [-48.160911, -21.71674], [-48.160547, -21.716922], [-48.159717, -21.717075], [-48.158829, -21.717078], [-48.157694, -21.716897], [-48.155874, -21.716779], [-48.155236, -21.716895], [-48.155004, -21.7171], [-48.154998, -21.717308], [-48.155211, -21.717578], [-48.155633, -21.717813], [-48.156438, -21.718034], [-48.159363, -21.718324], [-48.161424, -21.718205], [-48.16267, -21.718405], [-48.163235, -21.718594], [-48.164057, -21.719242], [-48.164972, -21.719763], [-48.165924, -21.720422], [-48.166573, -21.72103], [-48.166965, -21.721817], [-48.167264, -21.722796], [-48.168362, -21.724703], [-48.168728, -21.725154], [-48.169114, -21.725378], [-48.169873, -21.725537], [-48.17077, -21.725856], [-48.171332, -21.726096], [-48.171925, -21.726473], [-48.172462, -21.727097], [-48.173664, -21.728937], [-48.174122, -21.730183], [-48.174859, -21.729762], [-48.175362, -21.729669], [-48.175497, -21.72907], [-48.17575, -21.728679], [-48.176722, -21.727941], [-48.178018, -21.727283], [-48.179114, -21.726867], [-48.180395, -21.726177]], [[-48.171082, -21.725139], [-48.171289, -21.725028], [-48.171772, -21.725139], [-48.173528, -21.726668], [-48.173565, -21.726865], [-48.172973, -21.727358], [-48.172858, -21.727365], [-48.172094, -21.726326], [-48.171427, -21.72578], [-48.171148, -21.725404], [-48.171082, -21.725139]], [[-48.179367, -21.725089], [-48.179505, -21.724797], [-48.181421, -21.724533], [-48.182057, -21.72452], [-48.18237, -21.72461], [-48.18247, -21.724754], [-48.182331, -21.725153], [-48.182135, -21.725356], [-48.180463, -21.72604], [-48.179953, -21.726353], [-48.179847, -21.726362], [-48.179748, -21.726234], [-48.179367, -21.725089]], [[-48.168808, -21.724883], [-48.167742, -21.722725], [-48.167606, -21.722257], [-48.167766, -21.722072], [-48.168051, -21.722033], [-48.168257, -21.722175], [-48.169713, -21.723628], [-48.170653, -21.724074], [-48.170917, -21.724358], [-48.170182, -21.725305], [-48.169193, -21.725122], [-48.168808, -21.724883]], [[-48.164043, -21.71829], [-48.164818, -21.718592], [-48.16527, -21.718859], [-48.164665, -21.719284], [-48.164073, -21.718879], [-48.163748, -21.718545], [-48.163854, -21.718286], [-48.164043, -21.71829]]], [[[-48.147739, -21.709674], [-48.148112, -21.709642], [-48.148398, -21.709262], [-48.148404, -21.707723], [-48.148253, -21.706711], [-48.147936, -21.705372], [-48.1468, -21.702793], [-48.146403, -21.701184], [-48.145828, -21.701596], [-48.147236, -21.704799], [-48.147807, -21.707501], [-48.147686, -21.70961], [-48.147739, -21.709674]]], [[[-48.159935, -21.69297], [-48.159472, -21.692893], [-48.158598, -21.69326], [-48.158515, -21.693377], [-48.160261, -21.694207], [-48.160908, -21.695038], [-48.161299, -21.69503], [-48.161343, -21.694526], [-48.160778, -21.693335], [-48.160834, -21.692877], [-48.161083, -21.692262], [-48.160058, -21.692651], [-48.159935, -21.69297]]], [[[-48.171008, -21.635044], [-48.17092, -21.636503], [-48.171214, -21.637346], [-48.171748, -21.638251], [-48.172607, -21.639324], [-48.173301, -21.64072], [-48.174336, -21.641919], [-48.174572, -21.642536], [-48.174733, -21.643521], [-48.174913, -21.643625], [-48.175114, -21.64356], [-48.175281, -21.642991], [-48.175046, -21.642266], [-48.174451, -21.641293], [-48.174033, -21.640418], [-48.173214, -21.639273], [-48.171526, -21.636406], [-48.17125, -21.635251], [-48.170845, -21.634067], [-48.171008, -21.635044]]], [[[-48.170425, -21.633835], [-48.170331, -21.633201], [-48.169623, -21.632377], [-48.169012, -21.632127], [-48.168615, -21.632089], [-48.168645, -21.632328], [-48.168963, -21.632403], [-48.169335, -21.632722], [-48.170311, -21.634194], [-48.170425, -21.633835]]], [[[-48.172292, -21.632221], [-48.173486, -21.630878], [-48.173356, -21.630877], [-48.172682, -21.631268], [-48.172476, -21.631629], [-48.172056, -21.631682], [-48.171784, -21.631965], [-48.171373, -21.632093], [-48.170681, -21.633146], [-48.170815, -21.633441], [-48.170845, -21.634067], [-48.171286, -21.633007], [-48.171644, -21.632597], [-48.172292, -21.632221]]], [[[-48.168521, -21.631153], [-48.16887, -21.631067], [-48.169515, -21.631374], [-48.16979, -21.631783], [-48.170142, -21.631774], [-48.170367, -21.631351], [-48.169264, -21.631031], [-48.168782, -21.630667], [-48.168462, -21.630239], [-48.168521, -21.631153]]], [[[-48.091615, -21.937283], [-48.090905, -21.937269], [-48.090571, -21.93717], [-48.090102, -21.937298], [-48.089343, -21.937014], [-48.088864, -21.936561], [-48.088525, -21.936673], [-48.08818, -21.936674], [-48.087878, -21.937], [-48.089355, -21.937109], [-48.089737, -21.93728], [-48.08987, -21.937637], [-48.089796, -21.937867], [-48.089553, -21.938151], [-48.088266, -21.938985], [-48.088195, -21.939276], [-48.088313, -21.939601], [-48.088546, -21.939746], [-48.08911, -21.939742], [-48.089937, -21.939434], [-48.09078, -21.939287], [-48.09106, -21.938954], [-48.09138, -21.938829], [-48.091847, -21.938937], [-48.093118, -21.939828], [-48.093887, -21.940871], [-48.093987, -21.942111], [-48.094088, -21.942424], [-48.094685, -21.942854], [-48.095028, -21.943206], [-48.095619, -21.94447], [-48.096052, -21.945106], [-48.096135, -21.945356], [-48.095707, -21.945963], [-48.095694, -21.946265], [-48.096124, -21.94674], [-48.096198, -21.946932], [-48.096002, -21.947509], [-48.095141, -21.9491], [-48.095058, -21.949621], [-48.095261, -21.949682], [-48.095648, -21.949315], [-48.096584, -21.947228], [-48.096806, -21.946469], [-48.096985, -21.946363], [-48.097303, -21.94676], [-48.097766, -21.947616], [-48.098311, -21.949831], [-48.098504, -21.95009], [-48.09882, -21.950153], [-48.098904, -21.94992], [-48.098817, -21.949359], [-48.098388, -21.947845], [-48.09813, -21.947303], [-48.096939, -21.945571], [-48.096888, -21.94454], [-48.096424, -21.944087], [-48.095189, -21.94233], [-48.094886, -21.941784], [-48.094567, -21.940928], [-48.093779, -21.939665], [-48.093449, -21.938792], [-48.09351, -21.938363], [-48.093306, -21.938466], [-48.092893, -21.938492], [-48.092534, -21.938329], [-48.092272, -21.938304], [-48.092002, -21.93799], [-48.091989, -21.937686], [-48.091615, -21.937283]]], [[[-48.072847, -21.935974], [-48.072272, -21.935517], [-48.071692, -21.935381], [-48.070967, -21.935356], [-48.070833, -21.935441], [-48.071034, -21.93559], [-48.072061, -21.935816], [-48.072692, -21.936316], [-48.073283, -21.936437], [-48.073994, -21.93707], [-48.07499, -21.937223], [-48.075302, -21.937613], [-48.075094, -21.938305], [-48.074907, -21.942126], [-48.074802, -21.942624], [-48.074497, -21.943203], [-48.074074, -21.943776], [-48.073687, -21.944724], [-48.073261, -21.945313], [-48.07284, -21.94667], [-48.071962, -21.948259], [-48.071852, -21.948644], [-48.071901, -21.948949], [-48.072215, -21.949143], [-48.072603, -21.948979], [-48.072673, -21.948268], [-48.072975, -21.947787], [-48.073476, -21.947314], [-48.073895, -21.947075], [-48.073989, -21.946926], [-48.074018, -21.94664], [-48.073887, -21.946079], [-48.073945, -21.945631], [-48.074619, -21.944283], [-48.075173, -21.943747], [-48.075536, -21.943529], [-48.07601, -21.943419], [-48.076513, -21.943603], [-48.077158, -21.943978], [-48.0782, -21.944821], [-48.079334, -21.946185], [-48.079498, -21.946251], [-48.079761, -21.94618], [-48.079935, -21.945901], [-48.079771, -21.945523], [-48.078559, -21.944395], [-48.077141, -21.943319], [-48.075907, -21.942727], [-48.075767, -21.942491], [-48.075716, -21.941418], [-48.075555, -21.940265], [-48.075988, -21.936518], [-48.075555, -21.93642], [-48.075377, -21.9367], [-48.075104, -21.936752], [-48.074048, -21.936458], [-48.073591, -21.936], [-48.072847, -21.935974]]], [[[-48.101592, -21.940403], [-48.102035, -21.943146], [-48.102095, -21.943953], [-48.102689, -21.944627], [-48.102857, -21.94555], [-48.10298, -21.945738], [-48.103292, -21.945867], [-48.103583, -21.94582], [-48.10378, -21.945466], [-48.103714, -21.945011], [-48.103351, -21.944346], [-48.102717, -21.943729], [-48.102655, -21.94306], [-48.102153, -21.941331], [-48.101899, -21.939836], [-48.101566, -21.93888], [-48.101333, -21.937811], [-48.101185, -21.937529], [-48.100597, -21.93712], [-48.100316, -21.936678], [-48.100133, -21.936179], [-48.100175, -21.935714], [-48.100538, -21.935283], [-48.099991, -21.935304], [-48.099697, -21.935504], [-48.099471, -21.935519], [-48.098922, -21.936027], [-48.098906, -21.936253], [-48.099191, -21.936214], [-48.099441, -21.936321], [-48.10015, -21.93752], [-48.100971, -21.938238], [-48.101047, -21.938744], [-48.101592, -21.940403]]], [[[-48.089527, -21.925882], [-48.089447, -21.924576], [-48.089154, -21.92416], [-48.088829, -21.924064], [-48.088555, -21.924319], [-48.088676, -21.925001], [-48.08868, -21.926194], [-48.088487, -21.926835], [-48.088581, -21.927606], [-48.088479, -21.928201], [-48.088731, -21.928844], [-48.089505, -21.930131], [-48.089618, -21.930552], [-48.089564, -21.9309], [-48.089204, -21.931551], [-48.089347, -21.931794], [-48.090258, -21.932504], [-48.090411, -21.933106], [-48.090758, -21.933628], [-48.090905, -21.934413], [-48.090942, -21.935151], [-48.091213, -21.936263], [-48.090483, -21.936346], [-48.089057, -21.935928], [-48.088722, -21.935932], [-48.08974, -21.936424], [-48.090534, -21.936544], [-48.091186, -21.936504], [-48.091426, -21.936261], [-48.092032, -21.935968], [-48.092431, -21.935915], [-48.093032, -21.935692], [-48.092677, -21.935603], [-48.092212, -21.935175], [-48.091136, -21.933599], [-48.09106, -21.932622], [-48.090291, -21.931007], [-48.089995, -21.929921], [-48.089615, -21.929065], [-48.08945, -21.928149], [-48.089166, -21.927504], [-48.089169, -21.927105], [-48.089527, -21.925882]]], [[[-48.080261, -21.924433], [-48.08, -21.924304], [-48.079787, -21.924385], [-48.079122, -21.925329], [-48.078637, -21.925762], [-48.077823, -21.926762], [-48.077345, -21.927143], [-48.07684, -21.927477], [-48.074961, -21.928248], [-48.073395, -21.929284], [-48.072982, -21.929702], [-48.072848, -21.931479], [-48.072995, -21.932293], [-48.072805, -21.932911], [-48.072436, -21.933455], [-48.072105, -21.933634], [-48.071619, -21.933743], [-48.070806, -21.933747], [-48.070284, -21.93365], [-48.069659, -21.933851], [-48.069096, -21.933787], [-48.068744, -21.93345], [-48.068469, -21.933348], [-48.068079, -21.933328], [-48.067926, -21.933396], [-48.068478, -21.933547], [-48.069105, -21.93393], [-48.069857, -21.934072], [-48.070369, -21.934036], [-48.071357, -21.934339], [-48.07192, -21.934133], [-48.072512, -21.93424], [-48.072832, -21.933898], [-48.072514, -21.933453], [-48.072822, -21.933223], [-48.073223, -21.933265], [-48.073632, -21.933452], [-48.073715, -21.932361], [-48.073616, -21.93084], [-48.073685, -21.930097], [-48.073865, -21.929755], [-48.074225, -21.929423], [-48.077871, -21.927535], [-48.078903, -21.926741], [-48.07974, -21.925889], [-48.080147, -21.925309], [-48.080307, -21.924915], [-48.080261, -21.924433]]], [[[-48.065273, -21.926637], [-48.064916, -21.925254], [-48.064394, -21.924621], [-48.064, -21.924421], [-48.063659, -21.924368], [-48.062884, -21.924434], [-48.063791, -21.926072], [-48.064441, -21.926973], [-48.064761, -21.927966], [-48.064533, -21.929347], [-48.064419, -21.930919], [-48.063977, -21.932513], [-48.06465, -21.932705], [-48.064709, -21.931999], [-48.064847, -21.931441], [-48.064931, -21.930172], [-48.065285, -21.928333], [-48.065273, -21.926637]]], [[[-48.085457, -21.884218], [-48.08555, -21.884445], [-48.086063, -21.884388], [-48.086898, -21.883506], [-48.087193, -21.883491], [-48.08828, -21.884577], [-48.088414, -21.884925], [-48.088214, -21.885555], [-48.08833, -21.885661], [-48.088594, -21.885613], [-48.088755, -21.885488], [-48.088902, -21.885051], [-48.088837, -21.884551], [-48.087854, -21.883467], [-48.087836, -21.883183], [-48.08821, -21.883053], [-48.088924, -21.883053], [-48.089187, -21.883128], [-48.089377, -21.883478], [-48.089276, -21.884788], [-48.089657, -21.885728], [-48.089665, -21.886108], [-48.089368, -21.887177], [-48.088627, -21.888633], [-48.088222, -21.889181], [-48.087918, -21.889786], [-48.087808, -21.890878], [-48.087493, -21.89184], [-48.087266, -21.892908], [-48.085953, -21.896038], [-48.085311, -21.897788], [-48.085385, -21.898901], [-48.0853, -21.899518], [-48.084983, -21.900559], [-48.084559, -21.901317], [-48.082842, -21.903474], [-48.08244, -21.903848], [-48.081469, -21.904535], [-48.080174, -21.90583], [-48.078347, -21.907335], [-48.07673, -21.908392], [-48.07516, -21.908892], [-48.074768, -21.909115], [-48.07376, -21.910128], [-48.073144, -21.910479], [-48.072557, -21.910698], [-48.068639, -21.911009], [-48.067804, -21.911206], [-48.067007, -21.91121], [-48.066684, -21.911072], [-48.065963, -21.910302], [-48.065578, -21.911015], [-48.065717, -21.911547], [-48.065548, -21.911758], [-48.065052, -21.912047], [-48.064214, -21.913725], [-48.064729, -21.913701], [-48.065224, -21.913489], [-48.06624, -21.91244], [-48.06722, -21.912038], [-48.068541, -21.911709], [-48.070313, -21.911566], [-48.071121, -21.911367], [-48.07165, -21.911439], [-48.071858, -21.911688], [-48.07196, -21.91209], [-48.071768, -21.913657], [-48.071459, -21.914095], [-48.071076, -21.914369], [-48.070691, -21.914959], [-48.070013, -21.915672], [-48.070077, -21.916189], [-48.070537, -21.916702], [-48.071044, -21.917122], [-48.071531, -21.917139], [-48.071958, -21.916872], [-48.071978, -21.915726], [-48.072061, -21.915481], [-48.072919, -21.914696], [-48.073166, -21.914357], [-48.073109, -21.91392], [-48.072806, -21.91349], [-48.072676, -21.913097], [-48.072856, -21.911917], [-48.073063, -21.911591], [-48.074648, -21.910283], [-48.075058, -21.909766], [-48.07537, -21.909629], [-48.076412, -21.90941], [-48.077443, -21.908949], [-48.078335, -21.908026], [-48.080102, -21.906715], [-48.081434, -21.905351], [-48.08267, -21.904385], [-48.0833, -21.903756], [-48.084424, -21.902298], [-48.085126, -21.901758], [-48.085508, -21.901636], [-48.085708, -21.901687], [-48.086203, -21.902196], [-48.087226, -21.902516], [-48.087697, -21.902786], [-48.087773, -21.903057], [-48.087758, -21.903664], [-48.088173, -21.903849], [-48.088685, -21.904742], [-48.08898, -21.90497], [-48.09001, -21.905196], [-48.090248, -21.905193], [-48.090471, -21.905049], [-48.090678, -21.904683], [-48.090687, -21.904424], [-48.090608, -21.90414], [-48.090224, -21.903579], [-48.089808, -21.903242], [-48.088655, -21.90259], [-48.087706, -21.902272], [-48.08651, -21.901305], [-48.086145, -21.900868], [-48.085987, -21.900361], [-48.085928, -21.898401], [-48.086016, -21.897826], [-48.08676, -21.896356], [-48.087244, -21.8952], [-48.087839, -21.894379], [-48.088039, -21.891944], [-48.088402, -21.890913], [-48.088689, -21.889756], [-48.0903, -21.887567], [-48.090505, -21.887137], [-48.090617, -21.886506], [-48.090588, -21.886031], [-48.090155, -21.884929], [-48.090054, -21.884444], [-48.090045, -21.882746], [-48.08973, -21.882691], [-48.089231, -21.88237], [-48.089008, -21.882559], [-48.087601, -21.882616], [-48.086987, -21.882945], [-48.085681, -21.883899], [-48.085457, -21.884218]]], [[[-48.045939, -21.888787], [-48.046353, -21.888706], [-48.046694, -21.888273], [-48.04683, -21.887899], [-48.046776, -21.886776], [-48.046556, -21.885761], [-48.046332, -21.885234], [-48.045542, -21.883976], [-48.045178, -21.883148], [-48.044923, -21.882404], [-48.044818, -21.881804], [-48.044485, -21.880896], [-48.043898, -21.881246], [-48.043965, -21.882323], [-48.044299, -21.883569], [-48.044831, -21.884782], [-48.045545, -21.885823], [-48.045886, -21.88663], [-48.045939, -21.888787]]], [[[-48.07801, -21.878016], [-48.078615, -21.877553], [-48.078694, -21.8774], [-48.078241, -21.877503], [-48.077943, -21.877708], [-48.077812, -21.877688], [-48.077705, -21.877618], [-48.077466, -21.877025], [-48.077105, -21.876872], [-48.076105, -21.877247], [-48.076085, -21.877308], [-48.076758, -21.877928], [-48.077067, -21.878099], [-48.077608, -21.878146], [-48.07801, -21.878016]]], [[[-48.086099, -21.873266], [-48.085327, -21.873706], [-48.084211, -21.87479], [-48.084482, -21.874639], [-48.084746, -21.874702], [-48.084818, -21.874956], [-48.085099, -21.875337], [-48.085453, -21.875534], [-48.085317, -21.875208], [-48.085431, -21.874765], [-48.086075, -21.874061], [-48.08682, -21.873503], [-48.086813, -21.873148], [-48.086493, -21.873134], [-48.086099, -21.873266]]], [[[-48.056795, -21.872451], [-48.055611, -21.873025], [-48.055478, -21.873326], [-48.055105, -21.873499], [-48.054931, -21.873772], [-48.055269, -21.87382], [-48.055738, -21.873657], [-48.056103, -21.873416], [-48.056795, -21.872451]]], [[[-48.008195, -21.872026], [-48.007562, -21.872807], [-48.007011, -21.873655], [-48.006775, -21.874271], [-48.006709, -21.875087], [-48.006838, -21.875358], [-48.007053, -21.875483], [-48.007267, -21.875458], [-48.00744, -21.875336], [-48.007691, -21.874776], [-48.007838, -21.874622], [-48.008168, -21.874426], [-48.008937, -21.874239], [-48.009147, -21.874067], [-48.009461, -21.873651], [-48.010027, -21.87259], [-48.010916, -21.871502], [-48.011154, -21.870957], [-48.011618, -21.868704], [-48.011235, -21.868797], [-48.0107, -21.868688], [-48.010755, -21.869404], [-48.010419, -21.870391], [-48.009952, -21.870874], [-48.008873, -21.871444], [-48.008195, -21.872026]], [[-48.0092, -21.873665], [-48.009046, -21.873751], [-48.008753, -21.87357], [-48.008612, -21.873328], [-48.008605, -21.872817], [-48.008641, -21.872509], [-48.008775, -21.872339], [-48.00919, -21.872337], [-48.008888, -21.872204], [-48.008878, -21.87213], [-48.009092, -21.871535], [-48.009352, -21.871458], [-48.009807, -21.871601], [-48.009842, -21.8718], [-48.009659, -21.872289], [-48.00947, -21.872407], [-48.009311, -21.872393], [-48.00943, -21.872611], [-48.009444, -21.873146], [-48.0092, -21.873665]]], [[[-48.058806, -21.870477], [-48.058554, -21.870737], [-48.057961, -21.870847], [-48.057431, -21.871059], [-48.057112, -21.87131], [-48.057012, -21.872165], [-48.056894, -21.872363], [-48.057469, -21.871956], [-48.058935, -21.871316], [-48.059606, -21.870792], [-48.06003, -21.870343], [-48.059791, -21.870373], [-48.059599, -21.870584], [-48.058982, -21.870447], [-48.058806, -21.870477]]], [[[-47.993365, -21.863355], [-47.992154, -21.863187], [-47.990876, -21.863426], [-47.99029, -21.863418], [-47.989935, -21.863297], [-47.989572, -21.863016], [-47.98907, -21.86225], [-47.9888, -21.862217], [-47.988534, -21.862683], [-47.988189, -21.863071], [-47.987264, -21.863604], [-47.986287, -21.863882], [-47.986146, -21.864121], [-47.986324, -21.864251], [-47.987319, -21.86419], [-47.988195, -21.864431], [-47.988481, -21.864897], [-47.988854, -21.864978], [-47.989422, -21.864445], [-47.990154, -21.86463], [-47.990702, -21.864651], [-47.992019, -21.864522], [-47.992636, -21.864126], [-47.992877, -21.864063], [-47.993065, -21.864146], [-47.993202, -21.864401], [-47.993119, -21.864584], [-47.992459, -21.864922], [-47.991053, -21.865964], [-47.990998, -21.866153], [-47.991055, -21.866232], [-47.991883, -21.866181], [-47.992625, -21.866356], [-47.993622, -21.865776], [-47.994256, -21.865105], [-47.99472, -21.864902], [-47.995221, -21.864909], [-47.995542, -21.865302], [-47.995816, -21.865404], [-47.996577, -21.865422], [-47.997232, -21.865588], [-47.998863, -21.866455], [-48.000521, -21.867144], [-48.001363, -21.867936], [-48.002526, -21.870043], [-48.002972, -21.870406], [-48.003322, -21.870303], [-48.003485, -21.870081], [-48.003527, -21.869164], [-48.003441, -21.868012], [-48.003499, -21.867471], [-48.003978, -21.866999], [-48.005216, -21.866712], [-48.006074, -21.866607], [-48.006938, -21.866667], [-48.007781, -21.86684], [-48.009264, -21.867632], [-48.010185, -21.867866], [-48.010015, -21.867474], [-48.010111, -21.866781], [-48.009802, -21.866723], [-48.008262, -21.866012], [-48.005142, -21.865844], [-48.002994, -21.866536], [-48.002511, -21.866616], [-48.001776, -21.866537], [-47.999694, -21.865995], [-47.99796, -21.8649], [-47.996835, -21.864373], [-47.993365, -21.863355]], [[-48.003406, -21.868525], [-48.003199, -21.869919], [-48.003067, -21.870027], [-48.002727, -21.869839], [-48.002037, -21.868921], [-48.003036, -21.868516], [-48.003337, -21.868429], [-48.003406, -21.868525]], [[-47.991276, -21.864269], [-47.990719, -21.864446], [-47.990083, -21.864328], [-47.989546, -21.864018], [-47.989025, -21.86419], [-47.988724, -21.86389], [-47.988742, -21.863719], [-47.989004, -21.863677], [-47.988783, -21.863404], [-47.988729, -21.863113], [-47.988911, -21.86289], [-47.989178, -21.862826], [-47.989715, -21.86332], [-47.99068, -21.863672], [-47.991531, -21.863526], [-47.992069, -21.863339], [-47.992152, -21.864151], [-47.992101, -21.86429], [-47.991873, -21.86441], [-47.991276, -21.864269]]], [[[-48.021679, -21.866921], [-48.021959, -21.867365], [-48.022026, -21.867853], [-48.022429, -21.868015], [-48.022979, -21.86793], [-48.023611, -21.867464], [-48.023799, -21.867199], [-48.023703, -21.866916], [-48.022973, -21.867035], [-48.022494, -21.866944], [-48.021715, -21.866169], [-48.021308, -21.865892], [-48.020911, -21.865741], [-48.019406, -21.865442], [-48.017144, -21.863389], [-48.017117, -21.863283], [-48.017035, -21.863465], [-48.017203, -21.863926], [-48.017176, -21.864071], [-48.016802, -21.864304], [-48.016689, -21.864134], [-48.016319, -21.864628], [-48.016537, -21.864687], [-48.017591, -21.865347], [-48.018656, -21.866221], [-48.019172, -21.86633], [-48.020938, -21.866419], [-48.021679, -21.866921]], [[-48.017667, -21.864157], [-48.018188, -21.864878], [-48.018199, -21.865107], [-48.017379, -21.864956], [-48.016883, -21.86457], [-48.016987, -21.864401], [-48.017464, -21.864105], [-48.017667, -21.864157]]], [[[-48.009978, -21.858501], [-48.010065, -21.859099], [-48.010624, -21.86009], [-48.010975, -21.860297], [-48.012604, -21.860825], [-48.012721, -21.859879], [-48.011626, -21.859803], [-48.010872, -21.859496], [-48.010246, -21.858397], [-48.009978, -21.858501]]], [[[-48.049684, -21.836096], [-48.049852, -21.836052], [-48.049957, -21.835831], [-48.050088, -21.835047], [-48.049901, -21.833171], [-48.049589, -21.832563], [-48.049549, -21.832935], [-48.049114, -21.833605], [-48.049325, -21.835472], [-48.049442, -21.835817], [-48.049684, -21.836096]]], [[[-48.067212, -21.831103], [-48.067516, -21.830963], [-48.067478, -21.830775], [-48.066901, -21.830433], [-48.066296, -21.830361], [-48.062686, -21.831158], [-48.062121, -21.831131], [-48.061183, -21.830513], [-48.060474, -21.829855], [-48.060125, -21.82982], [-48.059933, -21.829887], [-48.059392, -21.830316], [-48.05877, -21.830335], [-48.058393, -21.830203], [-48.058031, -21.829973], [-48.057923, -21.829799], [-48.057586, -21.82962], [-48.056949, -21.82958], [-48.056405, -21.82964], [-48.056125, -21.829541], [-48.055326, -21.828865], [-48.05469, -21.828953], [-48.054819, -21.829106], [-48.054794, -21.829365], [-48.055175, -21.829417], [-48.056265, -21.830046], [-48.056924, -21.830155], [-48.057463, -21.830109], [-48.057919, -21.830456], [-48.058678, -21.83064], [-48.059181, -21.83069], [-48.060008, -21.830482], [-48.060242, -21.830535], [-48.060963, -21.830934], [-48.061225, -21.831171], [-48.061298, -21.831921], [-48.061776, -21.832528], [-48.062102, -21.832552], [-48.062185, -21.832392], [-48.061574, -21.831743], [-48.06158, -21.831389], [-48.061701, -21.831259], [-48.062235, -21.831517], [-48.062803, -21.831671], [-48.063259, -21.831644], [-48.064562, -21.831324], [-48.065821, -21.831299], [-48.065952, -21.831787], [-48.066026, -21.83184], [-48.066313, -21.831774], [-48.067212, -21.831103]]], [[[-48.042296, -21.830018], [-48.043198, -21.829272], [-48.044272, -21.828803], [-48.045023, -21.828796], [-48.045795, -21.82902], [-48.045634, -21.828805], [-48.045262, -21.828635], [-48.044493, -21.828506], [-48.044058, -21.828349], [-48.043655, -21.828519], [-48.043374, -21.828448], [-48.043227, -21.828275], [-48.043111, -21.827889], [-48.043026, -21.828275], [-48.042051, -21.829622], [-48.042118, -21.829955], [-48.042296, -21.830018]]], [[[-48.04509, -21.824261], [-48.045651, -21.824279], [-48.045121, -21.823979], [-48.043388, -21.823259], [-48.042869, -21.822899], [-48.042548, -21.822373], [-48.042684, -21.822762], [-48.043086, -21.823243], [-48.043982, -21.823782], [-48.044472, -21.823896], [-48.04509, -21.824261]]], [[[-48.055638, -21.815575], [-48.057339, -21.816893], [-48.058699, -21.81776], [-48.059413, -21.817917], [-48.061294, -21.817993], [-48.061779, -21.817963], [-48.062276, -21.817702], [-48.062213, -21.817435], [-48.061858, -21.81729], [-48.060231, -21.81713], [-48.059341, -21.817141], [-48.058918, -21.817073], [-48.058372, -21.816858], [-48.057433, -21.8161], [-48.057028, -21.8156], [-48.056138, -21.815117], [-48.055878, -21.814833], [-48.055778, -21.814574], [-48.055694, -21.813648], [-48.055484, -21.813219], [-48.055015, -21.812949], [-48.054435, -21.812776], [-48.054065, -21.812542], [-48.052691, -21.810911], [-48.053284, -21.812153], [-48.05375, -21.812634], [-48.05441, -21.813602], [-48.054278, -21.81424], [-48.054072, -21.814301], [-48.054472, -21.814445], [-48.055638, -21.815575]]], [[[-48.050182, -21.809661], [-48.049607, -21.809315], [-48.049437, -21.809065], [-48.048771, -21.808855], [-48.049176, -21.809084], [-48.051245, -21.810749], [-48.051269, -21.810495], [-48.050182, -21.809661]]], [[[-48.073793, -21.808031], [-48.074423, -21.809479], [-48.074976, -21.810267], [-48.075352, -21.810553], [-48.075522, -21.8105], [-48.075601, -21.810167], [-48.075447, -21.809756], [-48.075052, -21.809208], [-48.075061, -21.808926], [-48.075516, -21.808956], [-48.076244, -21.80915], [-48.077301, -21.809563], [-48.077437, -21.809509], [-48.077376, -21.809284], [-48.076857, -21.808954], [-48.076536, -21.808623], [-48.075761, -21.808684], [-48.075206, -21.808561], [-48.074878, -21.808372], [-48.074641, -21.80784], [-48.074534, -21.806502], [-48.074033, -21.806523], [-48.073996, -21.806756], [-48.073721, -21.807191], [-48.07369, -21.807546], [-48.073793, -21.808031]]], [[[-48.093691, -21.810421], [-48.094048, -21.810348], [-48.094281, -21.810191], [-48.094323, -21.809934], [-48.094107, -21.809511], [-48.0922, -21.807845], [-48.090234, -21.806613], [-48.09002, -21.806313], [-48.090051, -21.805625], [-48.090244, -21.805374], [-48.090358, -21.805354], [-48.091844, -21.805565], [-48.092579, -21.805779], [-48.093441, -21.806231], [-48.095431, -21.807953], [-48.095838, -21.80808], [-48.09621, -21.808045], [-48.096404, -21.807785], [-48.096354, -21.807586], [-48.095382, -21.807265], [-48.095203, -21.807061], [-48.094589, -21.805865], [-48.094652, -21.805442], [-48.095153, -21.804977], [-48.095105, -21.804765], [-48.094816, -21.804781], [-48.093579, -21.805148], [-48.092873, -21.80517], [-48.09106, -21.805053], [-48.090373, -21.804828], [-48.090047, -21.804628], [-48.089445, -21.805037], [-48.089268, -21.80529], [-48.089283, -21.805919], [-48.08934, -21.806206], [-48.089623, -21.806757], [-48.091309, -21.808588], [-48.092226, -21.809325], [-48.093019, -21.810188], [-48.09328, -21.810341], [-48.093691, -21.810421]]], [[[-48.045203, -21.801576], [-48.045551, -21.801442], [-48.045592, -21.801261], [-48.045351, -21.80138], [-48.04469, -21.80149], [-48.042389, -21.801296], [-48.042117, -21.801448], [-48.042017, -21.801636], [-48.042104, -21.80197], [-48.042466, -21.802104], [-48.045299, -21.802466], [-48.045691, -21.802305], [-48.045199, -21.802191], [-48.045014, -21.802032], [-48.045203, -21.801576]]], [[[-48.088097, -21.802333], [-48.087635, -21.801671], [-48.087366, -21.801819], [-48.086942, -21.801648], [-48.086279, -21.801206], [-48.085508, -21.801339], [-48.086118, -21.8014], [-48.087284, -21.802034], [-48.088097, -21.802333]]], [[[-48.082221, -21.801137], [-48.082053, -21.80192], [-48.082255, -21.802013], [-48.08247, -21.801803], [-48.082623, -21.801423], [-48.082806, -21.801244], [-48.084078, -21.800938], [-48.084453, -21.800914], [-48.083997, -21.800841], [-48.083206, -21.801096], [-48.08276, -21.800958], [-48.081989, -21.800916], [-48.082221, -21.801137]]], [[[-48.090611, -21.798364], [-48.08893, -21.799201], [-48.088388, -21.799632], [-48.087949, -21.800384], [-48.087433, -21.800778], [-48.087065, -21.800858], [-48.086341, -21.800767], [-48.08698, -21.801112], [-48.087483, -21.801075], [-48.088322, -21.801221], [-48.088342, -21.801283], [-48.08805, -21.801516], [-48.088417, -21.801675], [-48.088876, -21.802145], [-48.089066, -21.802214], [-48.088864, -21.801641], [-48.088951, -21.800357], [-48.089322, -21.799772], [-48.090253, -21.799062], [-48.090618, -21.798661], [-48.090746, -21.798435], [-48.090611, -21.798364]]], [[[-48.077826, -21.799785], [-48.076599, -21.799636], [-48.076327, -21.799768], [-48.075957, -21.800142], [-48.075863, -21.800491], [-48.07596, -21.800534], [-48.076123, -21.80014], [-48.076385, -21.799844], [-48.076716, -21.799768], [-48.077953, -21.800059], [-48.079117, -21.800603], [-48.079674, -21.800649], [-48.07962, -21.800541], [-48.079319, -21.80037], [-48.078183, -21.800088], [-48.077826, -21.799785]]], [[[-48.081642, -21.799427], [-48.080807, -21.799586], [-48.081156, -21.799677], [-48.081909, -21.79961], [-48.083356, -21.800159], [-48.083801, -21.8001], [-48.085184, -21.80069], [-48.085667, -21.80062], [-48.08503, -21.800396], [-48.083861, -21.799674], [-48.083054, -21.799819], [-48.082567, -21.799724], [-48.081938, -21.799457], [-48.081642, -21.799427]]], [[[-48.077367, -21.798978], [-48.078061, -21.79916], [-48.079, -21.799626], [-48.079438, -21.799736], [-48.079743, -21.799658], [-48.077893, -21.798934], [-48.07727, -21.798898], [-48.07634, -21.799024], [-48.075824, -21.79858], [-48.075631, -21.798578], [-48.075461, -21.798724], [-48.076506, -21.799205], [-48.076889, -21.79917], [-48.077367, -21.798978]]], [[[-48.002349, -21.813111], [-48.001898, -21.811815], [-48.001341, -21.811042], [-48.001005, -21.809916], [-48.001061, -21.809322], [-48.002049, -21.808328], [-48.002473, -21.807231], [-48.002565, -21.806691], [-48.00257, -21.805394], [-48.002431, -21.803868], [-48.001977, -21.802338], [-48.001646, -21.802073], [-48.001123, -21.80182], [-48.000912, -21.801445], [-48.000084, -21.800576], [-47.999824, -21.800073], [-47.999534, -21.79888], [-47.999256, -21.798256], [-47.998184, -21.79666], [-47.997991, -21.796019], [-47.997924, -21.795211], [-47.998097, -21.794689], [-47.998875, -21.793624], [-47.998837, -21.793378], [-47.997579, -21.791679], [-47.996037, -21.790579], [-47.994493, -21.788741], [-47.994118, -21.788516], [-47.993313, -21.788278], [-47.991385, -21.787494], [-47.9909, -21.78744], [-47.990165, -21.787545], [-47.989846, -21.787404], [-47.989651, -21.787062], [-47.989592, -21.786655], [-47.989357, -21.786037], [-47.989132, -21.785755], [-47.988442, -21.785212], [-47.988279, -21.784636], [-47.988336, -21.784187], [-47.988583, -21.783821], [-47.988956, -21.783538], [-47.989553, -21.783268], [-47.990008, -21.7827], [-47.990773, -21.782491], [-47.990741, -21.782231], [-47.990438, -21.781963], [-47.990081, -21.781347], [-47.990174, -21.78081], [-47.990115, -21.780447], [-47.989769, -21.780985], [-47.989346, -21.781013], [-47.989211, -21.781112], [-47.989139, -21.78145], [-47.989372, -21.781821], [-47.989478, -21.78244], [-47.989422, -21.782536], [-47.989232, -21.782632], [-47.988254, -21.782659], [-47.987992, -21.782764], [-47.987358, -21.783275], [-47.987412, -21.783898], [-47.987793, -21.785065], [-47.988096, -21.78552], [-47.988801, -21.786166], [-47.988952, -21.78714], [-47.98961, -21.787843], [-47.989712, -21.788389], [-47.989943, -21.788475], [-47.990631, -21.788455], [-47.992126, -21.789111], [-47.992836, -21.789536], [-47.993703, -21.78967], [-47.99424, -21.78994], [-47.994502, -21.790378], [-47.994726, -21.791594], [-47.995373, -21.792275], [-47.995542, -21.792597], [-47.99573, -21.793863], [-47.995761, -21.795721], [-47.996297, -21.797482], [-47.99656, -21.798093], [-47.997579, -21.799697], [-47.999014, -21.800949], [-47.999836, -21.802037], [-48.000043, -21.802516], [-48.00006, -21.802969], [-47.999958, -21.803514], [-48.000208, -21.805375], [-48.000068, -21.807144], [-47.999887, -21.807754], [-47.99947, -21.808554], [-47.999443, -21.80884], [-47.999817, -21.809318], [-47.999683, -21.810192], [-47.999768, -21.810996], [-47.999961, -21.81181], [-48.000582, -21.812715], [-48.000702, -21.813199], [-48.000724, -21.814132], [-48.000537, -21.814538], [-48.000405, -21.815448], [-47.999746, -21.816198], [-47.999718, -21.816442], [-48.000247, -21.816464], [-48.001376, -21.816304], [-48.001596, -21.816169], [-48.002089, -21.815569], [-48.002292, -21.815247], [-48.002454, -21.814707], [-48.002512, -21.813933], [-48.002349, -21.813111]]], [[[-48.069653, -21.79495], [-48.070288, -21.795101], [-48.070644, -21.795357], [-48.070907, -21.795324], [-48.071097, -21.795161], [-48.071219, -21.795162], [-48.071461, -21.79532], [-48.071544, -21.795755], [-48.071898, -21.796104], [-48.072989, -21.796637], [-48.073454, -21.796685], [-48.073944, -21.796542], [-48.074339, -21.796854], [-48.073602, -21.796035], [-48.073108, -21.795674], [-48.071708, -21.795301], [-48.070395, -21.794557], [-48.069304, -21.794613], [-48.068927, -21.794456], [-48.069038, -21.794638], [-48.069376, -21.794674], [-48.069653, -21.79495]]], [[[-47.977974, -21.792722], [-47.977852, -21.792936], [-47.977512, -21.793175], [-47.977123, -21.793856], [-47.977568, -21.794261], [-47.977503, -21.794621], [-47.977207, -21.794878], [-47.977436, -21.795664], [-47.977222, -21.796187], [-47.978263, -21.795723], [-47.978426, -21.795395], [-47.978428, -21.794458], [-47.978294, -21.793256], [-47.978487, -21.792427], [-47.978284, -21.792024], [-47.978346, -21.790973], [-47.978012, -21.79195], [-47.978251, -21.79216], [-47.977863, -21.792277], [-47.977974, -21.792722]]], [[[-48.093396, -21.777206], [-48.093452, -21.776758], [-48.09336, -21.776903], [-48.093396, -21.777206]]], [[[-48.093464, -21.776721], [-48.093442, -21.776683], [-48.093432, -21.776674], [-48.093464, -21.776721]]], [[[-48.079657, -21.765993], [-48.081032, -21.7666], [-48.083438, -21.767999], [-48.085074, -21.768312], [-48.085853, -21.769007], [-48.087103, -21.769846], [-48.087925, -21.770119], [-48.089721, -21.772051], [-48.09148, -21.77371], [-48.091628, -21.774077], [-48.091673, -21.774726], [-48.091675, -21.777174], [-48.091781, -21.779693], [-48.09207, -21.781036], [-48.092232, -21.783016], [-48.091886, -21.78405], [-48.091772, -21.784643], [-48.091685, -21.786203], [-48.091525, -21.787204], [-48.091583, -21.787799], [-48.091912, -21.788088], [-48.092196, -21.787867], [-48.092416, -21.787376], [-48.092605, -21.785866], [-48.092456, -21.784186], [-48.092722, -21.783205], [-48.092727, -21.781553], [-48.093186, -21.779426], [-48.09311, -21.778706], [-48.093193, -21.777338], [-48.093359, -21.777239], [-48.093096, -21.77718], [-48.092891, -21.776849], [-48.092976, -21.776693], [-48.093354, -21.776613], [-48.0931, -21.776614], [-48.09299, -21.7759], [-48.093074, -21.774913], [-48.093321, -21.774522], [-48.093251, -21.774009], [-48.092883, -21.773537], [-48.091426, -21.772391], [-48.089355, -21.769817], [-48.087646, -21.769059], [-48.086456, -21.768086], [-48.086005, -21.767854], [-48.083654, -21.767133], [-48.08241, -21.76652], [-48.081608, -21.766395], [-48.080998, -21.76593], [-48.08045, -21.765686], [-48.078519, -21.765059], [-48.078111, -21.764811], [-48.077276, -21.764051], [-48.077324, -21.764207], [-48.077673, -21.764582], [-48.077779, -21.76499], [-48.078495, -21.765295], [-48.0787, -21.765279], [-48.079298, -21.765519], [-48.079657, -21.765993]], [[-48.092373, -21.782189], [-48.092015, -21.779342], [-48.093162, -21.779467], [-48.092758, -21.780678], [-48.092566, -21.782438], [-48.092413, -21.782323], [-48.092373, -21.782189]], [[-48.092612, -21.778481], [-48.092649, -21.777424], [-48.092698, -21.777341], [-48.092929, -21.777355], [-48.093116, -21.777548], [-48.093165, -21.777776], [-48.093068, -21.777991], [-48.092798, -21.778169], [-48.092688, -21.778592], [-48.092612, -21.778481]]], [[[-47.995132, -21.773906], [-47.993112, -21.774041], [-47.991359, -21.774062], [-47.991481, -21.774189], [-47.992066, -21.774365], [-47.992278, -21.774518], [-47.992344, -21.77465], [-47.992309, -21.774846], [-47.994461, -21.774769], [-47.995011, -21.774672], [-47.995409, -21.774356], [-47.995451, -21.774061], [-47.995132, -21.773906]]], [[[-47.946802, -21.774587], [-47.946743, -21.775139], [-47.947162, -21.773968], [-47.947464, -21.77348], [-47.948095, -21.772862], [-47.949557, -21.771934], [-47.950151, -21.771727], [-47.95099, -21.771613], [-47.952325, -21.771764], [-47.953186, -21.771545], [-47.954171, -21.771497], [-47.954465, -21.771189], [-47.954447, -21.770835], [-47.954201, -21.770642], [-47.95397, -21.770602], [-47.953107, -21.770675], [-47.950907, -21.770569], [-47.948652, -21.771014], [-47.948341, -21.770944], [-47.947959, -21.770489], [-47.947985, -21.771693], [-47.9474381510574, -21.77299265407855], [-47.947199, -21.77323], [-47.947093, -21.773822], [-47.946802, -21.774587]], [[-47.947446, -21.772992], [-47.947438, -21.772993], [-47.9474381510574, -21.77299265407855], [-47.947446, -21.772992]]], [[[-47.993548, -21.771214], [-47.994548, -21.771086], [-47.995319, -21.770832], [-47.996143, -21.770372], [-47.997615, -21.769306], [-48.000211, -21.768363], [-48.000527, -21.768017], [-48.00049, -21.7678], [-48.000018, -21.767733], [-47.998715, -21.768215], [-47.995461, -21.770058], [-47.994475, -21.770371], [-47.993629, -21.770421], [-47.992687, -21.770248], [-47.991491, -21.769832], [-47.990668, -21.769424], [-47.990478, -21.769247], [-47.990531, -21.770658], [-47.990394, -21.771089], [-47.990756, -21.770937], [-47.991316, -21.770843], [-47.992701, -21.771171], [-47.993548, -21.771214]]], [[[-47.980015, -21.755874], [-47.979578, -21.755254], [-47.979539, -21.75594], [-47.979407, -21.756514], [-47.979256, -21.757014], [-47.978938, -21.757654], [-47.978825, -21.758114], [-47.978868, -21.758653], [-47.979013, -21.758964], [-47.979362, -21.759328], [-47.980494, -21.759937], [-47.981072, -21.760371], [-47.983105, -21.762134], [-47.983939, -21.763017], [-47.984608, -21.764236], [-47.984734, -21.764044], [-47.984729, -21.763055], [-47.984249, -21.762601], [-47.983849, -21.762075], [-47.983159, -21.761896], [-47.982806, -21.761043], [-47.982232, -21.760292], [-47.981851, -21.760134], [-47.980909, -21.759413], [-47.981072, -21.758583], [-47.980622, -21.75671], [-47.980414, -21.756126], [-47.980015, -21.755874]]], [[[-48.073718, -21.759724], [-48.073777, -21.760097], [-48.073996, -21.760168], [-48.074172, -21.759844], [-48.073784, -21.759255], [-48.073305, -21.759036], [-48.0732, -21.75846], [-48.072365, -21.758413], [-48.072607, -21.758589], [-48.072895, -21.7593], [-48.073543, -21.759474], [-48.073718, -21.759724]]], [[[-47.970804, -21.752936], [-47.97108, -21.753213], [-47.971907, -21.753482], [-47.972138, -21.753689], [-47.972461, -21.754987], [-47.972833, -21.755385], [-47.973492, -21.75577], [-47.974081, -21.755885], [-47.9748, -21.755852], [-47.975203, -21.755717], [-47.975695, -21.755213], [-47.976306, -21.755272], [-47.976646, -21.755177], [-47.977385, -21.754441], [-47.977651, -21.754311], [-47.978439, -21.754286], [-47.978113, -21.75412], [-47.977622, -21.754233], [-47.977192, -21.753988], [-47.977064, -21.75401], [-47.976921, -21.754158], [-47.976847, -21.75491], [-47.976535, -21.75511], [-47.97603, -21.754724], [-47.975606, -21.754831], [-47.975393, -21.754746], [-47.974952, -21.754341], [-47.974845, -21.753507], [-47.974621, -21.753387], [-47.974201, -21.753371], [-47.973988, -21.753281], [-47.973098, -21.75251], [-47.972634, -21.752465], [-47.972495, -21.752197], [-47.972045, -21.751747], [-47.971876, -21.751131], [-47.971102, -21.75052], [-47.970119, -21.749979], [-47.970022, -21.750205], [-47.970414, -21.750409], [-47.970761, -21.750728], [-47.97098, -21.751206], [-47.970901, -21.751823], [-47.970716, -21.752408], [-47.970804, -21.752936]]], [[[-47.955682, -21.752028], [-47.955148, -21.752324], [-47.955683, -21.752409], [-47.955962, -21.751994], [-47.956516, -21.752039], [-47.956569, -21.75223], [-47.956171, -21.752688], [-47.95634, -21.753068], [-47.957056, -21.751186], [-47.956724, -21.751638], [-47.956509, -21.751654], [-47.956132, -21.751485], [-47.955682, -21.752028]]], [[[-47.965732, -21.747298], [-47.965494, -21.747556], [-47.965166, -21.747507], [-47.964724, -21.746863], [-47.963864, -21.746753], [-47.965953, -21.748461], [-47.966077, -21.748169], [-47.966, -21.747536], [-47.965732, -21.747298]]], [[[-47.961665, -21.7468], [-47.961189, -21.747114], [-47.960732, -21.746656], [-47.96013, -21.747105], [-47.959605, -21.747098], [-47.959499, -21.746892], [-47.959622, -21.746314], [-47.959494, -21.746348], [-47.959278, -21.746578], [-47.959325, -21.746669], [-47.959089, -21.747269], [-47.95925, -21.747932], [-47.959641, -21.747406], [-47.960093, -21.74717], [-47.9606, -21.747094], [-47.961527, -21.747171], [-47.962226, -21.746842], [-47.962987, -21.746635], [-47.963528, -21.746656], [-47.963294, -21.746289], [-47.963093, -21.74619], [-47.962541, -21.746481], [-47.962272, -21.746736], [-47.961665, -21.7468]]]]}, {"type": "MultiLineString", "coordinates": [[[-48.054803, -21.829046], [-48.054828, -21.829046]], [[-48.093354, -21.776613], [-48.093355, -21.776613]]]}]}, "properties": {"id": "SUSC-INUNDACAO-BAIXA", "process": "Inundação", "level": "Baixa", "level_order": 1, "level_label": "Suscetibilidade baixa a inundação", "plain_language": "Terreno mais alto em relação à planície ou próximo à cabeceira do córrego.", "area_km2": 23.415533, "year": 2021, "executor": "SGB-CPRM", "project": "Cartas de Suscetibilidade a Movimentos Gravitacionais de Massa e Inundações. Tema: Inundação.", "terrain_note": "Terrenos baixos a intermediários. Localizam-se em áreas mais elevadas em relação as planícies ou em alto curso de rio (cabeceiras de drenagem)", "source": "SGB-CPRM · Carta de Suscetibilidade", "source_url": "https://www.sgb.gov.br/sao-paulo-cartografia-de-suscetibilidade", "layer_role": "leitura territorial; não altera o IECE"}}, {"type": "Feature", "geometry": {"type": "GeometryCollection", "geometries": [{"type": "MultiPolygon", "coordinates": [[[[-48.308454, -21.865791], [-48.308291, -21.8662], [-48.308469, -21.866884], [-48.308514, -21.868003], [-48.309197, -21.867653], [-48.308926, -21.867445], [-48.308709, -21.867136], [-48.308687, -21.866742], [-48.308803, -21.866096], [-48.308715, -21.865872], [-48.308454, -21.865791]]], [[[-48.319846, -21.85037], [-48.319738, -21.850175], [-48.319882, -21.850022], [-48.319828, -21.849789], [-48.319671, -21.849596], [-48.319497, -21.84954], [-48.319017, -21.85059], [-48.319244, -21.85088], [-48.319507, -21.850926], [-48.31976, -21.850745], [-48.319846, -21.85037]]], [[[-48.315193, -21.849835], [-48.315209, -21.850376], [-48.315601, -21.850564], [-48.315824, -21.850492], [-48.316198, -21.850118], [-48.315193, -21.849835]]], [[[-48.352802, -21.846247], [-48.352565, -21.847173], [-48.352709, -21.848268], [-48.352681, -21.848835], [-48.352414, -21.849909], [-48.352123, -21.850355], [-48.351738, -21.850585], [-48.350754, -21.850948], [-48.351615, -21.851644], [-48.352103, -21.851865], [-48.353682, -21.852079], [-48.353194, -21.84655], [-48.35305, -21.846237], [-48.352802, -21.846247]]], [[[-48.302343, -21.846932], [-48.302663, -21.846951], [-48.303078, -21.846848], [-48.304009, -21.846933], [-48.30423, -21.847404], [-48.305232, -21.847933], [-48.305694, -21.848456], [-48.306563, -21.848976], [-48.307404, -21.849152], [-48.307841, -21.849077], [-48.308377, -21.849391], [-48.308904, -21.849571], [-48.30903, -21.849381], [-48.309031, -21.848963], [-48.309162, -21.848941], [-48.309772, -21.849447], [-48.310886, -21.849609], [-48.311315, -21.849825], [-48.311937, -21.849966], [-48.312345, -21.850275], [-48.312916, -21.850264], [-48.313008, -21.850066], [-48.312174, -21.849953], [-48.310852, -21.849463], [-48.309819, -21.849227], [-48.309112, -21.848675], [-48.308329, -21.848609], [-48.308206, -21.848471], [-48.308023, -21.847728], [-48.30735, -21.847536], [-48.306774, -21.848264], [-48.306365, -21.848395], [-48.305993, -21.848401], [-48.30523, -21.847635], [-48.304576, -21.847286], [-48.304021, -21.846815], [-48.303631, -21.846643], [-48.302992, -21.846582], [-48.302349, -21.846682], [-48.302025, -21.846624], [-48.299984, -21.845881], [-48.300149, -21.846099], [-48.300426, -21.846252], [-48.300921, -21.846333], [-48.301449, -21.846674], [-48.302343, -21.846932]]], [[[-48.340439, -21.844273], [-48.340355, -21.844044], [-48.339975, -21.844198], [-48.339343, -21.845259], [-48.339105, -21.845525], [-48.339804, -21.845429], [-48.340439, -21.844273]]], [[[-48.291095, -21.842644], [-48.290742, -21.843074], [-48.290794, -21.84325], [-48.291135, -21.84346], [-48.291384, -21.843275], [-48.291729, -21.842779], [-48.291555, -21.842658], [-48.291095, -21.842644]]], [[[-48.379, -21.834438], [-48.37931, -21.834577], [-48.379469, -21.834743], [-48.380338, -21.835077], [-48.380883, -21.835196], [-48.381612, -21.835276], [-48.383232, -21.835065], [-48.383521, -21.835163], [-48.38376, -21.835352], [-48.384118, -21.835943], [-48.384199, -21.837733], [-48.384855, -21.838457], [-48.384836, -21.838899], [-48.384567, -21.839694], [-48.384673, -21.840631], [-48.385, -21.841323], [-48.385258, -21.841656], [-48.38576, -21.841992], [-48.387108, -21.843813], [-48.387323, -21.844206], [-48.387274, -21.845356], [-48.387376, -21.846032], [-48.387584, -21.847145], [-48.388379, -21.850056], [-48.388606, -21.850337], [-48.389387, -21.850632], [-48.389693, -21.850591], [-48.390035, -21.850355], [-48.39021, -21.850332], [-48.39097, -21.850572], [-48.392152, -21.850463], [-48.392745, -21.850579], [-48.393963, -21.851362], [-48.394454, -21.852007], [-48.39452, -21.852317], [-48.394219, -21.853168], [-48.394321, -21.85342], [-48.394558, -21.853403], [-48.395156, -21.852752], [-48.395344, -21.852687], [-48.395405, -21.852427], [-48.395353, -21.852299], [-48.394481, -21.851005], [-48.393305, -21.850339], [-48.392116, -21.84912], [-48.391807, -21.849032], [-48.391713, -21.849167], [-48.392164, -21.849667], [-48.3922, -21.849891], [-48.392065, -21.850026], [-48.391702, -21.850124], [-48.390962, -21.850074], [-48.390495, -21.849848], [-48.38992, -21.849783], [-48.389193, -21.849912], [-48.388886, -21.849762], [-48.38869, -21.849553], [-48.388492, -21.849087], [-48.388335, -21.847834], [-48.387996, -21.846961], [-48.387864, -21.846339], [-48.38796, -21.84573], [-48.38794, -21.845149], [-48.388153, -21.844214], [-48.387797, -21.843618], [-48.387025, -21.843022], [-48.386682, -21.842189], [-48.385759, -21.841309], [-48.385482, -21.840936], [-48.385227, -21.840399], [-48.385172, -21.839528], [-48.385431, -21.839055], [-48.38551, -21.838632], [-48.385376, -21.838156], [-48.384789, -21.837451], [-48.38469, -21.835906], [-48.384418, -21.835291], [-48.384146, -21.834902], [-48.383795, -21.834679], [-48.382931, -21.834499], [-48.382976, -21.833949], [-48.382473, -21.834229], [-48.382013, -21.834326], [-48.381787, -21.834536], [-48.381442, -21.83465], [-48.380988, -21.834612], [-48.380537, -21.834469], [-48.379837, -21.834423], [-48.379689, -21.834151], [-48.379398, -21.833946], [-48.37922, -21.833122], [-48.378971, -21.832814], [-48.378433, -21.832418], [-48.37774, -21.832105], [-48.378032, -21.832764], [-48.378286, -21.832964], [-48.378442, -21.833733], [-48.379, -21.834438]]], [[[-48.29317, -21.841465], [-48.293153, -21.84085], [-48.293041, -21.840744], [-48.29281, -21.840733], [-48.292652, -21.840902], [-48.29256, -21.841691], [-48.291639, -21.842269], [-48.293163, -21.84236], [-48.293907, -21.842487], [-48.29317, -21.841465]]], [[[-48.29649, -21.840271], [-48.296826, -21.839783], [-48.296872, -21.839488], [-48.296724, -21.839387], [-48.296361, -21.839493], [-48.295965, -21.83988], [-48.295663, -21.840461], [-48.295296, -21.841483], [-48.295282, -21.842247], [-48.294775, -21.842636], [-48.295184, -21.842801], [-48.295445, -21.843008], [-48.295782, -21.842347], [-48.296334, -21.841641], [-48.296456, -21.84115], [-48.296407, -21.840618], [-48.29649, -21.840271]]], [[[-48.317155, -21.835288], [-48.317337, -21.835996], [-48.316623, -21.836376], [-48.31657, -21.836533], [-48.316649, -21.836732], [-48.317274, -21.837188], [-48.317506, -21.837584], [-48.317947, -21.838843], [-48.318195, -21.839959], [-48.318211, -21.840591], [-48.318102, -21.840978], [-48.317809, -21.841318], [-48.316817, -21.841798], [-48.316598, -21.84199], [-48.316512, -21.84245], [-48.316716, -21.842861], [-48.317336, -21.84322], [-48.317561, -21.843582], [-48.317732, -21.844214], [-48.31766, -21.84519], [-48.31772, -21.845832], [-48.317861, -21.846225], [-48.31844, -21.846871], [-48.319187, -21.848], [-48.319107, -21.847351], [-48.318189, -21.84635], [-48.317997, -21.846061], [-48.317972, -21.845723], [-48.318255, -21.845386], [-48.318649, -21.845272], [-48.319098, -21.845331], [-48.319378, -21.845521], [-48.319265, -21.844294], [-48.319081, -21.843484], [-48.319123, -21.84221], [-48.319468, -21.840832], [-48.319695, -21.840274], [-48.319866, -21.840112], [-48.319852, -21.839982], [-48.319696, -21.839684], [-48.319359, -21.839559], [-48.3194, -21.839202], [-48.319052, -21.839154], [-48.3187, -21.838975], [-48.318365, -21.838386], [-48.318205, -21.837467], [-48.318336, -21.836966], [-48.319516, -21.835206], [-48.319555, -21.834935], [-48.31949, -21.834879], [-48.31926, -21.834941], [-48.318743, -21.835412], [-48.318358, -21.835361], [-48.318265, -21.835211], [-48.317963, -21.835098], [-48.317886, -21.834235], [-48.317566, -21.834227], [-48.31736, -21.83452], [-48.317155, -21.835288]]], [[[-48.281024, -21.839699], [-48.28119, -21.83938], [-48.28143, -21.839299], [-48.281671, -21.839488], [-48.28194, -21.839936], [-48.282216, -21.84012], [-48.282493, -21.840177], [-48.282261, -21.83976], [-48.281634, -21.83911], [-48.28141, -21.839095], [-48.281234, -21.839189], [-48.280906, -21.839745], [-48.281024, -21.839699]]], [[[-48.284813, -21.838859], [-48.284418, -21.838818], [-48.284152, -21.839025], [-48.284044, -21.839977], [-48.284355, -21.839258], [-48.284713, -21.8392], [-48.285226, -21.839389], [-48.285862, -21.839433], [-48.286342, -21.838616], [-48.2861, -21.838712], [-48.285461, -21.8393], [-48.28522, -21.839278], [-48.284813, -21.838859]]], [[[-48.286878, -21.839363], [-48.287162, -21.8394], [-48.287375, -21.839238], [-48.287519, -21.838958], [-48.287338, -21.838549], [-48.286924, -21.83849], [-48.286958, -21.838762], [-48.286763, -21.838852], [-48.286706, -21.839132], [-48.286878, -21.839363]]], [[[-48.335695, -21.823973], [-48.336135, -21.824479], [-48.336622, -21.825286], [-48.336968, -21.826371], [-48.337245, -21.826683], [-48.337847, -21.826919], [-48.338203, -21.827161], [-48.338499, -21.82757], [-48.339015, -21.829084], [-48.339347, -21.830923], [-48.339233, -21.833352], [-48.339429, -21.834394], [-48.339344, -21.836262], [-48.338987, -21.837309], [-48.338886, -21.837832], [-48.338808, -21.839177], [-48.338463, -21.840213], [-48.338216, -21.841475], [-48.337854, -21.84242], [-48.337225, -21.843546], [-48.337105, -21.843915], [-48.337061, -21.844304], [-48.337145, -21.845035], [-48.336859, -21.846707], [-48.337349, -21.846526], [-48.337736, -21.846485], [-48.338166, -21.846593], [-48.33813, -21.846404], [-48.337588, -21.846013], [-48.337458, -21.845776], [-48.337467, -21.845543], [-48.337316, -21.845361], [-48.337756, -21.845232], [-48.337658, -21.844486], [-48.338037, -21.843361], [-48.338425, -21.842602], [-48.338554, -21.841945], [-48.33888, -21.841352], [-48.339118, -21.839741], [-48.339512, -21.838113], [-48.339632, -21.837254], [-48.339972, -21.836028], [-48.340293, -21.835631], [-48.340453, -21.835212], [-48.340186, -21.834069], [-48.33979, -21.833395], [-48.339786, -21.832648], [-48.340135, -21.832025], [-48.340181, -21.831613], [-48.34012, -21.830821], [-48.339675, -21.829172], [-48.339479, -21.827864], [-48.339138, -21.827108], [-48.338729, -21.826709], [-48.337972, -21.826304], [-48.337617, -21.825937], [-48.337067, -21.824503], [-48.336784, -21.823968], [-48.335309, -21.822322], [-48.334498, -21.82287], [-48.335695, -21.823973]]], [[[-48.334047, -21.821088], [-48.334066, -21.821081], [-48.334074, -21.821075], [-48.334047, -21.821088]]], [[[-48.370984, -21.828733], [-48.371427, -21.82921], [-48.371813, -21.829043], [-48.372236, -21.829367], [-48.372469, -21.829723], [-48.374228, -21.830832], [-48.376155, -21.831539], [-48.376861, -21.831404], [-48.377218, -21.831555], [-48.376569, -21.830557], [-48.376267, -21.830343], [-48.374138, -21.829667], [-48.372614, -21.828866], [-48.372013, -21.82843], [-48.371713, -21.827873], [-48.371693, -21.826535], [-48.371339, -21.825645], [-48.371191, -21.824343], [-48.370934, -21.823752], [-48.370618, -21.822277], [-48.370672, -21.821669], [-48.370902, -21.821155], [-48.370958, -21.820662], [-48.370864, -21.82011], [-48.370663, -21.819627], [-48.369317, -21.818071], [-48.367586, -21.815661], [-48.366058, -21.813969], [-48.36475, -21.812843], [-48.362549, -21.811286], [-48.36208, -21.810146], [-48.36114, -21.808983], [-48.360535, -21.807966], [-48.358558, -21.805045], [-48.357556, -21.803142], [-48.356348, -21.801296], [-48.356302, -21.800857], [-48.35647, -21.800669], [-48.356767, -21.800558], [-48.357736, -21.800636], [-48.358347, -21.8001], [-48.358788, -21.79932], [-48.358742, -21.798854], [-48.358292, -21.798573], [-48.357593, -21.799092], [-48.356895, -21.799444], [-48.356231, -21.799976], [-48.355617, -21.800212], [-48.355334, -21.800147], [-48.355019, -21.799606], [-48.354576, -21.799083], [-48.352233, -21.796771], [-48.3516, -21.794142], [-48.350202, -21.792477], [-48.349126, -21.79045], [-48.348849, -21.78948], [-48.348436, -21.788743], [-48.347813, -21.787954], [-48.345788, -21.786123], [-48.345108, -21.785802], [-48.343844, -21.785445], [-48.342834, -21.785034], [-48.34224, -21.784692], [-48.341899, -21.784139], [-48.341777, -21.783682], [-48.341737, -21.782951], [-48.341945, -21.781839], [-48.341767, -21.780378], [-48.340874, -21.778059], [-48.340806, -21.777341], [-48.340937, -21.776997], [-48.341874, -21.775973], [-48.342579, -21.774837], [-48.343082, -21.774248], [-48.344724, -21.773021], [-48.345574, -21.772685], [-48.345436, -21.771481], [-48.345826, -21.771321], [-48.346306, -21.770992], [-48.346956, -21.770369], [-48.347161, -21.770311], [-48.347354, -21.770509], [-48.347242, -21.770754], [-48.345916, -21.772465], [-48.345998, -21.772438], [-48.347852, -21.770583], [-48.348272, -21.770225], [-48.348666, -21.770071], [-48.348981, -21.769556], [-48.349004, -21.76908], [-48.349242, -21.768962], [-48.349197, -21.767939], [-48.349428, -21.767127], [-48.349681, -21.766883], [-48.35006, -21.765948], [-48.350454, -21.765243], [-48.351529, -21.76416], [-48.351694, -21.763801], [-48.351678, -21.763226], [-48.351385, -21.762784], [-48.350419, -21.761683], [-48.349663, -21.76022], [-48.349448, -21.759591], [-48.349245, -21.758857], [-48.349227, -21.758128], [-48.349333, -21.757736], [-48.349621, -21.757208], [-48.349648, -21.756645], [-48.349386, -21.756392], [-48.349117, -21.756372], [-48.348873, -21.75651], [-48.348758, -21.756787], [-48.348948, -21.757511], [-48.348641, -21.757765], [-48.34855, -21.757952], [-48.348545, -21.758442], [-48.348246, -21.75878], [-48.348252, -21.759329], [-48.348479, -21.759961], [-48.34934, -21.761348], [-48.350415, -21.762765], [-48.350596, -21.763427], [-48.350504, -21.763796], [-48.349826, -21.765063], [-48.349285, -21.766278], [-48.348321, -21.76788], [-48.347739, -21.769352], [-48.346646, -21.770183], [-48.344822, -21.771897], [-48.342799, -21.773539], [-48.341549, -21.775289], [-48.340625, -21.776219], [-48.340206, -21.776442], [-48.340057, -21.776286], [-48.339863, -21.775753], [-48.338835, -21.7755], [-48.338712, -21.775355], [-48.338616, -21.774995], [-48.338372, -21.774687], [-48.337915, -21.774646], [-48.337777, -21.774135], [-48.337273, -21.773765], [-48.336804, -21.773616], [-48.33666, -21.77337], [-48.336721, -21.773174], [-48.336536, -21.772988], [-48.332651, -21.769642], [-48.332075, -21.768983], [-48.331815, -21.768529], [-48.331455, -21.767333], [-48.330936, -21.764459], [-48.330193, -21.762174], [-48.330311, -21.761846], [-48.330603, -21.761489], [-48.331784, -21.760546], [-48.33182, -21.760275], [-48.331408, -21.759953], [-48.330345, -21.760944], [-48.329896, -21.761035], [-48.329462, -21.760801], [-48.328544, -21.760073], [-48.328096, -21.759533], [-48.32789, -21.758698], [-48.327674, -21.758514], [-48.327124, -21.757512], [-48.326247, -21.756384], [-48.326064, -21.755798], [-48.325302, -21.754207], [-48.325235, -21.754121], [-48.325227, -21.754749], [-48.325062, -21.754838], [-48.324912, -21.754776], [-48.324733, -21.754454], [-48.324635, -21.754034], [-48.32424, -21.753305], [-48.323502, -21.752784], [-48.322821, -21.752154], [-48.322928, -21.75205], [-48.323992, -21.752182], [-48.324211, -21.752028], [-48.323995, -21.751986], [-48.323532, -21.752102], [-48.323352, -21.752056], [-48.323151, -21.751831], [-48.322511, -21.751931], [-48.321437, -21.751825], [-48.320321, -21.751571], [-48.319559, -21.751581], [-48.319345, -21.751272], [-48.317489, -21.751002], [-48.315372, -21.750751], [-48.312485, -21.750533], [-48.312049, -21.750163], [-48.311917, -21.749934], [-48.311614, -21.748925], [-48.310924, -21.747146], [-48.310544, -21.74648], [-48.310406, -21.746521], [-48.310238, -21.746321], [-48.309744, -21.746259], [-48.309321, -21.745968], [-48.308956, -21.746093], [-48.308743, -21.74637], [-48.308435, -21.74654], [-48.307784, -21.746746], [-48.307268, -21.746712], [-48.306631, -21.746417], [-48.306503, -21.746643], [-48.306123, -21.746701], [-48.305951, -21.746626], [-48.306025, -21.746353], [-48.305545, -21.747663], [-48.306223, -21.747548], [-48.306307, -21.747293], [-48.30642, -21.747237], [-48.306811, -21.747291], [-48.306917, -21.747381], [-48.306847, -21.747819], [-48.307492, -21.747698], [-48.308583, -21.747731], [-48.309476, -21.747915], [-48.310032, -21.748192], [-48.310902, -21.74906], [-48.311083, -21.749497], [-48.3111, -21.749744], [-48.310954, -21.750176], [-48.310749, -21.75046], [-48.31034, -21.750763], [-48.308524, -21.751484], [-48.308494, -21.751887], [-48.308745, -21.752274], [-48.309969, -21.751797], [-48.312355, -21.751377], [-48.313955, -21.751345], [-48.3163, -21.751525], [-48.320088, -21.752103], [-48.322108, -21.752529], [-48.323391, -21.753133], [-48.323941, -21.75352], [-48.324155, -21.753762], [-48.325519, -21.756718], [-48.325476, -21.756981], [-48.324457, -21.757877], [-48.323753, -21.758285], [-48.319747, -21.760188], [-48.319781, -21.760279], [-48.320108, -21.760378], [-48.320151, -21.760572], [-48.319993, -21.760773], [-48.319279, -21.760887], [-48.319277, -21.761015], [-48.31945, -21.761204], [-48.323933, -21.75908], [-48.325223, -21.758643], [-48.325939, -21.758666], [-48.326371, -21.758789], [-48.327255, -21.759433], [-48.328971, -21.761679], [-48.330079, -21.763749], [-48.330331, -21.764713], [-48.330459, -21.765802], [-48.330865, -21.76749], [-48.331043, -21.768821], [-48.331271, -21.769482], [-48.331581, -21.770065], [-48.331957, -21.770599], [-48.332436, -21.771045], [-48.334557, -21.772347], [-48.335338, -21.772992], [-48.337002, -21.77482], [-48.338432, -21.776084], [-48.339342, -21.777859], [-48.340507, -21.779388], [-48.34079, -21.779945], [-48.341106, -21.781072], [-48.341238, -21.782051], [-48.341147, -21.78298], [-48.340679, -21.783759], [-48.340219, -21.783948], [-48.339332, -21.784031], [-48.337681, -21.784468], [-48.33627, -21.785039], [-48.33478, -21.785432], [-48.333876, -21.785903], [-48.334462, -21.785971], [-48.335072, -21.785805], [-48.335638, -21.785358], [-48.336105, -21.785623], [-48.336902, -21.785412], [-48.337654, -21.785331], [-48.338874, -21.784927], [-48.339782, -21.784901], [-48.344043, -21.786497], [-48.346222, -21.787966], [-48.347392, -21.789053], [-48.347814, -21.789677], [-48.348186, -21.790556], [-48.348657, -21.791005], [-48.349264, -21.791852], [-48.349804, -21.793106], [-48.350885, -21.794128], [-48.351236, -21.794694], [-48.351758, -21.79689], [-48.352563, -21.798052], [-48.35375, -21.799198], [-48.355032, -21.80166], [-48.355501, -21.802415], [-48.356544, -21.803468], [-48.356862, -21.804037], [-48.357526, -21.80589], [-48.359103, -21.808095], [-48.359396, -21.808615], [-48.359769, -21.809904], [-48.359839, -21.810534], [-48.359772, -21.810875], [-48.359518, -21.811229], [-48.358057, -21.812291], [-48.357414, -21.813326], [-48.356699, -21.814256], [-48.357105, -21.814483], [-48.357401, -21.814438], [-48.357938, -21.813726], [-48.358722, -21.812387], [-48.359306, -21.811995], [-48.359931, -21.811728], [-48.360393, -21.811726], [-48.361119, -21.812125], [-48.362567, -21.813165], [-48.363836, -21.813961], [-48.364434, -21.814563], [-48.36576, -21.815479], [-48.366815, -21.816481], [-48.36839, -21.818463], [-48.369101, -21.819068], [-48.369896, -21.820135], [-48.369941, -21.820786], [-48.369732, -21.821971], [-48.369738, -21.822362], [-48.369864, -21.822784], [-48.370238, -21.823069], [-48.370576, -21.824366], [-48.370542, -21.824909], [-48.370272, -21.825825], [-48.370142, -21.826762], [-48.36999, -21.82709], [-48.370201, -21.82758], [-48.370407, -21.827652], [-48.37054, -21.827914], [-48.370647, -21.828697], [-48.370984, -21.828733]], [[-48.358027, -21.799957], [-48.357529, -21.800476], [-48.356857, -21.799609], [-48.358015, -21.799283], [-48.35819, -21.799444], [-48.358155, -21.799588], [-48.358027, -21.799957]], [[-48.349163, -21.759516], [-48.349564, -21.760513], [-48.349823, -21.760947], [-48.350163, -21.761278], [-48.349564, -21.761434], [-48.349392, -21.761352], [-48.349448, -21.761109], [-48.34924, -21.761072], [-48.34922, -21.760823], [-48.348935, -21.760342], [-48.349013, -21.760082], [-48.348904, -21.759887], [-48.348886, -21.759639], [-48.348975, -21.759529], [-48.349163, -21.759516]]], [[[-48.277767, -21.757549], [-48.277864, -21.757726], [-48.278393, -21.757887], [-48.278468, -21.757988], [-48.278521, -21.758699], [-48.278455, -21.760125], [-48.278242, -21.760503], [-48.277509, -21.760918], [-48.276531, -21.761335], [-48.273729, -21.762417], [-48.273564, -21.762641], [-48.273939, -21.762529], [-48.274023, -21.762865], [-48.272957, -21.763115], [-48.27287, -21.763047], [-48.27269, -21.763174], [-48.27232, -21.762907], [-48.271759, -21.762978], [-48.271315, -21.763327], [-48.271231, -21.763274], [-48.271145, -21.762987], [-48.271229, -21.763665], [-48.274214, -21.762823], [-48.277228, -21.761625], [-48.277998, -21.761431], [-48.279083, -21.761468], [-48.279865, -21.761777], [-48.280202, -21.761726], [-48.280716, -21.762193], [-48.281119, -21.762288], [-48.281964, -21.763162], [-48.284208, -21.76475], [-48.285002, -21.765607], [-48.285555, -21.766468], [-48.286608, -21.766375], [-48.286695, -21.766646], [-48.286575, -21.766921], [-48.286215, -21.767204], [-48.286178, -21.767435], [-48.286383, -21.767929], [-48.286331, -21.768315], [-48.286095, -21.768779], [-48.285073, -21.768954], [-48.283315, -21.770148], [-48.283243, -21.770406], [-48.282952, -21.770779], [-48.282549, -21.770856], [-48.282037, -21.771252], [-48.281799, -21.771198], [-48.28165, -21.771264], [-48.28151, -21.771648], [-48.281103, -21.771896], [-48.28101, -21.772246], [-48.280441, -21.772608], [-48.280177, -21.772879], [-48.279856, -21.773031], [-48.279465, -21.773602], [-48.279207, -21.773788], [-48.278489, -21.77394], [-48.278389, -21.774141], [-48.278381, -21.774453], [-48.278043, -21.774865], [-48.277887, -21.774917], [-48.277382, -21.774326], [-48.276432, -21.774972], [-48.276045, -21.774956], [-48.275631, -21.77508], [-48.27546, -21.774974], [-48.274492, -21.775049], [-48.274417, -21.77523], [-48.274103, -21.775485], [-48.274143, -21.775529], [-48.27474, -21.775661], [-48.275032, -21.775568], [-48.275242, -21.775311], [-48.275729, -21.775667], [-48.275959, -21.775622], [-48.2763, -21.775397], [-48.276651, -21.77548], [-48.277169, -21.775397], [-48.277841, -21.775498], [-48.278061, -21.775385], [-48.27828, -21.775096], [-48.279133, -21.774868], [-48.279283, -21.774535], [-48.279551, -21.774464], [-48.279655, -21.773856], [-48.280788, -21.773286], [-48.281055, -21.773302], [-48.281996, -21.772191], [-48.283592, -21.77093], [-48.286898, -21.768976], [-48.287331, -21.768884], [-48.28816, -21.769228], [-48.289411, -21.769997], [-48.29616, -21.773383], [-48.297685, -21.774535], [-48.299972, -21.776477], [-48.302239, -21.778462], [-48.303086, -21.779329], [-48.303546, -21.780862], [-48.303524, -21.781835], [-48.303391, -21.782113], [-48.302063, -21.783462], [-48.301066, -21.784292], [-48.299673, -21.785126], [-48.298692, -21.785918], [-48.299608, -21.786068], [-48.300399, -21.785456], [-48.302189, -21.784292], [-48.303063, -21.783446], [-48.304902, -21.782084], [-48.305289, -21.78191], [-48.306502, -21.781761], [-48.30717, -21.782103], [-48.308215, -21.782881], [-48.308796, -21.783098], [-48.310547, -21.783311], [-48.31269, -21.783014], [-48.314386, -21.783178], [-48.315221, -21.783352], [-48.320144, -21.785028], [-48.323107, -21.786431], [-48.324875, -21.787066], [-48.327034, -21.787625], [-48.328099, -21.787788], [-48.328856, -21.787772], [-48.330196, -21.787313], [-48.33251, -21.786846], [-48.332603, -21.786785], [-48.332652, -21.786588], [-48.333374, -21.786203], [-48.333535, -21.786033], [-48.332019, -21.786563], [-48.331024, -21.786782], [-48.33031, -21.786815], [-48.328852, -21.786591], [-48.327246, -21.786489], [-48.325341, -21.786063], [-48.317546, -21.783254], [-48.315018, -21.782492], [-48.312717, -21.782066], [-48.3104, -21.782471], [-48.309419, -21.782472], [-48.308849, -21.782348], [-48.307844, -21.781825], [-48.305998, -21.780608], [-48.303896, -21.778857], [-48.299289, -21.774731], [-48.298698, -21.773717], [-48.298307, -21.773273], [-48.296225, -21.772487], [-48.292416, -21.77017], [-48.289375, -21.768567], [-48.288571, -21.767984], [-48.287978, -21.767369], [-48.286631, -21.765655], [-48.28597, -21.765084], [-48.284127, -21.764051], [-48.283469, -21.7636], [-48.282139, -21.762466], [-48.281082, -21.761753], [-48.280231, -21.760973], [-48.279543, -21.760068], [-48.279337, -21.759593], [-48.279199, -21.758728], [-48.279239, -21.758091], [-48.279513, -21.757217], [-48.279444, -21.756851], [-48.279603, -21.756447], [-48.279388, -21.755804], [-48.279581, -21.755261], [-48.279542, -21.754815], [-48.279662, -21.75471], [-48.28005, -21.754779], [-48.280245, -21.754105], [-48.280509, -21.753588], [-48.280745, -21.753316], [-48.280992, -21.753264], [-48.280961, -21.752942], [-48.280579, -21.75247], [-48.280679, -21.752073], [-48.280458, -21.750879], [-48.279702, -21.751009], [-48.279829, -21.751578], [-48.279823, -21.752745], [-48.279058, -21.755746], [-48.278769, -21.756668], [-48.278505, -21.75706], [-48.278463, -21.757272], [-48.277844, -21.757493], [-48.277767, -21.757549]], [[-48.327968, -21.786757], [-48.328615, -21.786756], [-48.328809, -21.787698], [-48.328718, -21.78775], [-48.328049, -21.787705], [-48.327774, -21.787567], [-48.326478, -21.787221], [-48.326425, -21.787094], [-48.326096, -21.786914], [-48.326244, -21.786506], [-48.326894, -21.786857], [-48.327525, -21.786901], [-48.327968, -21.786757]], [[-48.325522, -21.786384], [-48.326137, -21.78649], [-48.325892, -21.787112], [-48.325592, -21.787151], [-48.325382, -21.787036], [-48.325522, -21.786384]], [[-48.3217, -21.785195], [-48.321865, -21.785049], [-48.322255, -21.785101], [-48.323154, -21.785725], [-48.323895, -21.785807], [-48.32497, -21.78626], [-48.325378, -21.786296], [-48.32526, -21.787016], [-48.324952, -21.78691], [-48.324671, -21.786674], [-48.323655, -21.786303], [-48.322692, -21.785866], [-48.322164, -21.7855], [-48.321776, -21.78538], [-48.3217, -21.785195]], [[-48.31865, -21.784377], [-48.318186, -21.784161], [-48.317367, -21.783947], [-48.31729, -21.783883], [-48.31732, -21.783621], [-48.317558, -21.783483], [-48.318628, -21.783701], [-48.318851, -21.783815], [-48.31891, -21.783853], [-48.31886, -21.784102], [-48.318756, -21.784353], [-48.31865, -21.784377]], [[-48.31049, -21.782908], [-48.31041, -21.783043], [-48.310453, -21.783212], [-48.310368, -21.783273], [-48.309839, -21.783076], [-48.3095, -21.783042], [-48.309616, -21.782671], [-48.310005, -21.782667], [-48.310507, -21.782532], [-48.31049, -21.782908]], [[-48.305459, -21.781425], [-48.305498, -21.781453], [-48.30545, -21.781465], [-48.305459, -21.781425]], [[-48.291424, -21.770125], [-48.292833, -21.770951], [-48.293536, -21.771126], [-48.293744, -21.771261], [-48.293532, -21.771717], [-48.293376, -21.77175], [-48.292654, -21.771253], [-48.291781, -21.77096], [-48.29077, -21.770397], [-48.289941, -21.770095], [-48.289408, -21.769576], [-48.290056, -21.769692], [-48.290846, -21.769998], [-48.291424, -21.770125]], [[-48.289932, -21.769129], [-48.289849, -21.769311], [-48.289594, -21.769276], [-48.28908, -21.768962], [-48.288918, -21.768758], [-48.28903, -21.768634], [-48.289292, -21.768764], [-48.289932, -21.769129]]], [[[-48.353971, -21.75717], [-48.353987, -21.75725], [-48.354017, -21.757327], [-48.354055, -21.757361], [-48.3541, -21.757391], [-48.354158, -21.757422], [-48.354457, -21.757336], [-48.354572, -21.757202], [-48.354584, -21.757178], [-48.354593, -21.757152], [-48.354622, -21.757035], [-48.354645, -21.756992], [-48.354825, -21.756927], [-48.35509, -21.756762], [-48.355374, -21.756465], [-48.35543, -21.756048], [-48.355239, -21.755941], [-48.354704, -21.755894], [-48.354097, -21.755943], [-48.353728, -21.756058], [-48.353614, -21.756108], [-48.354084, -21.755969], [-48.354582, -21.756064], [-48.355045, -21.756326], [-48.354883, -21.756795], [-48.354623, -21.756987], [-48.354519, -21.757256], [-48.354386, -21.757353], [-48.3541, -21.757388], [-48.353971, -21.75717]]], [[[-48.305128, -21.752938], [-48.305369, -21.753266], [-48.30553, -21.753326], [-48.305604, -21.753323], [-48.30567, -21.75327], [-48.305732, -21.753173], [-48.305829, -21.752372], [-48.305637, -21.75329], [-48.305437, -21.753291], [-48.305388, -21.753255], [-48.305322, -21.75314], [-48.305202, -21.75301], [-48.305128, -21.752938]]], [[[-48.305121, -21.752246], [-48.305237, -21.752044], [-48.305679, -21.75191], [-48.305271, -21.752017], [-48.305234, -21.752041], [-48.3052, -21.752082], [-48.305121, -21.752229], [-48.304833, -21.7523], [-48.304795, -21.752313], [-48.304784, -21.752319], [-48.304778, -21.752323], [-48.305121, -21.752246]]], [[[-48.305827, -21.75198], [-48.30584, -21.752135], [-48.30584, -21.75224], [-48.305848, -21.752136], [-48.305834, -21.751934], [-48.30581, -21.751903], [-48.305732, -21.751903], [-48.305827, -21.75198]]], [[[-48.302033, -21.75158], [-48.30174, -21.751685], [-48.301711, -21.75181], [-48.301829, -21.752022], [-48.302365, -21.75232], [-48.302847, -21.752448], [-48.303145, -21.752026], [-48.30339, -21.751825], [-48.302836, -21.751668], [-48.302033, -21.75158]]], [[[-48.303461, -21.746859], [-48.303676, -21.746989], [-48.303959, -21.746961], [-48.303709, -21.746681], [-48.303731, -21.74646], [-48.303316, -21.74622], [-48.303143, -21.74629], [-48.30305, -21.74661], [-48.30282, -21.746731], [-48.302765, -21.747165], [-48.302201, -21.747057], [-48.301407, -21.746775], [-48.301404, -21.74688], [-48.303375, -21.747447], [-48.303352, -21.747026], [-48.303461, -21.746859]]], [[[-48.305982, -21.746305], [-48.304989, -21.746238], [-48.303915, -21.746371], [-48.303837, -21.74641], [-48.304851, -21.746271], [-48.305982, -21.746305]]], [[[-48.300024, -21.746123], [-48.300845, -21.746397], [-48.300839, -21.746298], [-48.301012, -21.746078], [-48.301844, -21.746181], [-48.302336, -21.746119], [-48.302052, -21.745845], [-48.301084, -21.745865], [-48.300603, -21.745599], [-48.300124, -21.745533], [-48.299965, -21.74572], [-48.300024, -21.746123]]], [[[-48.309746, -21.745106], [-48.309374, -21.744572], [-48.309197, -21.744571], [-48.309362, -21.744591], [-48.309738, -21.745112], [-48.310049, -21.745313], [-48.31002, -21.745386], [-48.310083, -21.745351], [-48.309925, -21.745167], [-48.309746, -21.745106]]], [[[-48.309009, -21.744942], [-48.308929, -21.744964], [-48.308866, -21.745085], [-48.308878, -21.745159], [-48.308926, -21.744986], [-48.309043, -21.744946], [-48.309082, -21.744886], [-48.30908, -21.744743], [-48.309009, -21.744942]]], [[[-48.309152, -21.744582], [-48.309137, -21.744592], [-48.309183, -21.744574], [-48.309152, -21.744582]]], [[[-48.314326, -21.733642], [-48.318201, -21.735121], [-48.320559, -21.736228], [-48.321737, -21.736912], [-48.321886, -21.736545], [-48.322271, -21.73626], [-48.322709, -21.736354], [-48.322982, -21.736786], [-48.323377, -21.737173], [-48.323612, -21.737375], [-48.323973, -21.737509], [-48.324322, -21.738057], [-48.324441, -21.7385], [-48.324985, -21.738825], [-48.325161, -21.739082], [-48.325328, -21.740243], [-48.325294, -21.74043], [-48.324927, -21.740615], [-48.325108, -21.741026], [-48.325024, -21.741525], [-48.325213, -21.742348], [-48.325826, -21.744098], [-48.326462, -21.74632], [-48.326385, -21.747166], [-48.326277, -21.747412], [-48.326375, -21.747529], [-48.325919, -21.748076], [-48.325845, -21.748497], [-48.325612, -21.748829], [-48.32553, -21.749808], [-48.325385, -21.750091], [-48.325375, -21.750335], [-48.325188, -21.750485], [-48.325114, -21.750841], [-48.324772, -21.751263], [-48.324704, -21.751495], [-48.324887, -21.751581], [-48.324745, -21.752175], [-48.324786, -21.75273], [-48.324932, -21.753353], [-48.325237, -21.754031], [-48.325348, -21.753499], [-48.32506, -21.753175], [-48.325198, -21.75278], [-48.325018, -21.752242], [-48.32515, -21.75194], [-48.325522, -21.751688], [-48.326047, -21.749692], [-48.326732, -21.74838], [-48.327366, -21.747498], [-48.327808, -21.747257], [-48.329959, -21.746885], [-48.329835, -21.746725], [-48.329085, -21.746663], [-48.328712, -21.746414], [-48.327845, -21.746264], [-48.327483, -21.746512], [-48.32726, -21.746568], [-48.327302, -21.746003], [-48.326898, -21.745413], [-48.326778, -21.744914], [-48.326814, -21.744356], [-48.326509, -21.742964], [-48.326512, -21.742586], [-48.32606, -21.742231], [-48.326055, -21.741621], [-48.325641, -21.740884], [-48.325679, -21.740651], [-48.326302, -21.740868], [-48.326114, -21.739575], [-48.32624, -21.73926], [-48.326578, -21.738976], [-48.326149, -21.738988], [-48.325544, -21.738751], [-48.325394, -21.738336], [-48.324755, -21.738029], [-48.324087, -21.73715], [-48.322982, -21.736307], [-48.320118, -21.73509], [-48.318787, -21.734429], [-48.316965, -21.73372], [-48.31626, -21.733814], [-48.31582, -21.733435], [-48.315306, -21.733547], [-48.314957, -21.733488], [-48.314659, -21.733006], [-48.31437, -21.733001], [-48.314164, -21.733139], [-48.314126, -21.733386], [-48.314326, -21.733642]]], [[[-48.32736, -21.738538], [-48.327154, -21.738347], [-48.327075, -21.73814], [-48.326886, -21.738033], [-48.326449, -21.738162], [-48.326769, -21.738493], [-48.326799, -21.738701], [-48.326676, -21.738933], [-48.32736, -21.738538]]], [[[-48.331163, -21.724463], [-48.331172, -21.724463], [-48.331145, -21.724457], [-48.331163, -21.724463]]], [[[-48.331521, -21.724394], [-48.331594, -21.724335], [-48.331606, -21.724324], [-48.331521, -21.724394]]], [[[-48.330805, -21.723899], [-48.330818, -21.723979], [-48.33083, -21.724009], [-48.330805, -21.723899]]], [[[-48.331992, -21.72322], [-48.331779, -21.724107], [-48.331646, -21.724284], [-48.331761, -21.724139], [-48.331788, -21.724094], [-48.331798, -21.72407], [-48.331992, -21.72322]]], [[[-48.331915, -21.723211], [-48.330769, -21.72328], [-48.331966, -21.723212], [-48.331915, -21.723211]]], [[[-48.297013, -21.721362], [-48.297148, -21.721844], [-48.297114, -21.722003], [-48.296756, -21.722121], [-48.29669, -21.722386], [-48.296724, -21.7227], [-48.296376, -21.723174], [-48.295912, -21.723414], [-48.295912, -21.723744], [-48.296345, -21.723725], [-48.29672, -21.723551], [-48.298049, -21.721565], [-48.298183, -21.721187], [-48.298394, -21.721005], [-48.298422, -21.720875], [-48.298268, -21.720506], [-48.298374, -21.720328], [-48.297401, -21.720995], [-48.297013, -21.721362]]], [[[-48.319757, -21.715428], [-48.320136, -21.713432], [-48.320909, -21.711737], [-48.321544, -21.709976], [-48.321622, -21.70924], [-48.321503, -21.709152], [-48.32124, -21.708642], [-48.321071, -21.708684], [-48.320806, -21.708956], [-48.320726, -21.709867], [-48.320488, -21.710858], [-48.319705, -21.712824], [-48.318948, -21.715333], [-48.318494, -21.716508], [-48.31852, -21.717481], [-48.318658, -21.717994], [-48.318996, -21.718], [-48.318833, -21.717369], [-48.31906, -21.71616], [-48.319261, -21.715858], [-48.31966, -21.715584], [-48.319757, -21.715428]], [[-48.319726, -21.714628], [-48.319255, -21.714665], [-48.319403, -21.714159], [-48.319667, -21.714206], [-48.319755, -21.714445], [-48.319726, -21.714628]]], [[[-48.328895, -21.701578], [-48.328064, -21.703868], [-48.327528, -21.704537], [-48.326671, -21.705246], [-48.325367, -21.705759], [-48.324961, -21.705876], [-48.322548, -21.70616], [-48.320681, -21.706001], [-48.319569, -21.706032], [-48.318541, -21.706208], [-48.317092, -21.706757], [-48.314393, -21.707244], [-48.313327, -21.707265], [-48.310757, -21.706976], [-48.309714, -21.706635], [-48.308987, -21.706599], [-48.308258, -21.706617], [-48.307048, -21.707119], [-48.305506, -21.707316], [-48.305246, -21.707208], [-48.30481, -21.706847], [-48.304273, -21.706738], [-48.302906, -21.706856], [-48.301547, -21.706624], [-48.300687, -21.706724], [-48.296525, -21.707588], [-48.29532, -21.707681], [-48.294193, -21.708025], [-48.293451, -21.708125], [-48.291441, -21.709121], [-48.290268, -21.709402], [-48.289798, -21.709427], [-48.288893, -21.70936], [-48.287511, -21.709403], [-48.286726, -21.709236], [-48.285211, -21.709121], [-48.2842, -21.70889], [-48.282312, -21.708648], [-48.279903, -21.70847], [-48.27972, -21.708594], [-48.279946, -21.70877], [-48.280496, -21.708922], [-48.281114, -21.708913], [-48.281436, -21.709019], [-48.281533, -21.709129], [-48.283256, -21.709545], [-48.283659, -21.709546], [-48.284157, -21.709695], [-48.284844, -21.709666], [-48.285343, -21.709542], [-48.285512, -21.709636], [-48.285671, -21.709964], [-48.285761, -21.70999], [-48.28627, -21.710036], [-48.286938, -21.709943], [-48.287527, -21.709971], [-48.288902, -21.710243], [-48.289011, -21.710108], [-48.289415, -21.7101], [-48.290121, -21.7106], [-48.290167, -21.71126], [-48.29034, -21.711453], [-48.290362, -21.711674], [-48.290128, -21.711872], [-48.290326, -21.712175], [-48.290248, -21.712298], [-48.28988, -21.7122], [-48.289793, -21.712781], [-48.289222, -21.71416], [-48.287408, -21.715964], [-48.286742, -21.717188], [-48.286032, -21.718139], [-48.285743, -21.718876], [-48.285031, -21.720187], [-48.284638, -21.720545], [-48.284177, -21.720765], [-48.282374, -21.721203], [-48.281796, -21.721081], [-48.281416, -21.721113], [-48.280647, -21.721441], [-48.27982, -21.721638], [-48.279391, -21.721889], [-48.278585, -21.722035], [-48.278389, -21.722215], [-48.278644, -21.722265], [-48.278938, -21.722196], [-48.280153, -21.722171], [-48.280474, -21.722087], [-48.281379, -21.722201], [-48.281947, -21.72197], [-48.282156, -21.721797], [-48.282546, -21.72181], [-48.282838, -21.721717], [-48.283632, -21.721943], [-48.284222, -21.721524], [-48.28516, -21.721141], [-48.286615, -21.719225], [-48.287256, -21.717872], [-48.288167, -21.716367], [-48.2889, -21.715479], [-48.288913, -21.715117], [-48.289461, -21.714663], [-48.289633, -21.714028], [-48.289955, -21.713905], [-48.290241, -21.713604], [-48.290304, -21.713387], [-48.290157, -21.713083], [-48.290646, -21.71268], [-48.290863, -21.712261], [-48.290865, -21.712043], [-48.290946, -21.711991], [-48.290966, -21.711117], [-48.291152, -21.710569], [-48.293169, -21.709016], [-48.294617, -21.708338], [-48.295217, -21.708319], [-48.295813, -21.708471], [-48.296663, -21.708194], [-48.2975, -21.708133], [-48.299383, -21.707744], [-48.300907, -21.707528], [-48.302051, -21.707467], [-48.302555, -21.707568], [-48.304315, -21.708185], [-48.304605, -21.708362], [-48.304737, -21.708728], [-48.304629, -21.70906], [-48.303387, -21.71116], [-48.303029, -21.71218], [-48.302697, -21.714091], [-48.302638, -21.714931], [-48.302487, -21.715457], [-48.302014, -21.716191], [-48.301545, -21.717323], [-48.301073, -21.718077], [-48.300584, -21.71864], [-48.298815, -21.720019], [-48.299526, -21.720016], [-48.299776, -21.72026], [-48.300314, -21.719908], [-48.300504, -21.719581], [-48.300394, -21.719282], [-48.300423, -21.719128], [-48.301107, -21.718655], [-48.301211, -21.718084], [-48.301657, -21.717966], [-48.301942, -21.717329], [-48.302143, -21.717109], [-48.3023, -21.717052], [-48.302488, -21.71634], [-48.303021, -21.715176], [-48.303203, -21.714577], [-48.303555, -21.712199], [-48.303833, -21.711285], [-48.304184, -21.710536], [-48.305301, -21.70908], [-48.305719, -21.708594], [-48.306234, -21.708231], [-48.307379, -21.707959], [-48.309219, -21.707674], [-48.310595, -21.707743], [-48.311621, -21.707643], [-48.312983, -21.707757], [-48.314054, -21.707732], [-48.316601, -21.707453], [-48.318524, -21.70703], [-48.319967, -21.706864], [-48.320866, -21.706908], [-48.320935, -21.707198], [-48.321209, -21.707285], [-48.321661, -21.70712], [-48.321922, -21.706844], [-48.32292, -21.706979], [-48.324674, -21.707062], [-48.325142, -21.707165], [-48.325464, -21.707411], [-48.325647, -21.707746], [-48.325692, -21.708104], [-48.325476, -21.710389], [-48.325656, -21.711431], [-48.326167, -21.712372], [-48.327234, -21.713785], [-48.328402, -21.714988], [-48.329927, -21.717761], [-48.330509, -21.719437], [-48.330725, -21.720292], [-48.331084, -21.720423], [-48.331642, -21.719071], [-48.331287, -21.71852], [-48.331162, -21.717901], [-48.329644, -21.715313], [-48.328239, -21.713461], [-48.327405, -21.712717], [-48.326484, -21.711627], [-48.326005, -21.710549], [-48.325936, -21.709987], [-48.326321, -21.708633], [-48.326785, -21.707555], [-48.327178, -21.706896], [-48.328789, -21.705369], [-48.329757, -21.703458], [-48.330712, -21.702266], [-48.331189, -21.701438], [-48.331507, -21.700279], [-48.331548, -21.699175], [-48.331331, -21.698744], [-48.330875, -21.6988], [-48.330391, -21.698754], [-48.329837, -21.698585], [-48.330043, -21.699202], [-48.330051, -21.699739], [-48.329893, -21.700323], [-48.329591, -21.700797], [-48.328895, -21.701578]], [[-48.328247, -21.71358], [-48.328772, -21.714572], [-48.328745, -21.714721], [-48.328554, -21.714729], [-48.327923, -21.714314], [-48.327269, -21.713714], [-48.327898, -21.713166], [-48.328247, -21.71358]]], [[[-48.28884, -21.69526], [-48.28844, -21.69509], [-48.28812, -21.695163], [-48.287788, -21.694968], [-48.287608, -21.694993], [-48.286182, -21.695343], [-48.28427, -21.695944], [-48.282449, -21.696235], [-48.282367, -21.696679], [-48.282218, -21.696837], [-48.282245, -21.696908], [-48.283746, -21.696707], [-48.28385, -21.696073], [-48.284323, -21.696211], [-48.284648, -21.696161], [-48.284868, -21.696257], [-48.284947, -21.695904], [-48.285075, -21.695804], [-48.285961, -21.696125], [-48.286616, -21.695886], [-48.286849, -21.696081], [-48.287543, -21.695985], [-48.287758, -21.695761], [-48.288293, -21.695711], [-48.288524, -21.695482], [-48.288874, -21.695736], [-48.289261, -21.69567], [-48.28968, -21.695779], [-48.290003, -21.695649], [-48.290735, -21.695653], [-48.291279, -21.695528], [-48.290851, -21.695424], [-48.289728, -21.695506], [-48.28964, -21.695415], [-48.28965, -21.695062], [-48.290321, -21.694775], [-48.290575, -21.694612], [-48.289811, -21.694991], [-48.289444, -21.695022], [-48.28884, -21.69526]]], [[[-48.291342, -21.695501], [-48.29133, -21.695507], [-48.291323, -21.695516], [-48.291342, -21.695501]]], [[[-48.290632, -21.69458], [-48.290641, -21.694582], [-48.290714, -21.694554], [-48.290632, -21.69458]]], [[[-48.296463, -21.693235], [-48.293699, -21.694211], [-48.293181, -21.694288], [-48.292196, -21.694228], [-48.291781, -21.694553], [-48.291441, -21.694688], [-48.291181, -21.694695], [-48.291059, -21.694516], [-48.291015, -21.694483], [-48.290829, -21.694523], [-48.291069, -21.694533], [-48.291255, -21.694937], [-48.29136, -21.695449], [-48.291606, -21.695002], [-48.291896, -21.694832], [-48.292212, -21.694846], [-48.292756, -21.695117], [-48.293328, -21.69498], [-48.29353, -21.694746], [-48.293776, -21.694976], [-48.29391, -21.694948], [-48.296693, -21.69383], [-48.297697, -21.693309], [-48.299222, -21.692328], [-48.300357, -21.691743], [-48.299972, -21.691416], [-48.299934, -21.691104], [-48.299209, -21.691723], [-48.298431, -21.692156], [-48.298305, -21.692457], [-48.298113, -21.692659], [-48.297588, -21.6926], [-48.296463, -21.693235]]], [[[-48.300696, -21.690923], [-48.301246, -21.690834], [-48.301559, -21.690936], [-48.301901, -21.690869], [-48.302178, -21.690994], [-48.303016, -21.690489], [-48.3039, -21.690495], [-48.304127, -21.689976], [-48.304018, -21.689709], [-48.304226, -21.68927], [-48.304087, -21.688914], [-48.303938, -21.688777], [-48.303988, -21.689226], [-48.30384, -21.689644], [-48.303694, -21.689789], [-48.301554, -21.690631], [-48.300373, -21.690885], [-48.300696, -21.690923]]], [[[-48.302474, -21.685755], [-48.302413, -21.685014], [-48.302129, -21.684602], [-48.302342, -21.68397], [-48.30218, -21.683499], [-48.302121, -21.682914], [-48.301832, -21.682559], [-48.301758, -21.682912], [-48.301925, -21.68404], [-48.301959, -21.685328], [-48.302299, -21.685997], [-48.302474, -21.685755]]], [[[-48.301172, -21.680215], [-48.301641, -21.680392], [-48.30211, -21.680723], [-48.302274, -21.68096], [-48.302258, -21.681408], [-48.301934, -21.682289], [-48.302345, -21.682149], [-48.302565, -21.681419], [-48.302736, -21.681244], [-48.302553, -21.680988], [-48.302354, -21.680276], [-48.302251, -21.680177], [-48.302011, -21.68013], [-48.301768, -21.680289], [-48.301259, -21.68015], [-48.301172, -21.680215]]], [[[-48.282771, -21.680592], [-48.280738, -21.682033], [-48.281341, -21.681682], [-48.281553, -21.681833], [-48.282382, -21.681495], [-48.282658, -21.681621], [-48.283117, -21.681045], [-48.283607, -21.680958], [-48.28395, -21.680544], [-48.28409, -21.680208], [-48.284445, -21.680082], [-48.284296, -21.679689], [-48.284471, -21.6795], [-48.284544, -21.679257], [-48.28499, -21.679133], [-48.285305, -21.678621], [-48.285633, -21.678607], [-48.285863, -21.678471], [-48.285835, -21.678055], [-48.284984, -21.678728], [-48.284553, -21.67917], [-48.283491, -21.679636], [-48.282771, -21.680592]]], [[[-48.299265, -21.679085], [-48.299338, -21.679042], [-48.298825, -21.678739], [-48.29841, -21.677843], [-48.298253, -21.677671], [-48.298201, -21.678012], [-48.298558, -21.678623], [-48.298956, -21.678996], [-48.299265, -21.679085]]], [[[-48.249976, -21.889093], [-48.249873, -21.889508], [-48.249341, -21.89006], [-48.248426, -21.891373], [-48.247552, -21.89239], [-48.247157, -21.892636], [-48.246671, -21.892765], [-48.245953, -21.892637], [-48.245626, -21.89269], [-48.245138, -21.892919], [-48.244403, -21.892855], [-48.244139, -21.892949], [-48.243939, -21.893288], [-48.243764, -21.893917], [-48.243397, -21.894503], [-48.242436, -21.894675], [-48.243183, -21.894803], [-48.244129, -21.894342], [-48.244014, -21.893636], [-48.244201, -21.893048], [-48.244389, -21.892931], [-48.244857, -21.893069], [-48.246105, -21.893041], [-48.246206, -21.893135], [-48.246322, -21.893514], [-48.246799, -21.893722], [-48.24714, -21.893754], [-48.247273, -21.893145], [-48.247394, -21.892928], [-48.247651, -21.892835], [-48.248053, -21.892961], [-48.248483, -21.892927], [-48.24878, -21.892462], [-48.249233, -21.892302], [-48.249242, -21.891818], [-48.249652, -21.891568], [-48.249729, -21.891132], [-48.249626, -21.890665], [-48.249955, -21.89014], [-48.250497, -21.889794], [-48.250704, -21.889206], [-48.251297, -21.889126], [-48.251431, -21.888465], [-48.251927, -21.888497], [-48.251996, -21.88823], [-48.251869, -21.88802], [-48.251833, -21.887713], [-48.251928, -21.887346], [-48.251747, -21.887077], [-48.25223, -21.887037], [-48.252595, -21.886568], [-48.253383, -21.886445], [-48.253653, -21.886238], [-48.253625, -21.885963], [-48.253033, -21.885981], [-48.252763, -21.886089], [-48.251378, -21.887103], [-48.250985, -21.887521], [-48.249976, -21.889093]]], [[[-48.253572, -21.881508], [-48.253267, -21.881628], [-48.253362, -21.881861], [-48.254569, -21.882097], [-48.254528, -21.881737], [-48.255579, -21.881413], [-48.256049, -21.880913], [-48.25689, -21.880437], [-48.257043, -21.880197], [-48.257605, -21.880114], [-48.25771, -21.879712], [-48.257052, -21.880011], [-48.255933, -21.880691], [-48.255583, -21.881133], [-48.255074, -21.881481], [-48.254802, -21.881552], [-48.253572, -21.881508]]], [[[-48.262366, -21.871713], [-48.262923, -21.871596], [-48.262954, -21.871476], [-48.262758, -21.87113], [-48.262201, -21.871155], [-48.261847, -21.871301], [-48.261458, -21.871621], [-48.261247, -21.871963], [-48.261156, -21.873067], [-48.261292, -21.873642], [-48.261254, -21.873904], [-48.261592, -21.873909], [-48.26188, -21.872932], [-48.261888, -21.872297], [-48.262256, -21.87207], [-48.262366, -21.871713]]], [[[-48.248117, -21.864807], [-48.248276, -21.864928], [-48.248495, -21.8654], [-48.248781, -21.865408], [-48.249332, -21.865174], [-48.248399, -21.864735], [-48.24736, -21.864839], [-48.24666, -21.864572], [-48.24596, -21.864531], [-48.247448, -21.864988], [-48.247825, -21.864824], [-48.248117, -21.864807]]], [[[-48.259309, -21.863577], [-48.259747, -21.8631], [-48.259703, -21.862859], [-48.259879, -21.862371], [-48.259239, -21.862929], [-48.258842, -21.863482], [-48.259165, -21.863628], [-48.259309, -21.863577]]], [[[-48.279853, -21.861712], [-48.280113, -21.861617], [-48.279874, -21.861032], [-48.279197, -21.861021], [-48.278939, -21.861209], [-48.279029, -21.861537], [-48.279853, -21.861712]]], [[[-48.268198, -21.860307], [-48.267955, -21.859752], [-48.266876, -21.860546], [-48.266983, -21.86083], [-48.267277, -21.861005], [-48.268076, -21.860569], [-48.268198, -21.860307]]], [[[-48.26997, -21.859307], [-48.270426, -21.858994], [-48.270487, -21.858801], [-48.269618, -21.858935], [-48.268103, -21.859619], [-48.268795, -21.859696], [-48.26953, -21.859372], [-48.26997, -21.859307]]], [[[-48.275191, -21.837169], [-48.275551, -21.837369], [-48.275896, -21.837295], [-48.275583, -21.836867], [-48.275669, -21.836505], [-48.275795, -21.836456], [-48.275564, -21.835865], [-48.275506, -21.836265], [-48.274948, -21.836548], [-48.275191, -21.837169]]], [[[-48.268976, -21.833616], [-48.268646, -21.833908], [-48.269743, -21.83437], [-48.269395, -21.833768], [-48.269216, -21.833641], [-48.268976, -21.833616]]], [[[-48.271878, -21.833504], [-48.272118, -21.833849], [-48.272934, -21.834207], [-48.273221, -21.834154], [-48.27337, -21.834018], [-48.273278, -21.833627], [-48.27332, -21.832907], [-48.273644, -21.832559], [-48.273932, -21.832724], [-48.273881, -21.832567], [-48.273651, -21.83223], [-48.272503, -21.831617], [-48.272553, -21.832219], [-48.271888, -21.832526], [-48.271878, -21.833504]]], [[[-48.265282, -21.827201], [-48.265569, -21.827055], [-48.265959, -21.826985], [-48.266405, -21.826663], [-48.266284, -21.826537], [-48.265873, -21.826603], [-48.265339, -21.826939], [-48.265282, -21.827201]]], [[[-48.269799, -21.824574], [-48.269357, -21.824806], [-48.269074, -21.825292], [-48.269063, -21.825608], [-48.269286, -21.826296], [-48.269292, -21.826642], [-48.269134, -21.827287], [-48.269082, -21.828446], [-48.269771, -21.828383], [-48.270386, -21.828513], [-48.270427, -21.827923], [-48.270599, -21.827401], [-48.271606, -21.825834], [-48.271843, -21.825569], [-48.273186, -21.824969], [-48.272982, -21.824669], [-48.272757, -21.824517], [-48.271666, -21.824315], [-48.271033, -21.824312], [-48.269799, -21.824574]]], [[[-48.258256, -21.823354], [-48.257821, -21.823312], [-48.25759, -21.823473], [-48.257419, -21.824667], [-48.257139, -21.824743], [-48.256809, -21.82468], [-48.256359, -21.824305], [-48.256143, -21.824246], [-48.255432, -21.824293], [-48.255654, -21.824377], [-48.256203, -21.824318], [-48.256623, -21.824681], [-48.256879, -21.824778], [-48.257053, -21.825097], [-48.257759, -21.825291], [-48.25832, -21.825009], [-48.258396, -21.824605], [-48.258478, -21.82498], [-48.259162, -21.82513], [-48.259335, -21.825032], [-48.259713, -21.824403], [-48.26049, -21.824448], [-48.260941, -21.824697], [-48.261034, -21.824653], [-48.260986, -21.824343], [-48.260737, -21.824009], [-48.260728, -21.823874], [-48.260808, -21.823795], [-48.260733, -21.823738], [-48.260365, -21.823719], [-48.259614, -21.824092], [-48.259326, -21.824105], [-48.258881, -21.823884], [-48.258256, -21.823354]]], [[[-48.262114, -21.824604], [-48.261925, -21.824598], [-48.261474, -21.824348], [-48.261804, -21.824696], [-48.261962, -21.824747], [-48.262167, -21.824695], [-48.262753, -21.82435], [-48.26327, -21.823651], [-48.263438, -21.823245], [-48.263348, -21.822982], [-48.262864, -21.822578], [-48.262721, -21.822337], [-48.262526, -21.822379], [-48.262819, -21.823051], [-48.262758, -21.82362], [-48.262455, -21.824241], [-48.262114, -21.824604]]], [[[-48.251448, -21.821863], [-48.250758, -21.821906], [-48.250267, -21.822048], [-48.249966, -21.82199], [-48.250223, -21.822109], [-48.250788, -21.822017], [-48.251024, -21.822076], [-48.251353, -21.822018], [-48.251635, -21.822098], [-48.252031, -21.822273], [-48.252944, -21.823002], [-48.254006, -21.822625], [-48.254415, -21.82261], [-48.254832, -21.822838], [-48.254511, -21.822538], [-48.254251, -21.822491], [-48.253477, -21.822641], [-48.253142, -21.822554], [-48.252112, -21.821991], [-48.251448, -21.821863]]], [[[-48.248501, -21.821659], [-48.248967, -21.821534], [-48.249489, -21.821666], [-48.247572, -21.820776], [-48.247949, -21.821304], [-48.248501, -21.821659]]], [[[-48.281668, -21.802638], [-48.281542, -21.802658], [-48.281577, -21.80324], [-48.282053, -21.804057], [-48.282193, -21.80469], [-48.282039, -21.80578], [-48.281607, -21.806507], [-48.279381, -21.808609], [-48.278891, -21.809398], [-48.278686, -21.809925], [-48.278512, -21.809923], [-48.278084, -21.809647], [-48.276562, -21.80724], [-48.275832, -21.806441], [-48.275537, -21.806428], [-48.2757, -21.806822], [-48.275722, -21.807116], [-48.278028, -21.810039], [-48.278966, -21.813024], [-48.279278, -21.813715], [-48.279398, -21.813431], [-48.279744, -21.813324], [-48.279312, -21.811836], [-48.279237, -21.810617], [-48.279286, -21.810352], [-48.279838, -21.809305], [-48.279712, -21.809022], [-48.280235, -21.808673], [-48.280148, -21.808267], [-48.280418, -21.808136], [-48.280542, -21.807861], [-48.281036, -21.807719], [-48.28109, -21.8075], [-48.281657, -21.806915], [-48.282495, -21.806821], [-48.282904, -21.806483], [-48.283681, -21.804199], [-48.283707, -21.804043], [-48.283491, -21.803553], [-48.283202, -21.803224], [-48.283088, -21.803175], [-48.282939, -21.803315], [-48.282468, -21.803426], [-48.281668, -21.802638]]], [[[-48.25496, -21.794994], [-48.25397, -21.794121], [-48.254102, -21.794395], [-48.252254, -21.796162], [-48.251873, -21.796667], [-48.251567, -21.797216], [-48.250575, -21.799528], [-48.249357, -21.802558], [-48.247612, -21.806063], [-48.24799, -21.806503], [-48.247369, -21.807085], [-48.247258, -21.807566], [-48.247066, -21.807673], [-48.246599, -21.808232], [-48.245653, -21.809912], [-48.24585, -21.810042], [-48.245886, -21.810398], [-48.245554, -21.810749], [-48.245173, -21.810936], [-48.245132, -21.811561], [-48.24466, -21.812043], [-48.244283, -21.812242], [-48.24417, -21.812382], [-48.242806, -21.814706], [-48.24257, -21.815289], [-48.242281, -21.816655], [-48.241794, -21.817769], [-48.241618, -21.817974], [-48.241407, -21.818076], [-48.240241, -21.818109], [-48.239805, -21.817971], [-48.239505, -21.817964], [-48.238488, -21.818444], [-48.238283, -21.81868], [-48.239145, -21.818661], [-48.239471, -21.818951], [-48.239799, -21.818956], [-48.239882, -21.818902], [-48.239986, -21.818477], [-48.240185, -21.818315], [-48.241177, -21.818472], [-48.241469, -21.818335], [-48.241789, -21.818022], [-48.242136, -21.818142], [-48.242444, -21.818479], [-48.243233, -21.818223], [-48.243321, -21.818133], [-48.243136, -21.817678], [-48.242822, -21.817746], [-48.24262, -21.817692], [-48.243009, -21.816498], [-48.24338, -21.815681], [-48.243526, -21.815036], [-48.243979, -21.814241], [-48.244769, -21.813358], [-48.245246, -21.812683], [-48.246507, -21.810712], [-48.248394, -21.80637], [-48.249442, -21.803125], [-48.250791, -21.801072], [-48.251385, -21.800893], [-48.252159, -21.800812], [-48.252167, -21.800361], [-48.251692, -21.800279], [-48.251429, -21.800146], [-48.251237, -21.799771], [-48.251447, -21.798722], [-48.251769, -21.797913], [-48.252446, -21.796868], [-48.254009, -21.795381], [-48.25472, -21.794877], [-48.25496, -21.794994]]], [[[-48.256027, -21.79333], [-48.256279, -21.792414], [-48.256247, -21.792206], [-48.256022, -21.792133], [-48.255771, -21.792261], [-48.255402, -21.792857], [-48.254594, -21.793778], [-48.253937, -21.794072], [-48.254601, -21.793803], [-48.255162, -21.793449], [-48.255563, -21.793476], [-48.255654, -21.793667], [-48.255136, -21.794723], [-48.255045, -21.795014], [-48.255201, -21.794623], [-48.255846, -21.793713], [-48.256027, -21.79333]], [[-48.255312, -21.793174], [-48.255641, -21.792978], [-48.255895, -21.792691], [-48.256027, -21.793116], [-48.255948, -21.793453], [-48.255871, -21.793523], [-48.255396, -21.793293], [-48.255312, -21.793174]]], [[[-48.269196, -21.763978], [-48.270289, -21.76386], [-48.270501, -21.763834], [-48.270033, -21.763733], [-48.268707, -21.763938], [-48.268562, -21.763917], [-48.268423, -21.763622], [-48.268219, -21.763786], [-48.268274, -21.764065], [-48.268608, -21.764254], [-48.269196, -21.763978]]], [[[-48.270615, -21.762888], [-48.270416, -21.762925], [-48.269472, -21.763003], [-48.270386, -21.762941], [-48.270615, -21.762888]]], [[[-48.252011, -21.737079], [-48.252337, -21.737366], [-48.252596, -21.737302], [-48.252543, -21.73716], [-48.252011, -21.737079]]], [[[-48.253083, -21.737095], [-48.253079, -21.736986], [-48.253047, -21.737107], [-48.253083, -21.737095]]], [[[-48.253071, -21.736748], [-48.25305, -21.736681], [-48.253075, -21.736882], [-48.253071, -21.736748]]], [[[-48.252719, -21.732895], [-48.252896, -21.734077], [-48.252876, -21.734648], [-48.252966, -21.735594], [-48.252985, -21.735501], [-48.252882, -21.733845], [-48.252736, -21.732864], [-48.252762, -21.732507], [-48.252749, -21.732379], [-48.252719, -21.732895]]], [[[-48.252115, -21.733729], [-48.252131, -21.73385], [-48.252122, -21.733628], [-48.252115, -21.733729]]], [[[-48.252687, -21.732286], [-48.252379, -21.732362], [-48.252301, -21.732394], [-48.252687, -21.732286]]], [[[-48.271994, -21.686261], [-48.271531, -21.686261], [-48.271637, -21.687444], [-48.271224, -21.688138], [-48.270916, -21.689329], [-48.270713, -21.689472], [-48.270588, -21.689925], [-48.269692, -21.691491], [-48.269382, -21.691885], [-48.267976, -21.693224], [-48.267932, -21.693439], [-48.267685, -21.693748], [-48.267558, -21.694268], [-48.267214, -21.694627], [-48.266837, -21.694744], [-48.266531, -21.695179], [-48.266622, -21.695292], [-48.266833, -21.695315], [-48.267416, -21.694993], [-48.267793, -21.69466], [-48.268007, -21.694191], [-48.268522, -21.693604], [-48.269018, -21.693385], [-48.269554, -21.692741], [-48.269549, -21.692419], [-48.269675, -21.692072], [-48.270442, -21.69199], [-48.270829, -21.691616], [-48.271431, -21.691306], [-48.271545, -21.690929], [-48.271149, -21.690666], [-48.271103, -21.690528], [-48.271449, -21.690519], [-48.271757, -21.690085], [-48.271651, -21.689613], [-48.27153, -21.689414], [-48.271546, -21.689162], [-48.27177, -21.688928], [-48.272069, -21.687125], [-48.272563, -21.685284], [-48.272283, -21.685724], [-48.271921, -21.685984], [-48.271994, -21.686261]]], [[[-48.276769, -21.684616], [-48.275379, -21.684518], [-48.276599, -21.684909], [-48.277242, -21.684969], [-48.277935, -21.68479], [-48.278374, -21.684477], [-48.277574, -21.684601], [-48.277177, -21.684491], [-48.276769, -21.684616]]], [[[-48.278658, -21.683508], [-48.278887, -21.683283], [-48.278935, -21.682862], [-48.278137, -21.683176], [-48.277032, -21.683914], [-48.277138, -21.683977], [-48.277767, -21.683934], [-48.278207, -21.683565], [-48.278658, -21.683508]]], [[[-48.27102, -21.683076], [-48.271163, -21.682909], [-48.271275, -21.68289], [-48.271447, -21.683098], [-48.271716, -21.683004], [-48.27221, -21.683262], [-48.272504, -21.683297], [-48.272256, -21.682904], [-48.271924, -21.682739], [-48.270766, -21.682781], [-48.270246, -21.682674], [-48.270142, -21.682972], [-48.270585, -21.683189], [-48.27102, -21.683076]]], [[[-48.259066, -21.680119], [-48.259273, -21.680687], [-48.259535, -21.680893], [-48.259793, -21.68098], [-48.26011, -21.680921], [-48.260601, -21.680362], [-48.261238, -21.68016], [-48.262103, -21.680111], [-48.263515, -21.680363], [-48.264633, -21.680942], [-48.265586, -21.6812], [-48.266113, -21.681519], [-48.266462, -21.682349], [-48.26674, -21.682665], [-48.267103, -21.682893], [-48.267465, -21.68287], [-48.267899, -21.683051], [-48.268471, -21.683808], [-48.26867, -21.684273], [-48.268924, -21.68442], [-48.269246, -21.684463], [-48.269586, -21.684076], [-48.269918, -21.683952], [-48.270426, -21.683928], [-48.270952, -21.684152], [-48.27138, -21.684514], [-48.271552, -21.684942], [-48.271514, -21.685458], [-48.271361, -21.685814], [-48.271439, -21.686211], [-48.271554, -21.685932], [-48.271943, -21.685487], [-48.271962, -21.684932], [-48.271532, -21.684249], [-48.271184, -21.683951], [-48.271166, -21.68372], [-48.271071, -21.683602], [-48.270746, -21.683553], [-48.270049, -21.68364], [-48.269741, -21.683457], [-48.26932, -21.683493], [-48.268876, -21.683403], [-48.268494, -21.68278], [-48.268098, -21.68253], [-48.267323, -21.682302], [-48.266921, -21.681612], [-48.265983, -21.68065], [-48.264993, -21.680408], [-48.264515, -21.680205], [-48.263576, -21.679299], [-48.263227, -21.679333], [-48.263013, -21.679827], [-48.262572, -21.679812], [-48.262322, -21.680008], [-48.261956, -21.679896], [-48.26116, -21.679871], [-48.260175, -21.680378], [-48.259872, -21.680177], [-48.259362, -21.680075], [-48.258939, -21.679854], [-48.25871, -21.67982], [-48.259066, -21.680119]]], [[[-48.262589, -21.679273], [-48.262733, -21.679029], [-48.262045, -21.679212], [-48.260556, -21.679219], [-48.261008, -21.67942], [-48.261487, -21.679343], [-48.262254, -21.679362], [-48.262589, -21.679273]]], [[[-48.264708, -21.679064], [-48.264843, -21.679431], [-48.265159, -21.679466], [-48.26534, -21.679734], [-48.266084, -21.679867], [-48.266534, -21.679775], [-48.26687, -21.679865], [-48.267183, -21.679408], [-48.267817, -21.679093], [-48.267938, -21.678705], [-48.267776, -21.678483], [-48.267545, -21.678387], [-48.267252, -21.678474], [-48.266932, -21.678806], [-48.266496, -21.679529], [-48.265959, -21.679725], [-48.265592, -21.679542], [-48.265115, -21.679123], [-48.264822, -21.678341], [-48.264157, -21.678227], [-48.263664, -21.678322], [-48.263521, -21.678619], [-48.262976, -21.678943], [-48.263532, -21.678979], [-48.263822, -21.678831], [-48.264329, -21.678851], [-48.264708, -21.679064]]], [[[-48.256718, -21.678512], [-48.25727, -21.678656], [-48.258352, -21.679333], [-48.259084, -21.679306], [-48.259371, -21.679153], [-48.259325, -21.679392], [-48.259585, -21.679525], [-48.259917, -21.679321], [-48.26046, -21.679217], [-48.259393, -21.679044], [-48.257417, -21.678467], [-48.255406, -21.678321], [-48.255852, -21.678664], [-48.25643, -21.678633], [-48.256718, -21.678512]]], [[[-48.253963, -21.678026], [-48.253869, -21.677889], [-48.253389, -21.677634], [-48.252324, -21.676785], [-48.252486, -21.677299], [-48.252994, -21.678191], [-48.252897, -21.67776], [-48.25307, -21.677688], [-48.253963, -21.678026]]], [[[-48.274129, -21.665072], [-48.273688, -21.664929], [-48.272104, -21.664704], [-48.271363, -21.664366], [-48.271157, -21.664722], [-48.271822, -21.665241], [-48.272466, -21.665315], [-48.273019, -21.665532], [-48.273191, -21.665494], [-48.273284, -21.665202], [-48.273485, -21.665184], [-48.274114, -21.665521], [-48.27522, -21.665492], [-48.275887, -21.665661], [-48.276278, -21.665904], [-48.276608, -21.665873], [-48.276899, -21.665741], [-48.277484, -21.66639], [-48.27796, -21.667169], [-48.278887, -21.669538], [-48.27921, -21.669639], [-48.279388, -21.669916], [-48.280339, -21.670487], [-48.28088, -21.671149], [-48.281051, -21.671537], [-48.281746, -21.672299], [-48.281994, -21.672337], [-48.28285, -21.672871], [-48.28324, -21.673015], [-48.283671, -21.67367], [-48.28378, -21.67432], [-48.283867, -21.674456], [-48.284957, -21.675732], [-48.285687, -21.676237], [-48.285653, -21.676134], [-48.285199, -21.675801], [-48.285075, -21.675579], [-48.284805, -21.675421], [-48.284259, -21.674202], [-48.283898, -21.674215], [-48.284021, -21.674013], [-48.284465, -21.673834], [-48.284106, -21.673557], [-48.283996, -21.673272], [-48.283747, -21.673097], [-48.283545, -21.67272], [-48.282783, -21.672233], [-48.282381, -21.672119], [-48.281919, -21.671741], [-48.281461, -21.67152], [-48.281161, -21.67097], [-48.279409, -21.669213], [-48.279283, -21.668998], [-48.279333, -21.668776], [-48.278927, -21.66844], [-48.279066, -21.668116], [-48.278829, -21.667873], [-48.278742, -21.667573], [-48.278499, -21.667319], [-48.278342, -21.666807], [-48.278014, -21.666482], [-48.277684, -21.665298], [-48.277115, -21.664484], [-48.276718, -21.663083], [-48.276367, -21.662637], [-48.276131, -21.662561], [-48.275972, -21.662779], [-48.276068, -21.662952], [-48.27632, -21.663133], [-48.27621, -21.663408], [-48.276555, -21.66413], [-48.2766, -21.665209], [-48.276524, -21.665387], [-48.276127, -21.665451], [-48.275615, -21.665201], [-48.274129, -21.665072]]], [[[-48.252963, -21.632452], [-48.253217, -21.63262], [-48.2538, -21.632774], [-48.254049, -21.632643], [-48.254093, -21.632441], [-48.253482, -21.632024], [-48.253248, -21.632084], [-48.252336, -21.632028], [-48.251843, -21.631907], [-48.251928, -21.632022], [-48.252468, -21.63224], [-48.252615, -21.632427], [-48.252963, -21.632452]]], [[[-48.244187, -21.624575], [-48.244332, -21.624607], [-48.244388, -21.625079], [-48.244674, -21.625849], [-48.24582, -21.626338], [-48.246995, -21.627107], [-48.248063, -21.628252], [-48.249029, -21.629466], [-48.249598, -21.63069], [-48.249877, -21.631806], [-48.249685, -21.633676], [-48.250158, -21.633652], [-48.250272, -21.633205], [-48.250498, -21.632912], [-48.250303, -21.632673], [-48.250026, -21.632521], [-48.250031, -21.632281], [-48.250262, -21.631817], [-48.250637, -21.631433], [-48.250838, -21.631439], [-48.250526, -21.631036], [-48.249228, -21.628235], [-48.249089, -21.62803], [-48.248856, -21.62799], [-48.248273, -21.628178], [-48.248196, -21.627992], [-48.248463, -21.627675], [-48.248463, -21.62751], [-48.247706, -21.626552], [-48.246509, -21.625813], [-48.245781, -21.62522], [-48.244234, -21.624393], [-48.243836, -21.62392], [-48.243588, -21.62432], [-48.24385, -21.624495], [-48.24396, -21.624677], [-48.244187, -21.624575]]], [[[-48.249322, -21.608151], [-48.250433, -21.609496], [-48.250919, -21.609278], [-48.249412, -21.607342], [-48.249065, -21.606573], [-48.248909, -21.605814], [-48.248733, -21.605598], [-48.248321, -21.605262], [-48.247686, -21.605128], [-48.247372, -21.605271], [-48.246699, -21.605325], [-48.247235, -21.605579], [-48.248148, -21.606553], [-48.249322, -21.608151]]], [[[-48.255472, -21.599318], [-48.255005, -21.599957], [-48.255275, -21.59981], [-48.255562, -21.599784], [-48.25573, -21.599994], [-48.255864, -21.600468], [-48.256323, -21.599871], [-48.257157, -21.599218], [-48.259485, -21.597945], [-48.260343, -21.597693], [-48.261319, -21.597649], [-48.262012, -21.597748], [-48.262623, -21.59795], [-48.26383, -21.598716], [-48.265489, -21.599351], [-48.266213, -21.599787], [-48.266857, -21.600369], [-48.267306, -21.601069], [-48.267499, -21.601607], [-48.267754, -21.602965], [-48.268301, -21.603877], [-48.268525, -21.603866], [-48.268755, -21.604121], [-48.268699, -21.605031], [-48.268922, -21.605517], [-48.269242, -21.607293], [-48.269749, -21.609001], [-48.270244, -21.609335], [-48.270437, -21.609368], [-48.270488, -21.609802], [-48.270875, -21.610494], [-48.270926, -21.610936], [-48.271344, -21.611383], [-48.271702, -21.611565], [-48.272023, -21.612072], [-48.272109, -21.61333], [-48.271956, -21.613668], [-48.271897, -21.614056], [-48.271711, -21.614297], [-48.271787, -21.614547], [-48.271868, -21.614615], [-48.272324, -21.614654], [-48.272586, -21.614412], [-48.272653, -21.614231], [-48.272453, -21.613822], [-48.272556, -21.613659], [-48.272848, -21.613556], [-48.272704, -21.613222], [-48.272864, -21.613088], [-48.272801, -21.612758], [-48.272952, -21.612307], [-48.272932, -21.611717], [-48.272654, -21.610959], [-48.272332, -21.610589], [-48.271814, -21.610418], [-48.271415, -21.610157], [-48.271383, -21.609389], [-48.271038, -21.609134], [-48.270688, -21.608729], [-48.270474, -21.607573], [-48.269432, -21.605049], [-48.269241, -21.604353], [-48.269184, -21.603621], [-48.268845, -21.603079], [-48.268434, -21.602626], [-48.26832, -21.602311], [-48.268227, -21.600084], [-48.267532, -21.599786], [-48.26716, -21.599794], [-48.267042, -21.599522], [-48.266737, -21.599393], [-48.266752, -21.598977], [-48.265937, -21.598693], [-48.265201, -21.598921], [-48.264643, -21.59869], [-48.264731, -21.598461], [-48.264658, -21.598198], [-48.264719, -21.59799], [-48.264545, -21.597648], [-48.264638, -21.597358], [-48.264603, -21.59724], [-48.264291, -21.59727], [-48.263314, -21.597931], [-48.263127, -21.597759], [-48.262875, -21.597291], [-48.262374, -21.597341], [-48.261432, -21.596803], [-48.261011, -21.597278], [-48.260777, -21.59738], [-48.260315, -21.597349], [-48.259791, -21.596967], [-48.259096, -21.597141], [-48.258116, -21.597545], [-48.257643, -21.597531], [-48.257236, -21.597288], [-48.256793, -21.596636], [-48.256533, -21.595694], [-48.25586, -21.595548], [-48.256132, -21.597535], [-48.255994, -21.598403], [-48.255472, -21.599318]]], [[[-48.28177, -21.587788], [-48.280872, -21.586108], [-48.280748, -21.586116], [-48.282045, -21.589026], [-48.28224, -21.588894], [-48.28177, -21.587788]]], [[[-48.279764, -21.583848], [-48.280014, -21.584073], [-48.279563, -21.582472], [-48.27939, -21.580606], [-48.279062, -21.579677], [-48.278341, -21.578467], [-48.277903, -21.577922], [-48.277526, -21.577723], [-48.278384, -21.579578], [-48.278471, -21.580107], [-48.278337, -21.580881], [-48.278404, -21.581485], [-48.278962, -21.582602], [-48.279764, -21.583848]]], [[[-48.272225, -21.57339], [-48.272147, -21.573604], [-48.271864, -21.573809], [-48.269725, -21.574836], [-48.268982, -21.575316], [-48.269034, -21.575456], [-48.269311, -21.57558], [-48.270073, -21.57562], [-48.270236, -21.575753], [-48.27018, -21.575869], [-48.269934, -21.576009], [-48.270266, -21.576227], [-48.270409, -21.576748], [-48.270131, -21.578432], [-48.270315, -21.57868], [-48.270607, -21.578549], [-48.270899, -21.578182], [-48.271803, -21.576672], [-48.271596, -21.576325], [-48.27124, -21.576073], [-48.271169, -21.575873], [-48.271195, -21.575563], [-48.271472, -21.575331], [-48.27215, -21.575134], [-48.272561, -21.575551], [-48.272954, -21.575661], [-48.273244, -21.575261], [-48.273398, -21.5752], [-48.273901, -21.575663], [-48.274234, -21.575718], [-48.273598, -21.575026], [-48.273231, -21.574153], [-48.27314, -21.573376], [-48.272579, -21.57218], [-48.272379, -21.570513], [-48.27165, -21.569029], [-48.271261, -21.568288], [-48.270944, -21.567902], [-48.270241, -21.567348], [-48.270098, -21.567367], [-48.270047, -21.56739], [-48.270777, -21.568252], [-48.271506, -21.569472], [-48.27192, -21.571157], [-48.27193, -21.571548], [-48.271792, -21.572304], [-48.272204, -21.573042], [-48.272225, -21.57339]]], [[[-48.268399, -21.565196], [-48.267684, -21.563531], [-48.267547, -21.562841], [-48.267273, -21.562217], [-48.266729, -21.561648], [-48.266839, -21.562218], [-48.267385, -21.562963], [-48.267902, -21.564299], [-48.268106, -21.565372], [-48.268266, -21.565345], [-48.268399, -21.565196]]], [[[-48.264987, -21.56189], [-48.264193, -21.56243], [-48.263328, -21.562776], [-48.262985, -21.563166], [-48.263136, -21.5632], [-48.263808, -21.562908], [-48.264094, -21.563184], [-48.264407, -21.562992], [-48.265074, -21.562525], [-48.265416, -21.562168], [-48.265319, -21.561871], [-48.26505, -21.562029], [-48.264987, -21.56189]]], [[[-48.258673, -21.548415], [-48.257897, -21.548526], [-48.256119, -21.548519], [-48.256275, -21.548788], [-48.256678, -21.548835], [-48.256833, -21.549027], [-48.258009, -21.549058], [-48.258324, -21.549217], [-48.258505, -21.549465], [-48.259122, -21.55093], [-48.259579, -21.551661], [-48.259685, -21.552], [-48.259483, -21.552431], [-48.258833, -21.553032], [-48.258916, -21.553711], [-48.259695, -21.553113], [-48.260146, -21.552934], [-48.260429, -21.552949], [-48.261078, -21.553298], [-48.262067, -21.554027], [-48.26265, -21.554864], [-48.263568, -21.556651], [-48.264159, -21.558429], [-48.264683, -21.559691], [-48.265442, -21.560739], [-48.265492, -21.560978], [-48.265431, -21.561401], [-48.265899, -21.561111], [-48.26635, -21.561235], [-48.265341, -21.559869], [-48.264093, -21.557547], [-48.26285, -21.554791], [-48.261851, -21.553558], [-48.260607, -21.552328], [-48.260182, -21.551507], [-48.259896, -21.550474], [-48.259686, -21.54863], [-48.259618, -21.547295], [-48.259886, -21.543603], [-48.259739, -21.542125], [-48.259717, -21.540397], [-48.259516, -21.539323], [-48.25865, -21.540306], [-48.259096, -21.54194], [-48.259208, -21.543328], [-48.259101, -21.547637], [-48.258937, -21.548123], [-48.258673, -21.548415]]], [[[-48.226214, -21.924559], [-48.226986, -21.924364], [-48.227508, -21.924662], [-48.227852, -21.924761], [-48.228394, -21.924532], [-48.228652, -21.924926], [-48.228931, -21.925124], [-48.22918, -21.925091], [-48.22941, -21.924592], [-48.229377, -21.924391], [-48.228766, -21.923999], [-48.228816, -21.923416], [-48.228482, -21.923796], [-48.22782, -21.924041], [-48.226463, -21.924132], [-48.225985, -21.92405], [-48.225715, -21.923825], [-48.225417, -21.923257], [-48.224722, -21.922534], [-48.224827, -21.923337], [-48.224912, -21.923498], [-48.225408, -21.923854], [-48.225484, -21.924205], [-48.225793, -21.924464], [-48.226214, -21.924559]]], [[[-48.224393, -21.922032], [-48.224529, -21.921301], [-48.224804, -21.920775], [-48.224255, -21.921252], [-48.224393, -21.922032]]], [[[-48.217876, -21.922654], [-48.218361, -21.922675], [-48.219043, -21.922476], [-48.219357, -21.922265], [-48.21942, -21.922139], [-48.219265, -21.921833], [-48.219282, -21.921723], [-48.219368, -21.921544], [-48.219789, -21.921173], [-48.220388, -21.921123], [-48.220842, -21.92126], [-48.221155, -21.921156], [-48.221428, -21.920767], [-48.222104, -21.92094], [-48.222793, -21.920801], [-48.22283, -21.92071], [-48.222738, -21.920461], [-48.222296, -21.91983], [-48.222377, -21.919598], [-48.222627, -21.919564], [-48.22313, -21.919972], [-48.223446, -21.920116], [-48.224069, -21.920038], [-48.224194, -21.920111], [-48.224671, -21.920141], [-48.223806, -21.919181], [-48.223245, -21.918853], [-48.222729, -21.918882], [-48.222273, -21.919108], [-48.222334, -21.919307], [-48.222266, -21.919648], [-48.22201, -21.92005], [-48.221006, -21.92082], [-48.220273, -21.921028], [-48.219255, -21.921117], [-48.218926, -21.921484], [-48.218833, -21.922284], [-48.218564, -21.922485], [-48.218188, -21.922501], [-48.217787, -21.922275], [-48.217633, -21.922328], [-48.217402, -21.923358], [-48.217529, -21.923164], [-48.217933, -21.922917], [-48.217876, -21.922654]]], [[[-48.230277, -21.917954], [-48.230124, -21.920634], [-48.229692, -21.921445], [-48.229409, -21.921527], [-48.228938, -21.92142], [-48.228735, -21.92155], [-48.228738, -21.92174], [-48.229049, -21.922431], [-48.229017, -21.923058], [-48.2293, -21.922571], [-48.229791, -21.922187], [-48.230358, -21.921268], [-48.230409, -21.921095], [-48.230247, -21.920717], [-48.230523, -21.92024], [-48.230362, -21.920009], [-48.230341, -21.91952], [-48.230619, -21.918874], [-48.230834, -21.91878], [-48.231097, -21.918787], [-48.231218, -21.918689], [-48.231193, -21.918476], [-48.230808, -21.918205], [-48.231252, -21.918077], [-48.23171, -21.918376], [-48.231917, -21.918187], [-48.232068, -21.917874], [-48.23189, -21.917595], [-48.23141, -21.917514], [-48.231185, -21.917288], [-48.231106, -21.917051], [-48.231336, -21.916651], [-48.231376, -21.916147], [-48.231124, -21.916677], [-48.230915, -21.917473], [-48.230626, -21.917759], [-48.230277, -21.917954]]], [[[-48.232406, -21.915209], [-48.232694, -21.914822], [-48.232508, -21.913879], [-48.232392, -21.913636], [-48.232277, -21.914636], [-48.231376, -21.916147], [-48.231797, -21.915886], [-48.232107, -21.915843], [-48.232143, -21.915652], [-48.232349, -21.915512], [-48.232406, -21.915209]]], [[[-48.233307, -21.912474], [-48.233445, -21.910911], [-48.233372, -21.910719], [-48.233174, -21.910528], [-48.232972, -21.910468], [-48.232209, -21.910882], [-48.232081, -21.911034], [-48.232199, -21.912264], [-48.23249, -21.912818], [-48.232723, -21.912939], [-48.233037, -21.912882], [-48.233307, -21.912474]]], [[[-48.23176, -21.910126], [-48.231357, -21.909732], [-48.231257, -21.909781], [-48.231505, -21.910116], [-48.231691, -21.910581], [-48.232007, -21.910697], [-48.232076, -21.910324], [-48.23176, -21.910126]]], [[[-48.222156, -21.906474], [-48.221841, -21.906649], [-48.221731, -21.906815], [-48.221962, -21.907134], [-48.223179, -21.907246], [-48.223867, -21.907065], [-48.224574, -21.907067], [-48.225413, -21.907308], [-48.227433, -21.908174], [-48.230495, -21.909181], [-48.230543, -21.908961], [-48.230693, -21.908914], [-48.228194, -21.907298], [-48.226782, -21.906807], [-48.225033, -21.906409], [-48.22372, -21.906359], [-48.222156, -21.906474]]], [[[-48.242798, -21.895214], [-48.241539, -21.895301], [-48.24097, -21.895185], [-48.241076, -21.895343], [-48.242377, -21.895317], [-48.242814, -21.895466], [-48.242906, -21.895763], [-48.242777, -21.896201], [-48.242386, -21.896785], [-48.24202, -21.896967], [-48.241372, -21.897136], [-48.241115, -21.897471], [-48.241059, -21.898332], [-48.241337, -21.899578], [-48.24125, -21.899925], [-48.240927, -21.900245], [-48.240232, -21.900597], [-48.239442, -21.901444], [-48.238419, -21.901436], [-48.238115, -21.90153], [-48.23774, -21.901848], [-48.237572, -21.903228], [-48.23743, -21.90347], [-48.236768, -21.904078], [-48.23651, -21.907252], [-48.236304, -21.907629], [-48.235638, -21.90832], [-48.236271, -21.908308], [-48.23639, -21.907791], [-48.23677, -21.907395], [-48.237353, -21.907219], [-48.23777, -21.906971], [-48.237758, -21.906547], [-48.237563, -21.906385], [-48.237191, -21.906362], [-48.237101, -21.906173], [-48.237134, -21.905947], [-48.237874, -21.9054], [-48.238043, -21.905418], [-48.238362, -21.90578], [-48.238717, -21.905767], [-48.238926, -21.905573], [-48.238755, -21.905078], [-48.238774, -21.90457], [-48.238635, -21.904199], [-48.238219, -21.903588], [-48.238149, -21.902996], [-48.239127, -21.902876], [-48.239232, -21.902747], [-48.239111, -21.902418], [-48.239099, -21.901919], [-48.239431, -21.90187], [-48.239967, -21.902074], [-48.239988, -21.901726], [-48.240792, -21.90163], [-48.240927, -21.901235], [-48.241863, -21.900491], [-48.241803, -21.899857], [-48.241854, -21.899488], [-48.241671, -21.899035], [-48.241718, -21.898321], [-48.241593, -21.897861], [-48.241296, -21.898276], [-48.241168, -21.898343], [-48.24126, -21.897476], [-48.241322, -21.897365], [-48.241656, -21.897223], [-48.241746, -21.897635], [-48.241939, -21.897695], [-48.24225, -21.897351], [-48.242617, -21.897384], [-48.242815, -21.897243], [-48.24291, -21.896831], [-48.243339, -21.896075], [-48.243278, -21.895638], [-48.242798, -21.895214]]], [[[-48.230117, -21.863912], [-48.229677, -21.863897], [-48.22974, -21.864256], [-48.229934, -21.864553], [-48.230385, -21.864812], [-48.23067, -21.864619], [-48.230733, -21.864388], [-48.230483, -21.864168], [-48.230188, -21.864101], [-48.230117, -21.863912]]], [[[-48.237829, -21.864453], [-48.237908, -21.864364], [-48.237994, -21.863901], [-48.237218, -21.863931], [-48.236959, -21.864232], [-48.236899, -21.863936], [-48.23663, -21.863743], [-48.236559, -21.862902], [-48.236284, -21.862466], [-48.235861, -21.862537], [-48.234684, -21.862537], [-48.235568, -21.86318], [-48.236793, -21.864395], [-48.237339, -21.864599], [-48.237829, -21.864453]]], [[[-48.240869, -21.862731], [-48.241716, -21.863241], [-48.242354, -21.863433], [-48.241188, -21.862745], [-48.240869, -21.862731]]], [[[-48.232463, -21.861964], [-48.232518, -21.862543], [-48.233082, -21.862871], [-48.233258, -21.862792], [-48.233625, -21.862293], [-48.232946, -21.861779], [-48.232763, -21.861748], [-48.232463, -21.861964]]], [[[-48.21879, -21.861366], [-48.218182, -21.861146], [-48.21793, -21.861262], [-48.218601, -21.861513], [-48.219816, -21.861248], [-48.21879, -21.861366]]], [[[-48.227819, -21.860404], [-48.22849, -21.86073], [-48.228991, -21.860827], [-48.229381, -21.860737], [-48.229705, -21.860368], [-48.230245, -21.860185], [-48.230575, -21.859985], [-48.228943, -21.860588], [-48.228495, -21.860561], [-48.227482, -21.859883], [-48.226939, -21.859017], [-48.226639, -21.858976], [-48.226096, -21.859052], [-48.226482, -21.859103], [-48.227303, -21.859973], [-48.227819, -21.860404]]], [[[-48.23466, -21.857871], [-48.234895, -21.857785], [-48.235299, -21.858218], [-48.235665, -21.858477], [-48.235884, -21.858771], [-48.235925, -21.858887], [-48.235778, -21.859375], [-48.235836, -21.859518], [-48.236204, -21.859809], [-48.236829, -21.859957], [-48.237145, -21.860276], [-48.23702, -21.859972], [-48.236208, -21.859209], [-48.236089, -21.85898], [-48.235991, -21.858367], [-48.235686, -21.857831], [-48.23489, -21.857485], [-48.234524, -21.857228], [-48.234356, -21.856934], [-48.234131, -21.857339], [-48.234478, -21.8578], [-48.23466, -21.857871]]], [[[-48.232091, -21.859488], [-48.232329, -21.859288], [-48.232097, -21.858841], [-48.232209, -21.858584], [-48.232476, -21.858533], [-48.232805, -21.858322], [-48.232962, -21.857868], [-48.232947, -21.857572], [-48.232791, -21.857189], [-48.232694, -21.85714], [-48.232124, -21.858237], [-48.231689, -21.858741], [-48.231211, -21.85959], [-48.231676, -21.859471], [-48.232091, -21.859488]]], [[[-48.220977, -21.857491], [-48.221058, -21.857027], [-48.220925, -21.857158], [-48.220647, -21.857251], [-48.219608, -21.857002], [-48.21978, -21.857171], [-48.220346, -21.85732], [-48.220652, -21.857528], [-48.220977, -21.857491]]], [[[-48.234254, -21.855981], [-48.234317, -21.85572], [-48.23468, -21.85518], [-48.234389, -21.855135], [-48.233896, -21.855817], [-48.234359, -21.856799], [-48.234254, -21.855981]]], [[[-48.223862, -21.855113], [-48.222155, -21.855915], [-48.221502, -21.856583], [-48.221921, -21.856328], [-48.222318, -21.856489], [-48.222829, -21.856472], [-48.223121, -21.856543], [-48.22348, -21.856797], [-48.223327, -21.856462], [-48.223387, -21.856143], [-48.224147, -21.855377], [-48.224083, -21.855128], [-48.223862, -21.855113]]], [[[-48.23092, -21.852101], [-48.231705, -21.854001], [-48.231612, -21.853215], [-48.231471, -21.852825], [-48.23067, -21.851433], [-48.230556, -21.8511], [-48.230089, -21.850427], [-48.22918, -21.849581], [-48.229329, -21.850087], [-48.230062, -21.850656], [-48.230277, -21.850956], [-48.230494, -21.85151], [-48.23092, -21.852101]]], [[[-48.229018, -21.847972], [-48.228912, -21.847115], [-48.228654, -21.846348], [-48.228586, -21.846259], [-48.22823, -21.84618], [-48.22826, -21.846413], [-48.228516, -21.846891], [-48.22858, -21.847792], [-48.228692, -21.848268], [-48.228815, -21.848446], [-48.229018, -21.847972]]], [[[-48.221486, -21.836757], [-48.221589, -21.837056], [-48.22318, -21.836792], [-48.22344, -21.836915], [-48.223662, -21.837392], [-48.223807, -21.837384], [-48.223612, -21.836775], [-48.223588, -21.836217], [-48.222826, -21.836336], [-48.221783, -21.836242], [-48.221486, -21.836757]]], [[[-48.220875, -21.830509], [-48.220365, -21.830385], [-48.220451, -21.831137], [-48.220705, -21.832037], [-48.221002, -21.832427], [-48.220817, -21.831015], [-48.220875, -21.830509]]], [[[-48.242485, -21.821967], [-48.241845, -21.82199], [-48.242804, -21.82251], [-48.243158, -21.822785], [-48.243752, -21.822504], [-48.244347, -21.822573], [-48.243866, -21.822343], [-48.243078, -21.822645], [-48.242803, -21.822231], [-48.242485, -21.821967]]], [[[-48.234681, -21.817972], [-48.233887, -21.817983], [-48.233375, -21.817515], [-48.233401, -21.81774], [-48.233547, -21.817933], [-48.233936, -21.818107], [-48.234309, -21.818096], [-48.234681, -21.817972]]], [[[-48.227812, -21.812727], [-48.227335, -21.812884], [-48.227078, -21.813166], [-48.227123, -21.813299], [-48.227329, -21.813727], [-48.227938, -21.81414], [-48.228272, -21.814683], [-48.228704, -21.814895], [-48.228936, -21.814777], [-48.229034, -21.814187], [-48.228607, -21.814095], [-48.228176, -21.813383], [-48.228046, -21.812929], [-48.227812, -21.812727]]], [[[-48.250784, -21.74302], [-48.249805, -21.744631], [-48.249192, -21.746223], [-48.247398, -21.748821], [-48.2467, -21.750356], [-48.245782, -21.751852], [-48.244563, -21.753369], [-48.243581, -21.754327], [-48.242291, -21.754969], [-48.241415, -21.75493], [-48.241244, -21.754842], [-48.241195, -21.754728], [-48.241307, -21.754051], [-48.241286, -21.751953], [-48.241172, -21.751219], [-48.240065, -21.748578], [-48.239694, -21.747349], [-48.23976, -21.746283], [-48.240081, -21.745004], [-48.239824, -21.745138], [-48.239305, -21.745129], [-48.239259, -21.745453], [-48.238844, -21.745969], [-48.239008, -21.746489], [-48.238821, -21.747741], [-48.238896, -21.747933], [-48.239302, -21.748182], [-48.239164, -21.748766], [-48.240102, -21.750303], [-48.240345, -21.751044], [-48.240483, -21.751781], [-48.240692, -21.752], [-48.24073, -21.752961], [-48.240666, -21.753518], [-48.240413, -21.754304], [-48.240289, -21.754451], [-48.239865, -21.756187], [-48.239564, -21.757017], [-48.239247, -21.757346], [-48.238831, -21.757501], [-48.238287, -21.757514], [-48.237288, -21.757265], [-48.236855, -21.757046], [-48.236486, -21.757327], [-48.235973, -21.75732], [-48.236053, -21.757513], [-48.236434, -21.757892], [-48.237683, -21.757922], [-48.238797, -21.758047], [-48.239101, -21.758128], [-48.239437, -21.758415], [-48.239575, -21.759503], [-48.239233, -21.761255], [-48.239321, -21.76208], [-48.23952, -21.762562], [-48.23914, -21.763965], [-48.239195, -21.764428], [-48.238837, -21.765045], [-48.238578, -21.766302], [-48.2382, -21.76754], [-48.23824, -21.767992], [-48.238469, -21.768277], [-48.238568, -21.768917], [-48.238474, -21.769445], [-48.237996, -21.770057], [-48.237864, -21.770765], [-48.23748, -21.771766], [-48.23687, -21.772732], [-48.236594, -21.773502], [-48.236377, -21.774599], [-48.236327, -21.775555], [-48.235949, -21.776633], [-48.235821, -21.777986], [-48.236074, -21.780145], [-48.236126, -21.781248], [-48.236127, -21.782451], [-48.23604, -21.783305], [-48.236201, -21.786227], [-48.236386, -21.786895], [-48.236466, -21.787679], [-48.236469, -21.788784], [-48.235908, -21.790774], [-48.235483, -21.791831], [-48.23506, -21.792544], [-48.234886, -21.793424], [-48.234865, -21.795189], [-48.234273, -21.798111], [-48.233775, -21.799099], [-48.233712, -21.800057], [-48.23333, -21.800806], [-48.232952, -21.80196], [-48.232953, -21.803845], [-48.232841, -21.804295], [-48.232998, -21.804606], [-48.233281, -21.804558], [-48.233481, -21.804387], [-48.233704, -21.803721], [-48.233892, -21.80207], [-48.233746, -21.801527], [-48.233862, -21.801069], [-48.234301, -21.800373], [-48.234424, -21.79951], [-48.234832, -21.798904], [-48.234929, -21.798435], [-48.234935, -21.797486], [-48.235287, -21.796874], [-48.235353, -21.795917], [-48.235632, -21.795077], [-48.235611, -21.793811], [-48.235769, -21.792739], [-48.236168, -21.791838], [-48.236332, -21.791119], [-48.23669, -21.790552], [-48.237185, -21.789064], [-48.237165, -21.787829], [-48.237351, -21.786546], [-48.237215, -21.786227], [-48.237179, -21.785676], [-48.237285, -21.785038], [-48.237325, -21.78292], [-48.237205, -21.781712], [-48.23716, -21.779795], [-48.237058, -21.779166], [-48.237219, -21.777817], [-48.237035, -21.776987], [-48.23733, -21.776104], [-48.237487, -21.774365], [-48.237622, -21.774064], [-48.237787, -21.773876], [-48.238295, -21.773795], [-48.24079, -21.774359], [-48.242286, -21.774785], [-48.242764, -21.77501], [-48.243431, -21.775162], [-48.245033, -21.775731], [-48.24623, -21.775905], [-48.24797, -21.776328], [-48.24845, -21.776598], [-48.249558, -21.777524], [-48.249933, -21.777279], [-48.249891, -21.777071], [-48.248911, -21.776449], [-48.248764, -21.776112], [-48.248136, -21.775821], [-48.247519, -21.775732], [-48.247486, -21.775656], [-48.247656, -21.775319], [-48.247009, -21.77527], [-48.246279, -21.775366], [-48.246052, -21.775583], [-48.2454, -21.775277], [-48.244638, -21.775084], [-48.244291, -21.774876], [-48.243795, -21.77504], [-48.24362, -21.774787], [-48.243078, -21.774663], [-48.242737, -21.774775], [-48.242132, -21.774483], [-48.24182, -21.774434], [-48.241098, -21.774137], [-48.240688, -21.773901], [-48.239242, -21.77353], [-48.238149, -21.773157], [-48.237909, -21.772893], [-48.237808, -21.772425], [-48.237896, -21.771937], [-48.238399, -21.770961], [-48.238399, -21.770318], [-48.238994, -21.769392], [-48.239041, -21.769009], [-48.238921, -21.767997], [-48.238729, -21.767255], [-48.239065, -21.766282], [-48.239183, -21.765125], [-48.239434, -21.764652], [-48.23956, -21.763558], [-48.239946, -21.76313], [-48.240024, -21.762019], [-48.239907, -21.761222], [-48.240173, -21.76045], [-48.240471, -21.759082], [-48.240905, -21.758203], [-48.240954, -21.757594], [-48.241265, -21.756684], [-48.241575, -21.756352], [-48.242317, -21.755907], [-48.242515, -21.755596], [-48.242933, -21.755403], [-48.243239, -21.755371], [-48.243809, -21.755459], [-48.244083, -21.755312], [-48.244178, -21.754962], [-48.244543, -21.754701], [-48.244514, -21.754182], [-48.244818, -21.753864], [-48.245035, -21.753752], [-48.245361, -21.753201], [-48.246322, -21.752103], [-48.248247, -21.748298], [-48.248737, -21.747544], [-48.249159, -21.747115], [-48.249661, -21.746966], [-48.250723, -21.746922], [-48.251974, -21.747142], [-48.252681, -21.746956], [-48.252929, -21.74709], [-48.253164, -21.747093], [-48.253744, -21.74664], [-48.253775, -21.746405], [-48.2525, -21.746443], [-48.250817, -21.746017], [-48.250458, -21.745653], [-48.250332, -21.745328], [-48.250309, -21.745003], [-48.250471, -21.744621], [-48.25129, -21.74324], [-48.252142, -21.741457], [-48.252391, -21.739987], [-48.252551, -21.739508], [-48.252736, -21.739459], [-48.252573, -21.739406], [-48.252772, -21.738219], [-48.252576, -21.738274], [-48.252369, -21.738565], [-48.252043, -21.738738], [-48.251814, -21.739252], [-48.251637, -21.739464], [-48.251521, -21.740776], [-48.251191, -21.742041], [-48.250784, -21.74302]], [[-48.236522, -21.780262], [-48.236394, -21.779353], [-48.236487, -21.778444], [-48.236317, -21.777974], [-48.236359, -21.777742], [-48.236758, -21.776969], [-48.237029, -21.777828], [-48.237015, -21.778106], [-48.236833, -21.778613], [-48.236811, -21.779247], [-48.236995, -21.780241], [-48.236932, -21.781415], [-48.237176, -21.783233], [-48.237051, -21.785226], [-48.236915, -21.785564], [-48.236372, -21.785483], [-48.236296, -21.784796], [-48.236346, -21.78341], [-48.236473, -21.78293], [-48.236353, -21.782541], [-48.236309, -21.781273], [-48.236478, -21.780761], [-48.236522, -21.780262]]], [[[-48.245634, -21.756095], [-48.245563, -21.755884], [-48.245127, -21.755246], [-48.245385, -21.755719], [-48.245527, -21.755839], [-48.245634, -21.756095]]], [[[-48.245122, -21.755244], [-48.245075, -21.755269], [-48.244551, -21.755785], [-48.2447, -21.755644], [-48.245122, -21.755244]]], [[[-48.239166, -21.744853], [-48.239167, -21.744853], [-48.239167, -21.744843], [-48.239166, -21.744853]]], [[[-48.238647, -21.728879], [-48.237878, -21.729404], [-48.237614, -21.72972], [-48.237066, -21.730871], [-48.237256, -21.731046], [-48.237218, -21.731346], [-48.236955, -21.731569], [-48.236668, -21.732115], [-48.236288, -21.732506], [-48.235839, -21.733294], [-48.235258, -21.733311], [-48.234899, -21.733457], [-48.234836, -21.73323], [-48.234952, -21.732822], [-48.23452, -21.732679], [-48.234419, -21.733014], [-48.234004, -21.733112], [-48.234586, -21.733084], [-48.234561, -21.734062], [-48.234383, -21.73403], [-48.234394, -21.734166], [-48.235452, -21.734211], [-48.236072, -21.734474], [-48.236745, -21.735257], [-48.237649, -21.736609], [-48.238355, -21.738723], [-48.238664, -21.739143], [-48.238563, -21.739224], [-48.238729, -21.73926], [-48.238825, -21.739479], [-48.239052, -21.740547], [-48.239082, -21.741421], [-48.238894, -21.743901], [-48.239204, -21.744561], [-48.239317, -21.743928], [-48.239218, -21.742453], [-48.239562, -21.742481], [-48.239774, -21.743822], [-48.239954, -21.744054], [-48.239712, -21.742767], [-48.239703, -21.742085], [-48.239778, -21.741539], [-48.240047, -21.740792], [-48.240007, -21.740044], [-48.239815, -21.73933], [-48.239938, -21.739245], [-48.239017, -21.739163], [-48.238723, -21.737975], [-48.238594, -21.737713], [-48.238611, -21.737223], [-48.238439, -21.736783], [-48.238486, -21.736507], [-48.238404, -21.736319], [-48.238227, -21.736274], [-48.238077, -21.736058], [-48.237926, -21.735507], [-48.237808, -21.735421], [-48.237538, -21.735414], [-48.237362, -21.735286], [-48.237298, -21.73465], [-48.23674, -21.733842], [-48.237254, -21.733672], [-48.237258, -21.733492], [-48.236648, -21.733121], [-48.237083, -21.73205], [-48.237469, -21.731966], [-48.237759, -21.731614], [-48.238257, -21.73056], [-48.239108, -21.729234], [-48.23996, -21.728315], [-48.240701, -21.727727], [-48.240671, -21.727413], [-48.24033, -21.727376], [-48.239268, -21.728094], [-48.238647, -21.728879]]], [[[-48.234044, -21.733986], [-48.234069, -21.733988], [-48.233994, -21.733983], [-48.234044, -21.733986]]], [[[-48.232506, -21.733797], [-48.232541, -21.733818], [-48.232567, -21.733832], [-48.232506, -21.733797]]], [[[-48.233008, -21.733325], [-48.232858, -21.733367], [-48.232466, -21.733532], [-48.232416, -21.7336], [-48.232979, -21.733334], [-48.233485, -21.733277], [-48.233945, -21.733129], [-48.233008, -21.733325]]], [[[-48.243643, -21.724318], [-48.243978, -21.72371], [-48.244257, -21.723303], [-48.243998, -21.723668], [-48.243643, -21.724318]]], [[[-48.243553, -21.723308], [-48.243568, -21.723279], [-48.243569, -21.723275], [-48.243553, -21.723308]]], [[[-48.244333, -21.723209], [-48.244322, -21.723229], [-48.244393, -21.723103], [-48.244333, -21.723209]]], [[[-48.243638, -21.723041], [-48.243636, -21.723052], [-48.243638, -21.723045], [-48.243638, -21.723041]]], [[[-48.244393, -21.723102], [-48.244446, -21.722871], [-48.244544, -21.722601], [-48.244386, -21.722993], [-48.244393, -21.723102]]], [[[-48.243968, -21.722312], [-48.243715, -21.722463], [-48.24357, -21.722486], [-48.243777, -21.722518], [-48.243968, -21.722312]]], [[[-48.244157, -21.72204], [-48.244087, -21.722126], [-48.244178, -21.722008], [-48.244157, -21.72204]]], [[[-48.244579, -21.721942], [-48.244559, -21.722452], [-48.244607, -21.721946], [-48.244756, -21.721619], [-48.244766, -21.721584], [-48.244744, -21.721539], [-48.24469, -21.721506], [-48.244618, -21.721479], [-48.244564, -21.721497], [-48.244516, -21.721538], [-48.244673, -21.721504], [-48.244749, -21.721603], [-48.244579, -21.721942]]], [[[-48.244364, -21.721747], [-48.244303, -21.721826], [-48.244324, -21.721805], [-48.244364, -21.721747]]], [[[-48.236212, -21.61231], [-48.237267, -21.61328], [-48.240179, -21.615649], [-48.240712, -21.616226], [-48.241229, -21.616952], [-48.242238, -21.619287], [-48.242615, -21.620645], [-48.242678, -21.622708], [-48.24249, -21.623341], [-48.242245, -21.623804], [-48.242519, -21.623858], [-48.243328, -21.623387], [-48.243491, -21.623406], [-48.24365, -21.623556], [-48.243569, -21.622887], [-48.243583, -21.621975], [-48.243471, -21.621917], [-48.243126, -21.621403], [-48.2432, -21.621168], [-48.243406, -21.621013], [-48.24312, -21.620371], [-48.243224, -21.620028], [-48.243381, -21.619896], [-48.243329, -21.619696], [-48.24245, -21.61805], [-48.241857, -21.616648], [-48.241218, -21.615595], [-48.239679, -21.614203], [-48.237381, -21.612755], [-48.237028, -21.612234], [-48.23615, -21.611524], [-48.234839, -21.611085], [-48.23434, -21.610805], [-48.233258, -21.609924], [-48.232202, -21.608534], [-48.231794, -21.608235], [-48.23093, -21.60793], [-48.22834, -21.607616], [-48.227447, -21.606771], [-48.22603, -21.605885], [-48.225383, -21.605383], [-48.224311, -21.604243], [-48.222363, -21.602892], [-48.220678, -21.601922], [-48.220137, -21.601756], [-48.216917, -21.601438], [-48.215612, -21.601064], [-48.214555, -21.600404], [-48.212746, -21.599484], [-48.211902, -21.599372], [-48.211229, -21.599141], [-48.210887, -21.598876], [-48.210593, -21.598396], [-48.210331, -21.597495], [-48.209972, -21.596965], [-48.209866, -21.596536], [-48.209899, -21.595643], [-48.210053, -21.595213], [-48.210106, -21.594409], [-48.210207, -21.594236], [-48.210973, -21.594233], [-48.211322, -21.594083], [-48.212216, -21.593162], [-48.212642, -21.593022], [-48.213465, -21.59329], [-48.215075, -21.594265], [-48.215442, -21.594261], [-48.216135, -21.593857], [-48.216608, -21.593812], [-48.216464, -21.593655], [-48.215168, -21.593838], [-48.214426, -21.593532], [-48.21389, -21.593458], [-48.213523, -21.59312], [-48.213229, -21.593007], [-48.212613, -21.592556], [-48.212049, -21.592427], [-48.211959, -21.592783], [-48.211759, -21.593045], [-48.210874, -21.593504], [-48.210063, -21.593639], [-48.209657, -21.594079], [-48.209459, -21.595548], [-48.209498, -21.5967], [-48.210379, -21.598786], [-48.211194, -21.599697], [-48.209105, -21.607693], [-48.208783, -21.609313], [-48.207623, -21.612035], [-48.207172, -21.612701], [-48.207235, -21.612874], [-48.207116, -21.613025], [-48.206804, -21.613096], [-48.206692, -21.613507], [-48.206673, -21.613684], [-48.206849, -21.614126], [-48.206903, -21.614537], [-48.206991, -21.615949], [-48.206744, -21.617497], [-48.206866, -21.618529], [-48.206629, -21.619541], [-48.206494, -21.619772], [-48.206575, -21.620056], [-48.20643, -21.620417], [-48.206468, -21.620722], [-48.206668, -21.620972], [-48.207147, -21.620953], [-48.207029, -21.620641], [-48.207156, -21.620181], [-48.207049, -21.617679], [-48.20728, -21.617157], [-48.20722, -21.616733], [-48.207517, -21.616114], [-48.207522, -21.614423], [-48.207784, -21.613104], [-48.209152, -21.60935], [-48.209378, -21.608346], [-48.209501, -21.607158], [-48.209921, -21.605975], [-48.210179, -21.604705], [-48.21074, -21.603115], [-48.211298, -21.601096], [-48.211648, -21.600617], [-48.212142, -21.600332], [-48.21252, -21.600257], [-48.213163, -21.600366], [-48.215896, -21.60155], [-48.216954, -21.601784], [-48.219616, -21.602109], [-48.22073, -21.602644], [-48.222039, -21.603494], [-48.223057, -21.604389], [-48.224237, -21.605184], [-48.224324, -21.60619], [-48.224766, -21.606622], [-48.22482, -21.607031], [-48.224905, -21.607148], [-48.225604, -21.607307], [-48.226082, -21.60751], [-48.226412, -21.607756], [-48.226588, -21.607786], [-48.226534, -21.60823], [-48.226604, -21.608534], [-48.226384, -21.608702], [-48.226029, -21.608645], [-48.225779, -21.608905], [-48.225567, -21.612454], [-48.225601, -21.61319], [-48.225848, -21.613562], [-48.225739, -21.613775], [-48.226001, -21.61489], [-48.225846, -21.615965], [-48.225529, -21.616903], [-48.225221, -21.61718], [-48.225134, -21.617603], [-48.224787, -21.617871], [-48.224582, -21.618499], [-48.224597, -21.619471], [-48.225031, -21.619947], [-48.225707, -21.621362], [-48.226035, -21.621599], [-48.226039, -21.622183], [-48.226415, -21.62363], [-48.226534, -21.623569], [-48.226729, -21.622881], [-48.226637, -21.622565], [-48.226653, -21.621998], [-48.226346, -21.621275], [-48.225692, -21.620207], [-48.225635, -21.619807], [-48.225425, -21.619564], [-48.22532, -21.618715], [-48.225407, -21.618377], [-48.225623, -21.618163], [-48.225578, -21.617847], [-48.225749, -21.617265], [-48.225919, -21.616987], [-48.226128, -21.616839], [-48.226012, -21.616575], [-48.226147, -21.616357], [-48.226136, -21.615895], [-48.22629, -21.615384], [-48.226455, -21.615149], [-48.226463, -21.614397], [-48.226546, -21.614244], [-48.2264, -21.61193], [-48.226523, -21.610661], [-48.226833, -21.609875], [-48.227381, -21.608869], [-48.228077, -21.608397], [-48.229314, -21.608287], [-48.230524, -21.608396], [-48.231199, -21.608617], [-48.231783, -21.608971], [-48.232414, -21.609554], [-48.232978, -21.610306], [-48.233793, -21.610899], [-48.234135, -21.61125], [-48.235436, -21.611809], [-48.236212, -21.61231]]], [[[-48.23734, -21.603119], [-48.236935, -21.603296], [-48.236088, -21.603487], [-48.235526, -21.603318], [-48.235299, -21.603102], [-48.234955, -21.603318], [-48.234415, -21.603258], [-48.234171, -21.602934], [-48.233566, -21.603016], [-48.232726, -21.602832], [-48.232212, -21.602548], [-48.231522, -21.602759], [-48.230774, -21.602624], [-48.231466, -21.603159], [-48.232023, -21.603458], [-48.232843, -21.603684], [-48.234305, -21.603728], [-48.236028, -21.603545], [-48.236993, -21.60363], [-48.238374, -21.603869], [-48.240277, -21.604356], [-48.242711, -21.604539], [-48.243617, -21.604706], [-48.244713, -21.604714], [-48.24665, -21.605326], [-48.246602, -21.604956], [-48.246902, -21.604692], [-48.248062, -21.604419], [-48.249242, -21.603951], [-48.250103, -21.603911], [-48.250331, -21.603644], [-48.250915, -21.603834], [-48.251236, -21.603659], [-48.251795, -21.603786], [-48.25199, -21.603699], [-48.251926, -21.603242], [-48.252076, -21.602936], [-48.253162, -21.602479], [-48.253938, -21.602378], [-48.254036, -21.60203], [-48.254359, -21.601651], [-48.254611, -21.600357], [-48.253529, -21.600947], [-48.252838, -21.601822], [-48.252134, -21.602412], [-48.251329, -21.602945], [-48.25059, -21.60333], [-48.249387, -21.603605], [-48.247805, -21.604303], [-48.247015, -21.604423], [-48.246214, -21.604368], [-48.243825, -21.604032], [-48.243352, -21.603839], [-48.242859, -21.603454], [-48.242854, -21.602854], [-48.242954, -21.602405], [-48.242813, -21.602091], [-48.242416, -21.602202], [-48.242204, -21.603012], [-48.241885, -21.603453], [-48.240963, -21.603747], [-48.240012, -21.60376], [-48.239258, -21.603596], [-48.237379, -21.603005], [-48.23734, -21.603119]]], [[[-48.225106, -21.59717], [-48.225003, -21.596948], [-48.224712, -21.596774], [-48.224688, -21.596557], [-48.224327, -21.596469], [-48.226077, -21.598219], [-48.226954, -21.599223], [-48.227447, -21.599601], [-48.227859, -21.600295], [-48.228973, -21.600917], [-48.230015, -21.60189], [-48.229969, -21.601686], [-48.229663, -21.601307], [-48.229465, -21.600652], [-48.229456, -21.600504], [-48.229713, -21.600292], [-48.229289, -21.599706], [-48.229141, -21.599142], [-48.22961, -21.599492], [-48.229796, -21.599295], [-48.230017, -21.599272], [-48.230847, -21.598396], [-48.232224, -21.597413], [-48.232066, -21.596974], [-48.232487, -21.596929], [-48.232484, -21.596424], [-48.231199, -21.597453], [-48.229256, -21.598509], [-48.228916, -21.598837], [-48.228727, -21.599196], [-48.228403, -21.59933], [-48.227966, -21.599269], [-48.227346, -21.598881], [-48.22657, -21.59799], [-48.225379, -21.596983], [-48.22532, -21.597123], [-48.225106, -21.59717]]], [[[-48.223147, -21.594899], [-48.222977, -21.594477], [-48.222681, -21.594261], [-48.221779, -21.594021], [-48.22138, -21.594188], [-48.221092, -21.594023], [-48.220629, -21.594164], [-48.217865, -21.593698], [-48.217424, -21.594006], [-48.220368, -21.594483], [-48.221696, -21.59461], [-48.222554, -21.595073], [-48.223319, -21.595236], [-48.223761, -21.595782], [-48.223512, -21.595112], [-48.223147, -21.594899]]], [[[-48.186499, -21.965798], [-48.185773, -21.964765], [-48.184067, -21.964024], [-48.183093, -21.963463], [-48.182928, -21.963159], [-48.182915, -21.962367], [-48.182796, -21.961949], [-48.181763, -21.960565], [-48.181276, -21.960515], [-48.180705, -21.960668], [-48.179515, -21.961315], [-48.178766, -21.961875], [-48.179075, -21.962098], [-48.17908, -21.962659], [-48.179394, -21.962651], [-48.179663, -21.962536], [-48.180296, -21.961391], [-48.180526, -21.961307], [-48.180667, -21.961353], [-48.181001, -21.962086], [-48.181044, -21.962447], [-48.18089, -21.96268], [-48.180922, -21.962743], [-48.181977, -21.963287], [-48.182776, -21.963958], [-48.183176, -21.964076], [-48.183668, -21.964597], [-48.184551, -21.964364], [-48.184787, -21.964459], [-48.184987, -21.964712], [-48.185277, -21.964871], [-48.185453, -21.965272], [-48.18602, -21.9655], [-48.186561, -21.966096], [-48.187151, -21.966185], [-48.187975, -21.96555], [-48.188187, -21.964827], [-48.18839, -21.964574], [-48.188683, -21.964455], [-48.189133, -21.963723], [-48.188747, -21.963261], [-48.188999, -21.962869], [-48.188904, -21.961757], [-48.189088, -21.961059], [-48.188824, -21.961543], [-48.188604, -21.962372], [-48.188461, -21.963252], [-48.18854, -21.963983], [-48.188, -21.964583], [-48.18761, -21.965607], [-48.187439, -21.965786], [-48.186919, -21.965889], [-48.186499, -21.965798]]], [[[-48.18954, -21.960102], [-48.1895, -21.95933], [-48.189669, -21.958587], [-48.189385, -21.959065], [-48.189299, -21.959464], [-48.189441, -21.960252], [-48.18954, -21.960102]]], [[[-48.191325, -21.958263], [-48.191623, -21.958413], [-48.191797, -21.958406], [-48.19191, -21.957813], [-48.19058, -21.957935], [-48.190138, -21.958104], [-48.189965, -21.958276], [-48.190861, -21.958367], [-48.191325, -21.958263]]], [[[-48.181451, -21.946506], [-48.180432, -21.946138], [-48.18001, -21.945878], [-48.179279, -21.944846], [-48.178338, -21.944164], [-48.177795, -21.943604], [-48.177416, -21.943486], [-48.176652, -21.943507], [-48.17621, -21.943311], [-48.174561, -21.941576], [-48.174274, -21.941135], [-48.173991, -21.940431], [-48.173536, -21.939957], [-48.173422, -21.939361], [-48.173158, -21.939004], [-48.172065, -21.938278], [-48.171222, -21.937516], [-48.170962, -21.9376], [-48.170991, -21.937812], [-48.171909, -21.938706], [-48.172323, -21.939477], [-48.172759, -21.939848], [-48.173194, -21.940686], [-48.17404, -21.941744], [-48.174301, -21.9423], [-48.174426, -21.942808], [-48.174618, -21.943133], [-48.174868, -21.943267], [-48.175536, -21.943361], [-48.176255, -21.943958], [-48.176729, -21.944196], [-48.177707, -21.944362], [-48.17933, -21.946002], [-48.179867, -21.946406], [-48.18121, -21.946839], [-48.181675, -21.947094], [-48.182812, -21.948027], [-48.184948, -21.949023], [-48.187215, -21.949634], [-48.188015, -21.94995], [-48.189332, -21.950076], [-48.18985, -21.950465], [-48.191242, -21.950818], [-48.193143, -21.950839], [-48.193328, -21.950919], [-48.193434, -21.951144], [-48.193399, -21.951727], [-48.193054, -21.952619], [-48.192955, -21.953139], [-48.193083, -21.953503], [-48.193331, -21.953856], [-48.194057, -21.954534], [-48.19413, -21.954924], [-48.194052, -21.955496], [-48.193851, -21.95598], [-48.193599, -21.956317], [-48.192934, -21.956852], [-48.192646, -21.957383], [-48.1923, -21.957684], [-48.1928, -21.957593], [-48.192905, -21.957492], [-48.193004, -21.9571], [-48.194174, -21.956254], [-48.194188, -21.955862], [-48.194546, -21.955357], [-48.195549, -21.955103], [-48.195499, -21.954838], [-48.194509, -21.954496], [-48.194448, -21.954217], [-48.193656, -21.953838], [-48.193228, -21.953332], [-48.193242, -21.952874], [-48.19344, -21.952446], [-48.193596, -21.951562], [-48.193555, -21.951198], [-48.193306, -21.950724], [-48.193118, -21.950685], [-48.192719, -21.950788], [-48.192367, -21.950731], [-48.192312, -21.950649], [-48.192318, -21.950336], [-48.193004, -21.95021], [-48.193367, -21.94997], [-48.193847, -21.949907], [-48.193725, -21.949133], [-48.193289, -21.949783], [-48.192908, -21.950054], [-48.192389, -21.950145], [-48.191576, -21.950106], [-48.189538, -21.94947], [-48.189054, -21.948948], [-48.188119, -21.94908], [-48.187143, -21.949042], [-48.185813, -21.94876], [-48.18438, -21.948204], [-48.182468, -21.947175], [-48.181451, -21.946506]]], [[[-48.194993, -21.947083], [-48.194842, -21.947422], [-48.194265, -21.94799], [-48.194127, -21.948373], [-48.194299, -21.948225], [-48.194674, -21.948105], [-48.195205, -21.947427], [-48.195258, -21.946616], [-48.195908, -21.94588], [-48.196113, -21.945364], [-48.196416, -21.945009], [-48.196257, -21.944849], [-48.196188, -21.944569], [-48.195803, -21.944339], [-48.195956, -21.944656], [-48.195884, -21.94508], [-48.195546, -21.945642], [-48.195098, -21.94591], [-48.194941, -21.946156], [-48.194993, -21.947083]]], [[[-48.194128, -21.942139], [-48.193351, -21.941839], [-48.19221, -21.941571], [-48.190828, -21.941118], [-48.189598, -21.940624], [-48.18872, -21.940421], [-48.18843, -21.940139], [-48.187988, -21.939337], [-48.187605, -21.93905], [-48.187377, -21.939167], [-48.187378, -21.939555], [-48.187892, -21.940443], [-48.188245, -21.940713], [-48.189688, -21.940993], [-48.192552, -21.942105], [-48.193749, -21.942724], [-48.194558, -21.942812], [-48.195007, -21.943017], [-48.19528, -21.942837], [-48.195495, -21.942799], [-48.195292, -21.942394], [-48.194128, -21.942139]]], [[[-48.201136, -21.935754], [-48.200839, -21.935835], [-48.200701, -21.935759], [-48.200646, -21.934592], [-48.200464, -21.934306], [-48.200031, -21.934197], [-48.19943, -21.934402], [-48.199135, -21.934717], [-48.198974, -21.93518], [-48.199194, -21.935983], [-48.199097, -21.93641], [-48.198566, -21.937368], [-48.198277, -21.937533], [-48.197911, -21.937333], [-48.197786, -21.937356], [-48.197662, -21.937446], [-48.197661, -21.937762], [-48.197795, -21.937886], [-48.198247, -21.937988], [-48.199255, -21.938625], [-48.1995, -21.938945], [-48.199384, -21.939345], [-48.199697, -21.938978], [-48.199724, -21.938756], [-48.199519, -21.93853], [-48.198726, -21.938211], [-48.198466, -21.937893], [-48.198507, -21.937703], [-48.199309, -21.936818], [-48.199256, -21.936535], [-48.199358, -21.936189], [-48.199111, -21.935388], [-48.199353, -21.934669], [-48.199671, -21.934419], [-48.200081, -21.934377], [-48.2003, -21.934484], [-48.200528, -21.935455], [-48.20046, -21.936157], [-48.200768, -21.936389], [-48.201088, -21.936446], [-48.201181, -21.935925], [-48.201662, -21.935417], [-48.20132, -21.934987], [-48.201408, -21.934534], [-48.201149, -21.934134], [-48.20117, -21.933914], [-48.201284, -21.933736], [-48.201127, -21.933793], [-48.200974, -21.93401], [-48.201276, -21.935203], [-48.201276, -21.935543], [-48.201136, -21.935754]]], [[[-48.202064, -21.932253], [-48.202289, -21.931812], [-48.202036, -21.932104], [-48.201782, -21.933022], [-48.202078, -21.932711], [-48.202064, -21.932253]]], [[[-48.19685, -21.927845], [-48.1984, -21.927845], [-48.199092, -21.928072], [-48.199474, -21.928109], [-48.200519, -21.927932], [-48.200895, -21.928], [-48.201376, -21.928232], [-48.201431, -21.92794], [-48.201595, -21.927738], [-48.201071, -21.92736], [-48.200263, -21.927063], [-48.19941, -21.926836], [-48.197664, -21.926596], [-48.196874, -21.926336], [-48.196537, -21.9264], [-48.196343, -21.926701], [-48.196513, -21.926886], [-48.196515, -21.927339], [-48.19685, -21.927845]]], [[[-48.215422, -21.924592], [-48.213801, -21.924687], [-48.213115, -21.92491], [-48.213351, -21.925212], [-48.213496, -21.925263], [-48.21409, -21.925211], [-48.214152, -21.924824], [-48.214222, -21.924769], [-48.214712, -21.925045], [-48.214945, -21.925302], [-48.215607, -21.925178], [-48.215674, -21.925134], [-48.215524, -21.924813], [-48.215682, -21.924561], [-48.216094, -21.924495], [-48.216642, -21.924575], [-48.217223, -21.924106], [-48.217402, -21.923358], [-48.216995, -21.924056], [-48.216665, -21.924287], [-48.215422, -21.924592]]], [[[-48.196196, -21.872432], [-48.195809, -21.872525], [-48.195708, -21.87262], [-48.196505, -21.872593], [-48.197552, -21.87229], [-48.197272, -21.872215], [-48.196665, -21.872484], [-48.196196, -21.872432]]], [[[-48.199976, -21.871706], [-48.199539, -21.871527], [-48.199391, -21.871648], [-48.199117, -21.872042], [-48.199001, -21.872405], [-48.199324, -21.871899], [-48.199639, -21.871754], [-48.200797, -21.871756], [-48.201152, -21.871178], [-48.200688, -21.871609], [-48.200279, -21.871582], [-48.199976, -21.871706]]], [[[-48.192823, -21.869321], [-48.193519, -21.869463], [-48.194068, -21.86917], [-48.194609, -21.869487], [-48.194559, -21.869353], [-48.194333, -21.869174], [-48.194005, -21.869107], [-48.193514, -21.869266], [-48.192823, -21.869321]]], [[[-48.1938, -21.863965], [-48.19453, -21.864496], [-48.194909, -21.865096], [-48.195179, -21.86529], [-48.195408, -21.865709], [-48.195968, -21.866325], [-48.196156, -21.866939], [-48.196182, -21.868205], [-48.196827, -21.867983], [-48.197249, -21.868042], [-48.197237, -21.866563], [-48.196521, -21.865018], [-48.196075, -21.864833], [-48.195362, -21.864207], [-48.194693, -21.863958], [-48.19424, -21.863694], [-48.193534, -21.863072], [-48.193483, -21.862843], [-48.193047, -21.86293], [-48.192938, -21.863163], [-48.19328, -21.863795], [-48.1938, -21.863965]]], [[[-48.203779, -21.864503], [-48.204483, -21.864013], [-48.204235, -21.864057], [-48.203742, -21.864363], [-48.203204, -21.865165], [-48.203486, -21.865035], [-48.203779, -21.864503]]], [[[-48.209745, -21.863605], [-48.209813, -21.863426], [-48.209581, -21.863643], [-48.209004, -21.863741], [-48.208855, -21.86398], [-48.208925, -21.864359], [-48.209745, -21.863605]]], [[[-48.182009, -21.857749], [-48.182107, -21.857938], [-48.182634, -21.858438], [-48.182908, -21.858511], [-48.183185, -21.858361], [-48.183511, -21.85787], [-48.183562, -21.857591], [-48.18291, -21.857188], [-48.181566, -21.856165], [-48.180802, -21.856883], [-48.181218, -21.857078], [-48.181662, -21.857721], [-48.182009, -21.857749]], [[-48.182058, -21.85712], [-48.18282, -21.857404], [-48.183323, -21.85766], [-48.183154, -21.858244], [-48.182773, -21.858036], [-48.182568, -21.857646], [-48.181963, -21.857226], [-48.182058, -21.85712]]], [[[-48.216557, -21.829603], [-48.21594, -21.829544], [-48.215482, -21.828706], [-48.2155, -21.829061], [-48.215767, -21.829531], [-48.216211, -21.829666], [-48.216557, -21.829603]]], [[[-48.217145, -21.828709], [-48.216568, -21.829065], [-48.216089, -21.829049], [-48.216192, -21.829152], [-48.216367, -21.829178], [-48.217474, -21.829146], [-48.217779, -21.829064], [-48.218214, -21.828758], [-48.21892, -21.828881], [-48.219807, -21.828558], [-48.22028, -21.828781], [-48.220781, -21.828858], [-48.220424, -21.828584], [-48.219937, -21.828408], [-48.219046, -21.828711], [-48.217145, -21.828709]]], [[[-48.196848, -21.823471], [-48.19715, -21.823701], [-48.197508, -21.823695], [-48.197827, -21.823504], [-48.197571, -21.823156], [-48.197041, -21.821954], [-48.196591, -21.821277], [-48.196318, -21.821118], [-48.195681, -21.821233], [-48.196334, -21.821326], [-48.196599, -21.821539], [-48.196884, -21.821958], [-48.197074, -21.822362], [-48.19683, -21.823084], [-48.196848, -21.823471]]], [[[-48.194013, -21.820822], [-48.194563, -21.821663], [-48.194814, -21.821874], [-48.194695, -21.821263], [-48.194013, -21.820822]]], [[[-48.193371, -21.819362], [-48.193813, -21.819672], [-48.194381, -21.820328], [-48.194553, -21.82038], [-48.194523, -21.820022], [-48.194374, -21.819783], [-48.193501, -21.819203], [-48.192957, -21.81855], [-48.192717, -21.81843], [-48.191964, -21.818309], [-48.191317, -21.817797], [-48.191656, -21.818329], [-48.191713, -21.818627], [-48.191586, -21.81884], [-48.192419, -21.81894], [-48.192782, -21.819492], [-48.192998, -21.819321], [-48.193371, -21.819362]]], [[[-48.18997, -21.817853], [-48.189781, -21.817893], [-48.189181, -21.818257], [-48.190186, -21.818771], [-48.190065, -21.818491], [-48.190128, -21.81818], [-48.18997, -21.817853]]], [[[-48.188562, -21.817795], [-48.188505, -21.817563], [-48.188269, -21.817385], [-48.187524, -21.817198], [-48.187284, -21.816963], [-48.186925, -21.816862], [-48.18671, -21.816652], [-48.186188, -21.816369], [-48.185958, -21.815603], [-48.185783, -21.815411], [-48.185836, -21.815118], [-48.185195, -21.815071], [-48.18509, -21.815387], [-48.184836, -21.81552], [-48.185447, -21.815714], [-48.185871, -21.816435], [-48.186189, -21.816729], [-48.188562, -21.817795]]], [[[-48.209158, -21.762638], [-48.209076, -21.764856], [-48.209759, -21.766984], [-48.210208, -21.767829], [-48.210656, -21.768439], [-48.211097, -21.768884], [-48.21139, -21.769343], [-48.211777, -21.770466], [-48.21226, -21.772818], [-48.212439, -21.773316], [-48.212798, -21.773706], [-48.212966, -21.774074], [-48.213856, -21.776819], [-48.214216, -21.777236], [-48.214272, -21.777464], [-48.21422, -21.7777], [-48.213872, -21.778128], [-48.214107, -21.778919], [-48.213995, -21.779971], [-48.21409, -21.780744], [-48.213437, -21.782017], [-48.213208, -21.782716], [-48.212823, -21.785308], [-48.211653, -21.789972], [-48.211613, -21.790609], [-48.211884, -21.791694], [-48.211974, -21.793406], [-48.212188, -21.794094], [-48.213294, -21.795737], [-48.213407, -21.796223], [-48.213464, -21.796931], [-48.213342, -21.79743], [-48.21324, -21.798867], [-48.213128, -21.799426], [-48.212786, -21.799666], [-48.211895, -21.799224], [-48.210603, -21.798938], [-48.208852, -21.798933], [-48.207398, -21.798617], [-48.207099, -21.798975], [-48.206869, -21.798993], [-48.206467, -21.7986], [-48.205917, -21.798511], [-48.205266, -21.797976], [-48.204524, -21.797919], [-48.204142, -21.798036], [-48.203925, -21.797919], [-48.203888, -21.7977], [-48.201207, -21.797489], [-48.200806, -21.797391], [-48.200506, -21.797216], [-48.198524, -21.794846], [-48.197493, -21.793812], [-48.1971, -21.793178], [-48.196892, -21.792506], [-48.196242, -21.791039], [-48.196238, -21.789081], [-48.195583, -21.78593], [-48.195642, -21.784961], [-48.19532, -21.783408], [-48.195525, -21.781934], [-48.195491, -21.780641], [-48.195363, -21.779497], [-48.195474, -21.778502], [-48.195794, -21.777259], [-48.195846, -21.776353], [-48.195649, -21.775818], [-48.194931, -21.774775], [-48.194009, -21.772986], [-48.19314, -21.771914], [-48.192555, -21.770942], [-48.191798, -21.770118], [-48.191201, -21.768919], [-48.190906, -21.768523], [-48.190039, -21.767913], [-48.189407, -21.767034], [-48.189467, -21.766465], [-48.189972, -21.764258], [-48.19, -21.763884], [-48.189671, -21.763498], [-48.190028, -21.763111], [-48.189963, -21.762774], [-48.18977, -21.762481], [-48.189744, -21.762169], [-48.189977, -21.761718], [-48.189616, -21.76126], [-48.189351, -21.762024], [-48.18923, -21.762652], [-48.18901, -21.764751], [-48.188593, -21.765939], [-48.18848, -21.766038], [-48.188206, -21.766042], [-48.187716, -21.765667], [-48.18607, -21.764024], [-48.185038, -21.763204], [-48.183979, -21.76264], [-48.183191, -21.761946], [-48.182288, -21.761328], [-48.181904, -21.760874], [-48.180647, -21.759908], [-48.180081, -21.759298], [-48.17925, -21.758605], [-48.178742, -21.757139], [-48.178297, -21.756218], [-48.178287, -21.755702], [-48.178457, -21.754642], [-48.178445, -21.754316], [-48.178424, -21.754793], [-48.178129, -21.754889], [-48.177944, -21.754764], [-48.177674, -21.753794], [-48.177359, -21.753398], [-48.176859, -21.752983], [-48.176854, -21.752858], [-48.176911, -21.752768], [-48.177375, -21.752807], [-48.177771, -21.753027], [-48.17752, -21.752825], [-48.176931, -21.752739], [-48.176201, -21.752699], [-48.176147, -21.75267], [-48.176025, -21.752406], [-48.176189, -21.751561], [-48.175961, -21.751175], [-48.175327, -21.75055], [-48.174225, -21.748957], [-48.17361, -21.748775], [-48.173298, -21.74849], [-48.172772, -21.747346], [-48.172382, -21.746943], [-48.171627, -21.746756], [-48.1712, -21.746358], [-48.170984, -21.746013], [-48.170707, -21.746264], [-48.170527, -21.746154], [-48.170302, -21.745839], [-48.170067, -21.745739], [-48.169692, -21.745754], [-48.169402, -21.745674], [-48.169402, -21.745544], [-48.169692, -21.745349], [-48.170077, -21.744724], [-48.170307, -21.744519], [-48.170702, -21.744514], [-48.171455, -21.744746], [-48.171099, -21.745331], [-48.170968, -21.745642], [-48.170977, -21.745989], [-48.171085, -21.745367], [-48.171616, -21.744521], [-48.171891, -21.743044], [-48.172234, -21.741903], [-48.172945, -21.740421], [-48.173473, -21.737834], [-48.17373, -21.737484], [-48.174262, -21.737172], [-48.174562, -21.736496], [-48.175061, -21.734849], [-48.175182, -21.73366], [-48.175359, -21.732883], [-48.175259, -21.730233], [-48.175362, -21.729669], [-48.174859, -21.729762], [-48.174122, -21.730183], [-48.174325, -21.73143], [-48.174253, -21.732339], [-48.173948, -21.734092], [-48.173701, -21.735026], [-48.173411, -21.735891], [-48.172778, -21.737262], [-48.171523, -21.740509], [-48.171473, -21.740578], [-48.170694, -21.74243], [-48.171083, -21.741588], [-48.171372, -21.741671], [-48.170993, -21.742635], [-48.170681, -21.742531], [-48.170143, -21.743766], [-48.169679, -21.744509], [-48.168805, -21.745035], [-48.168094, -21.745145], [-48.164958, -21.745153], [-48.163716, -21.745067], [-48.162537, -21.744846], [-48.161882, -21.744488], [-48.161512, -21.744091], [-48.160873, -21.743182], [-48.160571, -21.743713], [-48.160788, -21.744033], [-48.160869, -21.744334], [-48.16088, -21.745118], [-48.160248, -21.746306], [-48.161759, -21.747128], [-48.162532, -21.746629], [-48.163731, -21.746114], [-48.164866, -21.745925], [-48.166947, -21.74583], [-48.16805, -21.745959], [-48.169529, -21.746315], [-48.170018, -21.746585], [-48.171517, -21.748265], [-48.172496, -21.749639], [-48.173552, -21.751348], [-48.173919, -21.751785], [-48.174598, -21.752218], [-48.175216, -21.753072], [-48.175562, -21.753664], [-48.176071, -21.755007], [-48.175966, -21.755607], [-48.176975, -21.757314], [-48.17769, -21.757662], [-48.178356, -21.758357], [-48.179467, -21.759852], [-48.180686, -21.760705], [-48.183643, -21.763201], [-48.188743, -21.767804], [-48.189357, -21.768415], [-48.190716, -21.770097], [-48.192736, -21.77238], [-48.192829, -21.772463], [-48.193102, -21.772429], [-48.19361, -21.773316], [-48.194005, -21.773616], [-48.194086, -21.774039], [-48.19433, -21.77444], [-48.194234, -21.774743], [-48.194605, -21.775548], [-48.194987, -21.776658], [-48.195005, -21.777538], [-48.194789, -21.778038], [-48.194737, -21.778679], [-48.194933, -21.779059], [-48.19483, -21.77975], [-48.195145, -21.780264], [-48.195192, -21.781113], [-48.194994, -21.781606], [-48.194923, -21.782256], [-48.194612, -21.782648], [-48.194609, -21.782914], [-48.195401, -21.787371], [-48.195456, -21.788498], [-48.19532, -21.789895], [-48.196256, -21.792515], [-48.196443, -21.792566], [-48.196612, -21.792819], [-48.196857, -21.793725], [-48.19731, -21.794284], [-48.197408, -21.794688], [-48.19737, -21.795116], [-48.198278, -21.796147], [-48.19967, -21.797565], [-48.199956, -21.797772], [-48.200574, -21.798022], [-48.20237, -21.798425], [-48.204143, -21.799057], [-48.205257, -21.799348], [-48.205198, -21.798886], [-48.20525, -21.79868], [-48.205537, -21.798575], [-48.206249, -21.79929], [-48.206713, -21.799301], [-48.207251, -21.799468], [-48.20758, -21.799747], [-48.208606, -21.7999], [-48.210953, -21.799995], [-48.211734, -21.800135], [-48.212887, -21.800515], [-48.213804, -21.801041], [-48.215669, -21.802937], [-48.216126, -21.80327], [-48.216591, -21.803453], [-48.217354, -21.803615], [-48.218066, -21.803422], [-48.218423, -21.803831], [-48.219246, -21.803987], [-48.219427, -21.803875], [-48.21937, -21.803592], [-48.219494, -21.802843], [-48.219422, -21.802258], [-48.218914, -21.802324], [-48.218429, -21.802577], [-48.217839, -21.802508], [-48.217131, -21.802253], [-48.216604, -21.802227], [-48.215998, -21.80233], [-48.215605, -21.802005], [-48.215124, -21.801215], [-48.213834, -21.799981], [-48.21367, -21.799706], [-48.213549, -21.799095], [-48.21383, -21.796712], [-48.213701, -21.795568], [-48.213442, -21.795038], [-48.212876, -21.794404], [-48.212853, -21.79397], [-48.212979, -21.793332], [-48.212887, -21.792992], [-48.212923, -21.792299], [-48.21238, -21.790402], [-48.212353, -21.789809], [-48.212567, -21.788456], [-48.213041, -21.786803], [-48.213324, -21.785321], [-48.213418, -21.783544], [-48.213545, -21.782931], [-48.214475, -21.78082], [-48.214573, -21.779729], [-48.214388, -21.778598], [-48.214679, -21.777403], [-48.214295, -21.776063], [-48.213863, -21.775205], [-48.21391, -21.774721], [-48.213607, -21.773799], [-48.213315, -21.773357], [-48.212832, -21.772932], [-48.21268, -21.772527], [-48.212198, -21.770168], [-48.211941, -21.769361], [-48.211701, -21.768858], [-48.211011, -21.767994], [-48.210727, -21.767498], [-48.210056, -21.765735], [-48.209823, -21.764284], [-48.209879, -21.760415], [-48.210132, -21.759757], [-48.210277, -21.759046], [-48.210556, -21.758653], [-48.210571, -21.758455], [-48.210354, -21.757919], [-48.210427, -21.757768], [-48.210726, -21.757607], [-48.210863, -21.756783], [-48.210719, -21.756429], [-48.210332, -21.756161], [-48.21025, -21.756148], [-48.210194, -21.757375], [-48.210065, -21.75823], [-48.209421, -21.760205], [-48.209113, -21.761441], [-48.209088, -21.762195], [-48.209158, -21.762638]], [[-48.218973, -21.803468], [-48.218722, -21.80349], [-48.218532, -21.803252], [-48.218746, -21.803212], [-48.218847, -21.803015], [-48.219017, -21.803176], [-48.219104, -21.803442], [-48.21905, -21.803537], [-48.218973, -21.803468]], [[-48.217008, -21.802642], [-48.217189, -21.802751], [-48.216896, -21.802722], [-48.217008, -21.802642]], [[-48.215009, -21.801763], [-48.215174, -21.802117], [-48.21515, -21.80219], [-48.214951, -21.802046], [-48.215009, -21.801763]], [[-48.209181, -21.763315], [-48.209226, -21.762417], [-48.209631, -21.762419], [-48.209749, -21.762502], [-48.209699, -21.763917], [-48.209596, -21.763935], [-48.209524, -21.763852], [-48.209181, -21.763315]], [[-48.209494, -21.761864], [-48.209263, -21.761588], [-48.209387, -21.760869], [-48.209492, -21.760758], [-48.209723, -21.760775], [-48.209753, -21.761873], [-48.209494, -21.761864]], [[-48.175449, -21.751942], [-48.175039, -21.751626], [-48.174619, -21.750611], [-48.174314, -21.750296], [-48.174329, -21.750211], [-48.174434, -21.750176], [-48.174849, -21.750371], [-48.175169, -21.750816], [-48.175704, -21.751271], [-48.175784, -21.751501], [-48.175649, -21.751877], [-48.175449, -21.751942]], [[-48.171782, -21.743214], [-48.171493, -21.744589], [-48.170664, -21.744373], [-48.170639, -21.744234], [-48.171127, -21.743734], [-48.171427, -21.743147], [-48.171599, -21.743074], [-48.171782, -21.743214]], [[-48.171785, -21.74064], [-48.171438, -21.741588], [-48.171136, -21.741499], [-48.171496, -21.740568], [-48.171785, -21.74064]], [[-48.175093, -21.731108], [-48.175293, -21.732693], [-48.17509, -21.734257], [-48.174541, -21.73634], [-48.174264, -21.737073], [-48.174061, -21.73723], [-48.1732, -21.737063], [-48.173278, -21.736741], [-48.174018, -21.735276], [-48.174164, -21.734739], [-48.174152, -21.734302], [-48.174617, -21.731756], [-48.174618, -21.731568], [-48.174515, -21.73144], [-48.174534, -21.731224], [-48.174686, -21.730901], [-48.174873, -21.730748], [-48.174991, -21.730788], [-48.175093, -21.731108]]], [[[-48.208178, -21.746466], [-48.208142, -21.746377], [-48.208152, -21.746538], [-48.208178, -21.746466]]], [[[-48.207518, -21.746209], [-48.207507, -21.746234], [-48.207521, -21.7462], [-48.207518, -21.746209]]], [[[-48.208067, -21.745688], [-48.207972, -21.746101], [-48.20799, -21.746203], [-48.208141, -21.746375], [-48.207985, -21.746116], [-48.208067, -21.745688]]], [[[-48.207453, -21.745876], [-48.207632, -21.745712], [-48.207696, -21.745645], [-48.207704, -21.745626], [-48.207469, -21.745827], [-48.207453, -21.745876]]], [[[-48.208092, -21.745529], [-48.208089, -21.745465], [-48.208088, -21.745582], [-48.208092, -21.745529]]], [[[-48.207833, -21.745349], [-48.207861, -21.745265], [-48.207791, -21.74543], [-48.207833, -21.745349]]], [[[-48.207955, -21.745061], [-48.208059, -21.745209], [-48.208087, -21.745422], [-48.208058, -21.745113], [-48.207955, -21.745061]]], [[[-48.217133, -21.709819], [-48.216968, -21.709562], [-48.217115, -21.709808], [-48.217275, -21.710802], [-48.217133, -21.709819]]], [[[-48.216839, -21.709423], [-48.216894, -21.709474], [-48.21692, -21.709499], [-48.216879, -21.709454], [-48.216839, -21.709423]]], [[[-48.215972, -21.709291], [-48.215988, -21.709408], [-48.215991, -21.709232], [-48.215972, -21.709291]]], [[[-48.216239, -21.708937], [-48.216784, -21.709384], [-48.216312, -21.708951], [-48.216239, -21.708937]]], [[[-48.216157, -21.708954], [-48.216121, -21.708969], [-48.216228, -21.708939], [-48.216157, -21.708954]]], [[[-48.182814, -21.694201], [-48.182167, -21.69216], [-48.181938, -21.690165], [-48.181733, -21.689481], [-48.181498, -21.688874], [-48.181311, -21.688653], [-48.181012, -21.688036], [-48.18085, -21.687597], [-48.180774, -21.686999], [-48.180435, -21.687038], [-48.180585, -21.687854], [-48.181311, -21.689972], [-48.181378, -21.690607], [-48.181357, -21.691818], [-48.181443, -21.692279], [-48.182405, -21.694784], [-48.182608, -21.69484], [-48.182783, -21.695051], [-48.182943, -21.695046], [-48.182814, -21.694201]]], [[[-48.182007, -21.684348], [-48.181733, -21.684894], [-48.18339, -21.685395], [-48.183802, -21.685577], [-48.184176, -21.685883], [-48.183773, -21.684856], [-48.183427, -21.684754], [-48.183263, -21.684573], [-48.181465, -21.683761], [-48.181739, -21.684308], [-48.182007, -21.684348]]], [[[-48.183269, -21.671912], [-48.181522, -21.671506], [-48.181154, -21.671572], [-48.180927, -21.671701], [-48.18204, -21.671814], [-48.184077, -21.672793], [-48.18453, -21.673098], [-48.185455, -21.673894], [-48.187252, -21.676411], [-48.188087, -21.676761], [-48.188366, -21.677145], [-48.188644, -21.677112], [-48.187803, -21.675943], [-48.187089, -21.675145], [-48.186507, -21.675036], [-48.186431, -21.674562], [-48.186137, -21.674205], [-48.186056, -21.673949], [-48.185789, -21.673828], [-48.185765, -21.673195], [-48.185551, -21.672442], [-48.185125, -21.671965], [-48.184672, -21.671656], [-48.183481, -21.671158], [-48.183431, -21.6716], [-48.183269, -21.671912]], [[-48.18442, -21.671833], [-48.184863, -21.672092], [-48.184948, -21.672267], [-48.184941, -21.672479], [-48.184623, -21.672826], [-48.184297, -21.672868], [-48.183527, -21.672374], [-48.184148, -21.671557], [-48.18442, -21.671833]]], [[[-48.204181, -21.665234], [-48.205344, -21.665296], [-48.206883, -21.665963], [-48.208648, -21.666158], [-48.210678, -21.666665], [-48.21144, -21.666993], [-48.212585, -21.667685], [-48.212988, -21.668126], [-48.213126, -21.668452], [-48.213743, -21.668679], [-48.214149, -21.668658], [-48.214348, -21.66888], [-48.215706, -21.668925], [-48.217238, -21.668686], [-48.21826, -21.668761], [-48.218698, -21.668909], [-48.219338, -21.669319], [-48.219596, -21.669658], [-48.219878, -21.670131], [-48.22015, -21.670963], [-48.220557, -21.670903], [-48.220478, -21.669499], [-48.220703, -21.668884], [-48.22125, -21.668365], [-48.221852, -21.668123], [-48.222929, -21.66785], [-48.225511, -21.667637], [-48.227105, -21.667205], [-48.228394, -21.666975], [-48.229208, -21.666963], [-48.229189, -21.66639], [-48.229081, -21.666058], [-48.227747, -21.66626], [-48.226873, -21.666541], [-48.225575, -21.666806], [-48.223253, -21.666941], [-48.222535, -21.667125], [-48.221694, -21.667603], [-48.221399, -21.667692], [-48.221192, -21.667608], [-48.221066, -21.667441], [-48.220998, -21.667051], [-48.22057, -21.666927], [-48.220442, -21.666987], [-48.220361, -21.667169], [-48.220154, -21.667235], [-48.219734, -21.667756], [-48.219362, -21.667786], [-48.218708, -21.667678], [-48.218116, -21.667901], [-48.217133, -21.66802], [-48.216223, -21.668287], [-48.215113, -21.668326], [-48.214046, -21.668109], [-48.213656, -21.66789], [-48.2119, -21.666316], [-48.211746, -21.666083], [-48.211303, -21.665925], [-48.210974, -21.665696], [-48.209448, -21.665523], [-48.207091, -21.664971], [-48.205159, -21.664694], [-48.204323, -21.664731], [-48.203937, -21.664822], [-48.203224, -21.664811], [-48.203493, -21.66498], [-48.20404, -21.665021], [-48.204181, -21.665234]]], [[[-48.185277, -21.667352], [-48.184471, -21.668028], [-48.184275, -21.668372], [-48.185458, -21.667322], [-48.186097, -21.666553], [-48.18582, -21.666454], [-48.185638, -21.666677], [-48.18527, -21.666841], [-48.185277, -21.667352]]], [[[-48.195826, -21.664597], [-48.195291, -21.664464], [-48.19502, -21.664537], [-48.196284, -21.66493], [-48.19675, -21.664973], [-48.196515, -21.664719], [-48.19617, -21.664772], [-48.195826, -21.664597]]], [[[-48.19299, -21.663792], [-48.191936, -21.663427], [-48.191523, -21.663388], [-48.191145, -21.663165], [-48.190927, -21.662885], [-48.190535, -21.663065], [-48.190264, -21.663329], [-48.191385, -21.663424], [-48.192221, -21.66384], [-48.192947, -21.664071], [-48.19502, -21.664537], [-48.194376, -21.664233], [-48.193283, -21.663988], [-48.19299, -21.663792]]], [[[-48.19408, -21.663653], [-48.194929, -21.664153], [-48.195322, -21.664157], [-48.19612, -21.664408], [-48.197225, -21.664369], [-48.197392, -21.664262], [-48.196846, -21.664308], [-48.196295, -21.66422], [-48.195104, -21.663853], [-48.19266, -21.662862], [-48.192104, -21.662467], [-48.191827, -21.662407], [-48.192037, -21.662607], [-48.192276, -21.663023], [-48.192704, -21.663193], [-48.193246, -21.663276], [-48.193738, -21.663571], [-48.19408, -21.663653]]], [[[-48.187093, -21.6603], [-48.187618, -21.66072], [-48.187685, -21.661183], [-48.188074, -21.661638], [-48.188167, -21.661894], [-48.188465, -21.661748], [-48.188943, -21.661726], [-48.188609, -21.661371], [-48.188256, -21.66072], [-48.187202, -21.659321], [-48.186654, -21.658222], [-48.186328, -21.658155], [-48.186218, -21.658342], [-48.186651, -21.658954], [-48.187093, -21.6603]]], [[[-48.206892, -21.622129], [-48.206794, -21.622309], [-48.207289, -21.623381], [-48.207551, -21.623453], [-48.207763, -21.623797], [-48.208058, -21.623918], [-48.20817, -21.624088], [-48.208171, -21.624238], [-48.207899, -21.624614], [-48.208194, -21.625301], [-48.20829, -21.625355], [-48.208438, -21.625165], [-48.20836, -21.624904], [-48.208324, -21.62407], [-48.208139, -21.623683], [-48.208177, -21.623107], [-48.208056, -21.623], [-48.207835, -21.622503], [-48.207921, -21.623273], [-48.207644, -21.623407], [-48.207377, -21.622883], [-48.207287, -21.622379], [-48.206469, -21.621174], [-48.206221, -21.621562], [-48.206262, -21.621722], [-48.206554, -21.622033], [-48.206892, -21.622129]]], [[[-48.207497, -21.620969], [-48.207413, -21.620944], [-48.207206, -21.620952], [-48.20731, -21.620951], [-48.207497, -21.620969]]], [[[-48.170527, -21.965561], [-48.170527, -21.965682], [-48.170393, -21.965835], [-48.170395, -21.966025], [-48.171375, -21.965187], [-48.171848, -21.964992], [-48.172482, -21.964464], [-48.173101, -21.963536], [-48.173567, -21.963449], [-48.173746, -21.962648], [-48.174308, -21.962261], [-48.174782, -21.96232], [-48.175232, -21.962118], [-48.175475, -21.961909], [-48.175075, -21.962082], [-48.174389, -21.962178], [-48.173689, -21.962111], [-48.17339, -21.961932], [-48.173122, -21.961607], [-48.172721, -21.961726], [-48.172831, -21.96305], [-48.172477, -21.964057], [-48.172207, -21.964386], [-48.171307, -21.965105], [-48.170527, -21.965561]]], [[[-48.176282, -21.961318], [-48.17587, -21.961555], [-48.176333, -21.961375], [-48.176693, -21.961521], [-48.176862, -21.961756], [-48.176813, -21.962252], [-48.17698, -21.962484], [-48.177355, -21.962542], [-48.178155, -21.962402], [-48.178178, -21.962271], [-48.177521, -21.962386], [-48.177231, -21.962302], [-48.176901, -21.961548], [-48.1766, -21.961329], [-48.176282, -21.961318]]], [[[-48.139162, -21.960884], [-48.13805, -21.960719], [-48.138626, -21.960962], [-48.139183, -21.960995], [-48.139836, -21.960743], [-48.140239, -21.960477], [-48.140568, -21.960464], [-48.140873, -21.9603], [-48.14116, -21.960297], [-48.141592, -21.96043], [-48.142262, -21.960236], [-48.143095, -21.960187], [-48.144204, -21.959701], [-48.144513, -21.959342], [-48.143638, -21.959772], [-48.142748, -21.960045], [-48.140273, -21.960217], [-48.1398, -21.960417], [-48.139439, -21.960754], [-48.139162, -21.960884]]], [[[-48.131337, -21.959045], [-48.130251, -21.958899], [-48.129727, -21.958407], [-48.129651, -21.958643], [-48.129731, -21.958783], [-48.13018, -21.959059], [-48.130865, -21.959142], [-48.131337, -21.959045]]], [[[-48.126078, -21.959366], [-48.126371, -21.95944], [-48.126736, -21.959383], [-48.127167, -21.959161], [-48.127474, -21.959209], [-48.127771, -21.959411], [-48.128376, -21.959134], [-48.128446, -21.958676], [-48.128831, -21.958188], [-48.128975, -21.957311], [-48.128828, -21.957398], [-48.128738, -21.958181], [-48.12866, -21.958296], [-48.128039, -21.958695], [-48.127399, -21.958954], [-48.126133, -21.959066], [-48.126078, -21.959366]]], [[[-48.159144, -21.953277], [-48.158722, -21.954529], [-48.158877, -21.954924], [-48.160238, -21.955903], [-48.160682, -21.956406], [-48.161201, -21.957599], [-48.162311, -21.959204], [-48.163056, -21.960871], [-48.163362, -21.961417], [-48.163594, -21.96161], [-48.163786, -21.962149], [-48.164292, -21.962902], [-48.164572, -21.963212], [-48.164948, -21.9633], [-48.165266, -21.963639], [-48.165834, -21.963992], [-48.166299, -21.964459], [-48.167471, -21.964802], [-48.167762, -21.965046], [-48.168185, -21.965064], [-48.168004, -21.965391], [-48.168468, -21.965706], [-48.169056, -21.966433], [-48.169197, -21.966969], [-48.169228, -21.96762], [-48.169123, -21.968732], [-48.168882, -21.9695], [-48.1686, -21.96992], [-48.167011, -21.971241], [-48.165759, -21.971219], [-48.166694, -21.971519], [-48.167219, -21.971479], [-48.167598, -21.971303], [-48.167979, -21.970844], [-48.168295, -21.970619], [-48.169025, -21.970381], [-48.169119, -21.970041], [-48.169359, -21.969806], [-48.169636, -21.969819], [-48.17, -21.969718], [-48.17059, -21.969791], [-48.170786, -21.970085], [-48.170762, -21.970268], [-48.171162, -21.970324], [-48.171264, -21.970032], [-48.171208, -21.969503], [-48.170691, -21.969234], [-48.170007, -21.969246], [-48.169779, -21.969121], [-48.169813, -21.96875], [-48.170143, -21.968631], [-48.170256, -21.968327], [-48.170078, -21.96815], [-48.169783, -21.968194], [-48.16956, -21.967922], [-48.1695, -21.967307], [-48.169847, -21.96691], [-48.169838, -21.96658], [-48.169613, -21.966404], [-48.169479, -21.966164], [-48.16916, -21.966143], [-48.168841, -21.965724], [-48.168434, -21.965373], [-48.168291, -21.96506], [-48.168497, -21.964903], [-48.168085, -21.964234], [-48.167689, -21.963905], [-48.166435, -21.963666], [-48.165847, -21.963461], [-48.164607, -21.962602], [-48.164257, -21.962136], [-48.163798, -21.961173], [-48.163571, -21.960103], [-48.163385, -21.959628], [-48.162383, -21.957798], [-48.161797, -21.956371], [-48.161135, -21.955245], [-48.160851, -21.954582], [-48.160079, -21.953852], [-48.159904, -21.953201], [-48.159714, -21.952971], [-48.159546, -21.952399], [-48.159565, -21.952155], [-48.158943, -21.950244], [-48.158252, -21.949645], [-48.156411, -21.948371], [-48.155884, -21.94772], [-48.154697, -21.94548], [-48.153319, -21.944425], [-48.153132, -21.944072], [-48.153066, -21.943297], [-48.152692, -21.942544], [-48.152613, -21.941416], [-48.152038, -21.940281], [-48.151692, -21.939129], [-48.151479, -21.939017], [-48.151403, -21.939521], [-48.151678, -21.941366], [-48.152083, -21.941896], [-48.15219, -21.942593], [-48.152456, -21.943299], [-48.152304, -21.94409], [-48.152416, -21.94438], [-48.154143, -21.945823], [-48.155474, -21.948294], [-48.155812, -21.948502], [-48.156755, -21.948798], [-48.157012, -21.949036], [-48.157805, -21.949452], [-48.158044, -21.949956], [-48.158299, -21.950201], [-48.158423, -21.95088], [-48.159124, -21.952841], [-48.159144, -21.953277]]], [[[-48.143491, -21.951164], [-48.143312, -21.951366], [-48.142931, -21.95143], [-48.142055, -21.950973], [-48.141209, -21.94939], [-48.140865, -21.948999], [-48.140664, -21.948592], [-48.140402, -21.947464], [-48.140107, -21.946642], [-48.138825, -21.945418], [-48.138303, -21.945103], [-48.138029, -21.945202], [-48.138081, -21.945483], [-48.138849, -21.94596], [-48.139668, -21.946743], [-48.140196, -21.948278], [-48.140516, -21.948809], [-48.141082, -21.950356], [-48.142352, -21.95151], [-48.143355, -21.952679], [-48.14367, -21.953446], [-48.144653, -21.954929], [-48.144595, -21.955414], [-48.144826, -21.956392], [-48.144921, -21.958266], [-48.145098, -21.958181], [-48.145502, -21.958276], [-48.145311, -21.956937], [-48.145289, -21.954969], [-48.145045, -21.954798], [-48.144813, -21.954468], [-48.143787, -21.952591], [-48.143729, -21.951651], [-48.143918, -21.950696], [-48.143634, -21.950714], [-48.143491, -21.951164]]], [[[-48.129625, -21.955814], [-48.129596, -21.955309], [-48.128345, -21.953494], [-48.12716, -21.952954], [-48.126801, -21.952512], [-48.126588, -21.951813], [-48.126256, -21.951145], [-48.125492, -21.95061], [-48.124937, -21.950015], [-48.124475, -21.949648], [-48.124322, -21.948302], [-48.123965, -21.947206], [-48.123648, -21.946703], [-48.122803, -21.945681], [-48.122794, -21.944988], [-48.123163, -21.943807], [-48.123108, -21.943444], [-48.122687, -21.943304], [-48.122355, -21.943704], [-48.122284, -21.944126], [-48.121908, -21.944822], [-48.121889, -21.945188], [-48.122425, -21.945785], [-48.122502, -21.946214], [-48.122647, -21.946493], [-48.123035, -21.946733], [-48.123241, -21.947015], [-48.123243, -21.947494], [-48.123468, -21.947855], [-48.123351, -21.94829], [-48.123818, -21.949069], [-48.124007, -21.949936], [-48.124731, -21.950825], [-48.124886, -21.951878], [-48.12517, -21.952217], [-48.127056, -21.953383], [-48.127516, -21.954189], [-48.12786, -21.954342], [-48.128045, -21.954611], [-48.128476, -21.954862], [-48.128642, -21.955192], [-48.128538, -21.955571], [-48.128554, -21.955823], [-48.128938, -21.956439], [-48.12883, -21.956938], [-48.128975, -21.957311], [-48.129408, -21.957409], [-48.129424, -21.956697], [-48.129625, -21.955814]]], [[[-48.153522, -21.913449], [-48.154767, -21.911527], [-48.155422, -21.909919], [-48.15587, -21.909104], [-48.156493, -21.908346], [-48.157567, -21.907428], [-48.157772, -21.907146], [-48.157985, -21.906555], [-48.157909, -21.90599], [-48.15823, -21.905554], [-48.158179, -21.905379], [-48.157743, -21.905586], [-48.157514, -21.905922], [-48.157422, -21.906279], [-48.157016, -21.90684], [-48.155407, -21.908749], [-48.154535, -21.910731], [-48.153784, -21.912149], [-48.153275, -21.912917], [-48.153272, -21.913283], [-48.153522, -21.913449]]], [[[-48.159849, -21.903372], [-48.160167, -21.901979], [-48.159802, -21.902559], [-48.15977, -21.902893], [-48.159849, -21.903372]]], [[[-48.161333, -21.89745], [-48.160975, -21.896714], [-48.160664, -21.896436], [-48.160848, -21.897647], [-48.160862, -21.898606], [-48.161498, -21.898295], [-48.161615, -21.898054], [-48.161563, -21.89775], [-48.161333, -21.89745]]], [[[-48.151475, -21.895662], [-48.151708, -21.895453], [-48.151771, -21.895132], [-48.152043, -21.894617], [-48.15189, -21.894673], [-48.151602, -21.89497], [-48.151329, -21.895531], [-48.150907, -21.895816], [-48.151475, -21.895662]]], [[[-48.159735, -21.893822], [-48.16012, -21.894047], [-48.160384, -21.894083], [-48.160597, -21.892566], [-48.160282, -21.892497], [-48.159715, -21.892951], [-48.159456, -21.893323], [-48.159179, -21.893251], [-48.160055, -21.895433], [-48.160221, -21.895234], [-48.159978, -21.895028], [-48.15976, -21.894576], [-48.159663, -21.894007], [-48.159735, -21.893822]]], [[[-48.152798, -21.894315], [-48.153013, -21.894111], [-48.152868, -21.893684], [-48.153101, -21.893139], [-48.153044, -21.892919], [-48.152792, -21.893079], [-48.152643, -21.893301], [-48.152565, -21.893691], [-48.152594, -21.894121], [-48.152386, -21.894397], [-48.152798, -21.894315]]], [[[-48.155342, -21.89237], [-48.154401, -21.892828], [-48.154239, -21.893094], [-48.154673, -21.894073], [-48.154742, -21.894746], [-48.155053, -21.894862], [-48.155245, -21.894785], [-48.15535, -21.894572], [-48.155358, -21.893188], [-48.155534, -21.892921], [-48.155846, -21.892898], [-48.156329, -21.892992], [-48.157357, -21.892452], [-48.156395, -21.89246], [-48.155905, -21.892621], [-48.155342, -21.89237]]], [[[-48.118527, -21.892318], [-48.119203, -21.892016], [-48.119368, -21.891385], [-48.119198, -21.891538], [-48.118784, -21.89169], [-48.118882, -21.892058], [-48.118527, -21.892318]]], [[[-48.141859, -21.888791], [-48.141952, -21.8891], [-48.141908, -21.889153], [-48.141173, -21.889238], [-48.141766, -21.889445], [-48.14263, -21.889333], [-48.142979, -21.889102], [-48.14302, -21.888729], [-48.142664, -21.888962], [-48.142367, -21.88892], [-48.142, -21.888745], [-48.141859, -21.888791]]], [[[-48.147584, -21.887468], [-48.147323, -21.887251], [-48.146054, -21.886931], [-48.146318, -21.887215], [-48.147365, -21.887537], [-48.147633, -21.887816], [-48.147584, -21.887468]]], [[[-48.142275, -21.887811], [-48.142193, -21.887523], [-48.142287, -21.887195], [-48.142913, -21.887067], [-48.143155, -21.886836], [-48.142715, -21.886795], [-48.141999, -21.886237], [-48.141424, -21.886134], [-48.141379, -21.886173], [-48.14161, -21.886236], [-48.141814, -21.886533], [-48.141598, -21.886961], [-48.141702, -21.887631], [-48.141488, -21.88798], [-48.141448, -21.888344], [-48.141786, -21.88842], [-48.142027, -21.888203], [-48.142275, -21.887811]]], [[[-48.177694, -21.887853], [-48.17817, -21.888166], [-48.17852, -21.888529], [-48.178426, -21.88808], [-48.177984, -21.887913], [-48.177681, -21.887439], [-48.177395, -21.887222], [-48.177193, -21.886926], [-48.177452, -21.886789], [-48.177521, -21.886658], [-48.177572, -21.885987], [-48.177383, -21.885192], [-48.176512, -21.884884], [-48.176446, -21.88498], [-48.176503, -21.885621], [-48.176869, -21.886182], [-48.177004, -21.886988], [-48.177694, -21.887853]]], [[[-48.137983, -21.885836], [-48.138287, -21.8856], [-48.138611, -21.885828], [-48.138805, -21.885784], [-48.138888, -21.885184], [-48.138581, -21.884987], [-48.138164, -21.884898], [-48.138126, -21.885299], [-48.137918, -21.885667], [-48.137796, -21.886226], [-48.137938, -21.886564], [-48.137983, -21.885836]]], [[[-48.140345, -21.885669], [-48.140624, -21.885793], [-48.140712, -21.886175], [-48.141141, -21.886272], [-48.141281, -21.886216], [-48.14099, -21.886177], [-48.140802, -21.886064], [-48.140654, -21.88567], [-48.139896, -21.885572], [-48.139459, -21.88525], [-48.138715, -21.88396], [-48.138681, -21.884428], [-48.139194, -21.884982], [-48.139428, -21.88552], [-48.139898, -21.885851], [-48.140345, -21.885669]]], [[[-48.152442, -21.884953], [-48.152585, -21.885061], [-48.153285, -21.88505], [-48.153644, -21.885414], [-48.153651, -21.885519], [-48.153821, -21.88534], [-48.153759, -21.885041], [-48.153441, -21.884683], [-48.153065, -21.884712], [-48.152738, -21.884582], [-48.152442, -21.884953]]], [[[-48.126671, -21.88351], [-48.12657, -21.883244], [-48.126425, -21.88314], [-48.125827, -21.88291], [-48.125244, -21.882943], [-48.125141, -21.883573], [-48.12463, -21.883873], [-48.124448, -21.884375], [-48.124724, -21.884754], [-48.125246, -21.884066], [-48.125617, -21.883854], [-48.126146, -21.883945], [-48.127211, -21.883929], [-48.127845, -21.884419], [-48.128194, -21.884428], [-48.128512, -21.884216], [-48.128712, -21.883605], [-48.12852, -21.883543], [-48.128289, -21.883596], [-48.127873, -21.884079], [-48.12745, -21.883714], [-48.126671, -21.88351]]], [[[-48.179851, -21.884214], [-48.179972, -21.88441], [-48.180099, -21.884449], [-48.179823, -21.88351], [-48.179792, -21.882864], [-48.179574, -21.882879], [-48.179395, -21.882992], [-48.179417, -21.883197], [-48.179711, -21.883537], [-48.179851, -21.884214]]], [[[-48.136246, -21.882734], [-48.136329, -21.882339], [-48.136182, -21.882304], [-48.135802, -21.882466], [-48.135605, -21.882252], [-48.134788, -21.882041], [-48.135108, -21.882324], [-48.135397, -21.882731], [-48.136099, -21.882887], [-48.136246, -21.882734]]], [[[-48.125153, -21.88165], [-48.124814, -21.88268], [-48.125029, -21.882639], [-48.125173, -21.882446], [-48.125536, -21.881599], [-48.126242, -21.881316], [-48.126789, -21.88146], [-48.127202, -21.881774], [-48.127102, -21.881461], [-48.126854, -21.881183], [-48.126195, -21.881107], [-48.125686, -21.881233], [-48.125281, -21.881464], [-48.125153, -21.88165]]], [[[-48.13795, -21.882072], [-48.13714, -21.881228], [-48.136841, -21.881074], [-48.13643, -21.881118], [-48.136157, -21.881298], [-48.136736, -21.881388], [-48.136779, -21.881625], [-48.137196, -21.881715], [-48.13772, -21.882107], [-48.138023, -21.882503], [-48.138211, -21.882552], [-48.13795, -21.882072]]], [[[-48.134652, -21.880635], [-48.135378, -21.881144], [-48.135532, -21.881107], [-48.135475, -21.880811], [-48.135546, -21.88043], [-48.135192, -21.880272], [-48.134534, -21.880232], [-48.134144, -21.88064], [-48.133979, -21.880987], [-48.133594, -21.881053], [-48.133547, -21.881253], [-48.133852, -21.881156], [-48.134484, -21.88066], [-48.134652, -21.880635]]], [[[-48.127992, -21.880076], [-48.128998, -21.881399], [-48.129192, -21.881357], [-48.128162, -21.879702], [-48.127387, -21.879308], [-48.126887, -21.878471], [-48.126309, -21.878057], [-48.12583, -21.877946], [-48.125603, -21.878022], [-48.126492, -21.878752], [-48.127385, -21.879841], [-48.127992, -21.880076]]], [[[-48.157138, -21.872108], [-48.157161, -21.872325], [-48.158242, -21.872691], [-48.158708, -21.872547], [-48.159145, -21.872723], [-48.159488, -21.872645], [-48.159825, -21.872862], [-48.160935, -21.873235], [-48.161648, -21.873637], [-48.16229, -21.874139], [-48.164049, -21.875754], [-48.164721, -21.876668], [-48.165173, -21.87849], [-48.164994, -21.87857], [-48.165206, -21.878624], [-48.165785, -21.879125], [-48.166689, -21.880595], [-48.16692, -21.881186], [-48.166957, -21.881855], [-48.167121, -21.882049], [-48.168495, -21.882658], [-48.17027, -21.882953], [-48.17156, -21.882796], [-48.172346, -21.882978], [-48.174756, -21.883027], [-48.176072, -21.882665], [-48.175974, -21.881937], [-48.176044, -21.881626], [-48.174771, -21.881922], [-48.173943, -21.881776], [-48.173639, -21.881831], [-48.172952, -21.882302], [-48.172331, -21.881915], [-48.171721, -21.882198], [-48.17071, -21.882016], [-48.170363, -21.882065], [-48.170086, -21.882268], [-48.169498, -21.882279], [-48.168853, -21.882198], [-48.168198, -21.881859], [-48.167297, -21.881059], [-48.166908, -21.880582], [-48.166645, -21.880111], [-48.165959, -21.878413], [-48.165916, -21.87738], [-48.165635, -21.877174], [-48.165564, -21.876861], [-48.165205, -21.87648], [-48.165183, -21.876074], [-48.164484, -21.87563], [-48.163683, -21.875247], [-48.163225, -21.874649], [-48.162741, -21.874485], [-48.162581, -21.87409], [-48.16259, -21.873746], [-48.16212, -21.873456], [-48.161125, -21.87314], [-48.16091, -21.872979], [-48.160986, -21.872837], [-48.160636, -21.872753], [-48.160324, -21.872533], [-48.159428, -21.872301], [-48.157527, -21.872259], [-48.157138, -21.872108]]], [[[-48.1749, -21.838868], [-48.17649, -21.841767], [-48.176768, -21.84307], [-48.177341, -21.843395], [-48.177712, -21.844345], [-48.177645, -21.844617], [-48.177338, -21.84462], [-48.177147, -21.844706], [-48.17712, -21.844963], [-48.177186, -21.845856], [-48.177635, -21.848517], [-48.177758, -21.852391], [-48.178018, -21.854051], [-48.17793, -21.854643], [-48.177443, -21.855196], [-48.17633, -21.855991], [-48.174981, -21.856649], [-48.172178, -21.857559], [-48.171477, -21.857671], [-48.170763, -21.85766], [-48.170532, -21.857831], [-48.170159, -21.857794], [-48.169328, -21.857351], [-48.168569, -21.857186], [-48.168041, -21.856883], [-48.1677, -21.85679], [-48.167128, -21.855657], [-48.16678, -21.855546], [-48.166548, -21.855647], [-48.166607, -21.855939], [-48.166947, -21.856681], [-48.167446, -21.856801], [-48.167789, -21.857085], [-48.167968, -21.857364], [-48.168627, -21.857631], [-48.169198, -21.857709], [-48.169554, -21.858044], [-48.170602, -21.858231], [-48.171259, -21.858236], [-48.171715, -21.858022], [-48.172418, -21.857977], [-48.172761, -21.857599], [-48.173694, -21.857323], [-48.174478, -21.857323], [-48.175552, -21.856892], [-48.177501, -21.855876], [-48.178177, -21.855639], [-48.178867, -21.855773], [-48.179633, -21.856415], [-48.179933, -21.856788], [-48.18025, -21.85692], [-48.179732, -21.856501], [-48.179408, -21.856019], [-48.179089, -21.855718], [-48.178308, -21.855229], [-48.178185, -21.854976], [-48.178186, -21.854663], [-48.178482, -21.854386], [-48.17892, -21.854195], [-48.17922, -21.854198], [-48.179347, -21.854291], [-48.179649, -21.854667], [-48.180853, -21.855519], [-48.181524, -21.856122], [-48.179364, -21.853978], [-48.178857, -21.851706], [-48.178473, -21.851261], [-48.178619, -21.850559], [-48.178542, -21.850318], [-48.178293, -21.85011], [-48.178208, -21.849927], [-48.178564, -21.849399], [-48.178539, -21.849061], [-48.177969, -21.845371], [-48.177945, -21.844537], [-48.177671, -21.842267], [-48.177548, -21.841857], [-48.17714, -21.841034], [-48.175595, -21.838615], [-48.175388, -21.838662], [-48.175287, -21.838461], [-48.174933, -21.838161], [-48.174778, -21.837857], [-48.174424, -21.837586], [-48.174212, -21.837564], [-48.173862, -21.837764], [-48.1749, -21.838868]], [[-48.176936, -21.842291], [-48.177523, -21.842371], [-48.177537, -21.84292], [-48.177048, -21.842967], [-48.176936, -21.842291]]], [[[-48.17017, -21.815732], [-48.17062, -21.815459], [-48.171074, -21.814872], [-48.171592, -21.814598], [-48.172315, -21.813607], [-48.172833, -21.813319], [-48.173605, -21.812515], [-48.174798, -21.811545], [-48.175896, -21.810493], [-48.175407, -21.810448], [-48.17508, -21.810208], [-48.174975, -21.810463], [-48.172107, -21.813614], [-48.169797, -21.81585], [-48.170081, -21.815953], [-48.17017, -21.815732]]], [[[-48.181757, -21.812308], [-48.180369, -21.811608], [-48.180225, -21.81156], [-48.180276, -21.811799], [-48.18058, -21.81181], [-48.181167, -21.812116], [-48.181757, -21.812308]]], [[[-48.180826, -21.812969], [-48.180201, -21.812481], [-48.180033, -21.812074], [-48.178868, -21.811843], [-48.178526, -21.81147], [-48.17827, -21.811324], [-48.177764, -21.810704], [-48.177388, -21.810834], [-48.17777, -21.811073], [-48.17814, -21.811558], [-48.178516, -21.811871], [-48.180199, -21.812565], [-48.180826, -21.812969]]], [[[-48.178736, -21.811187], [-48.179322, -21.811341], [-48.179842, -21.811373], [-48.177597, -21.810026], [-48.177795, -21.810426], [-48.17827, -21.810668], [-48.178736, -21.811187]]], [[[-48.1715, -21.805889], [-48.171473, -21.805518], [-48.171578, -21.804985], [-48.171245, -21.804649], [-48.170796, -21.804403], [-48.171475, -21.806003], [-48.171992, -21.80673], [-48.172339, -21.807047], [-48.172136, -21.806451], [-48.171839, -21.80612], [-48.1715, -21.805889]]], [[[-48.169542, -21.802195], [-48.169143, -21.802434], [-48.1699, -21.803259], [-48.170529, -21.803004], [-48.169761, -21.802057], [-48.169017, -21.801439], [-48.169071, -21.801704], [-48.169211, -21.801872], [-48.169732, -21.80218], [-48.169679, -21.802243], [-48.169542, -21.802195]]], [[[-48.154544, -21.800489], [-48.154954, -21.800387], [-48.155129, -21.800072], [-48.155435, -21.799943], [-48.15585, -21.800084], [-48.156512, -21.799775], [-48.15697, -21.799652], [-48.156831, -21.799572], [-48.155939, -21.799472], [-48.155267, -21.799299], [-48.154905, -21.799029], [-48.154857, -21.799469], [-48.15447, -21.799835], [-48.154343, -21.800108], [-48.154378, -21.800395], [-48.154544, -21.800489]]], [[[-48.153855, -21.798317], [-48.153742, -21.798539], [-48.154858, -21.798938], [-48.154404, -21.798328], [-48.15411, -21.798238], [-48.153855, -21.798317]]], [[[-48.116651, -21.783141], [-48.117592, -21.783559], [-48.119551, -21.784774], [-48.12081, -21.786764], [-48.121953, -21.787892], [-48.122405, -21.788002], [-48.123128, -21.788549], [-48.123896, -21.788802], [-48.124164, -21.78901], [-48.126236, -21.789711], [-48.129203, -21.790335], [-48.130471, -21.790759], [-48.130791, -21.791027], [-48.131123, -21.791536], [-48.131262, -21.792024], [-48.131237, -21.79249], [-48.131528, -21.79286], [-48.132241, -21.792905], [-48.132556, -21.792823], [-48.132515, -21.792138], [-48.132744, -21.791353], [-48.133403, -21.79048], [-48.134195, -21.789949], [-48.135272, -21.78903], [-48.136039, -21.788683], [-48.136558, -21.78856], [-48.137175, -21.788851], [-48.138448, -21.78917], [-48.141819, -21.790277], [-48.142951, -21.790815], [-48.144775, -21.790979], [-48.145137, -21.791508], [-48.145569, -21.791924], [-48.145621, -21.792254], [-48.146066, -21.792707], [-48.147482, -21.793473], [-48.15049, -21.795646], [-48.151724, -21.796239], [-48.152437, -21.79673], [-48.152376, -21.796327], [-48.15182, -21.796027], [-48.151198, -21.795858], [-48.150923, -21.795526], [-48.150309, -21.79522], [-48.149993, -21.794911], [-48.149541, -21.79472], [-48.149354, -21.794497], [-48.149406, -21.794151], [-48.149586, -21.794098], [-48.149771, -21.794182], [-48.150241, -21.794778], [-48.151035, -21.794985], [-48.151315, -21.795323], [-48.151654, -21.795396], [-48.152633, -21.796064], [-48.152885, -21.796061], [-48.152764, -21.795893], [-48.152221, -21.795563], [-48.151983, -21.795312], [-48.151604, -21.795139], [-48.151112, -21.794716], [-48.150417, -21.794571], [-48.150217, -21.794217], [-48.149756, -21.793993], [-48.149552, -21.793521], [-48.148124, -21.792583], [-48.146712, -21.791814], [-48.14666, -21.791615], [-48.147234, -21.791044], [-48.147122, -21.790899], [-48.146537, -21.790752], [-48.14599, -21.790898], [-48.145073, -21.790699], [-48.142132, -21.789369], [-48.140597, -21.788544], [-48.139646, -21.788106], [-48.138763, -21.787829], [-48.137728, -21.78729], [-48.137335, -21.786437], [-48.136406, -21.783906], [-48.136017, -21.78399], [-48.136632, -21.786617], [-48.136653, -21.787159], [-48.136503, -21.78739], [-48.135815, -21.787721], [-48.134581, -21.788563], [-48.133283, -21.789586], [-48.13249, -21.790027], [-48.13156, -21.790244], [-48.130834, -21.790249], [-48.127411, -21.789281], [-48.126373, -21.788611], [-48.125014, -21.788131], [-48.12436, -21.788095], [-48.12393, -21.787851], [-48.123347, -21.787849], [-48.122187, -21.787084], [-48.121609, -21.786373], [-48.121549, -21.785836], [-48.121347, -21.785547], [-48.120878, -21.785457], [-48.120768, -21.785298], [-48.120489, -21.785154], [-48.120679, -21.784658], [-48.120449, -21.784286], [-48.120174, -21.784019], [-48.119834, -21.783934], [-48.119344, -21.783994], [-48.11905, -21.783935], [-48.118344, -21.783519], [-48.117591, -21.783325], [-48.116293, -21.782037], [-48.115624, -21.781807], [-48.115154, -21.781812], [-48.114855, -21.782461], [-48.114633, -21.78237], [-48.1147, -21.782548], [-48.115039, -21.782779], [-48.115951, -21.782833], [-48.116128, -21.783012], [-48.116651, -21.783141]]], [[[-48.177824, -21.686323], [-48.177307, -21.686397], [-48.176553, -21.686953], [-48.176564, -21.687238], [-48.178344, -21.686792], [-48.17908, -21.686454], [-48.178774, -21.686104], [-48.178731, -21.685901], [-48.179122, -21.685678], [-48.179499, -21.685739], [-48.179962, -21.685111], [-48.180117, -21.684754], [-48.180158, -21.684541], [-48.180005, -21.684323], [-48.1795, -21.684567], [-48.179269, -21.685222], [-48.179002, -21.685616], [-48.17865, -21.685873], [-48.177942, -21.686138], [-48.177824, -21.686323]]], [[[-48.180531, -21.682986], [-48.1808, -21.683163], [-48.180363, -21.681763], [-48.179831, -21.680844], [-48.18014, -21.68157], [-48.180168, -21.682212], [-48.180446, -21.682637], [-48.180531, -21.682986]]], [[[-48.177014, -21.671584], [-48.176454, -21.67142], [-48.175423, -21.671652], [-48.176569, -21.671558], [-48.177014, -21.671584]]], [[[-48.174773, -21.670303], [-48.174343, -21.670099], [-48.173988, -21.670164], [-48.173758, -21.670405], [-48.173797, -21.670785], [-48.173532, -21.671213], [-48.172717, -21.671787], [-48.173417, -21.671773], [-48.174462, -21.671548], [-48.174625, -21.671099], [-48.174444, -21.670773], [-48.174705, -21.670625], [-48.175211, -21.670634], [-48.17591, -21.67039], [-48.176408, -21.670594], [-48.176833, -21.670478], [-48.177214, -21.670577], [-48.177485, -21.670377], [-48.177798, -21.670298], [-48.178411, -21.670638], [-48.178748, -21.670642], [-48.179112, -21.670282], [-48.179465, -21.670078], [-48.179946, -21.669963], [-48.180449, -21.669568], [-48.180861, -21.669518], [-48.181375, -21.669643], [-48.181606, -21.669489], [-48.181897, -21.669009], [-48.178506, -21.670095], [-48.176671, -21.670253], [-48.174773, -21.670303]]], [[[-48.172347, -21.631062], [-48.171196, -21.631452], [-48.170367, -21.631351], [-48.17016, -21.631758], [-48.169972, -21.631796], [-48.169908, -21.63196], [-48.169986, -21.632229], [-48.170379, -21.632389], [-48.170547, -21.632545], [-48.170443, -21.633074], [-48.170331, -21.633201], [-48.170436, -21.633787], [-48.170311, -21.634194], [-48.170898, -21.63628], [-48.170987, -21.636161], [-48.17101, -21.63507], [-48.17096, -21.634579], [-48.170809, -21.634145], [-48.170815, -21.633441], [-48.170679, -21.633158], [-48.171288, -21.632201], [-48.171443, -21.632034], [-48.171784, -21.631965], [-48.172056, -21.631682], [-48.172486, -21.631623], [-48.172682, -21.631268], [-48.173344, -21.630883], [-48.173513, -21.630908], [-48.174069, -21.630584], [-48.17567, -21.629974], [-48.175916, -21.629774], [-48.175968, -21.629609], [-48.175672, -21.62914], [-48.174559, -21.629511], [-48.174049, -21.629801], [-48.173037, -21.630636], [-48.172347, -21.631062]]], [[[-48.168986, -21.631541], [-48.168528, -21.631591], [-48.168606, -21.632083], [-48.169026, -21.632131], [-48.169623, -21.632377], [-48.169508, -21.632029], [-48.169268, -21.631704], [-48.168986, -21.631541]]], [[[-48.177629, -21.62908], [-48.17737, -21.628938], [-48.176867, -21.629117], [-48.176946, -21.629367], [-48.177674, -21.630159], [-48.177819, -21.63011], [-48.177962, -21.629742], [-48.177629, -21.62908]]], [[[-48.118596, -21.960761], [-48.118823, -21.960618], [-48.1199, -21.960888], [-48.120224, -21.960829], [-48.120436, -21.95973], [-48.121139, -21.959611], [-48.120759, -21.959243], [-48.120329, -21.959284], [-48.119686, -21.959675], [-48.119747, -21.959868], [-48.119699, -21.960127], [-48.119508, -21.960362], [-48.118848, -21.960532], [-48.118179, -21.960524], [-48.117747, -21.960332], [-48.11722, -21.959792], [-48.11694, -21.959638], [-48.116539, -21.959594], [-48.115989, -21.959802], [-48.115759, -21.959742], [-48.115155, -21.959205], [-48.113601, -21.958569], [-48.113137, -21.958242], [-48.112183, -21.958303], [-48.111703, -21.958229], [-48.11119, -21.957765], [-48.110281, -21.956404], [-48.110049, -21.956287], [-48.109728, -21.956353], [-48.10978, -21.956605], [-48.1103, -21.957662], [-48.110678, -21.958051], [-48.111655, -21.958669], [-48.112159, -21.958797], [-48.11301, -21.958696], [-48.113553, -21.958803], [-48.114351, -21.959327], [-48.115118, -21.95962], [-48.116238, -21.960515], [-48.116552, -21.960681], [-48.117466, -21.960559], [-48.118291, -21.960769], [-48.118596, -21.960761]]], [[[-48.106934, -21.928847], [-48.105013, -21.930148], [-48.106991, -21.92883], [-48.10755, -21.928392], [-48.108019, -21.927764], [-48.108551, -21.926612], [-48.108886, -21.925615], [-48.10855, -21.926574], [-48.108011, -21.927739], [-48.10753, -21.928377], [-48.106934, -21.928847]]], [[[-48.108974, -21.925389], [-48.108926, -21.925499], [-48.109045, -21.925282], [-48.108974, -21.925389]]], [[[-48.115201, -21.894395], [-48.115784, -21.89872], [-48.115473, -21.901425], [-48.11552, -21.902226], [-48.115814, -21.902569], [-48.116159, -21.902811], [-48.116443, -21.903215], [-48.116438, -21.903625], [-48.116283, -21.904108], [-48.116187, -21.906068], [-48.1155, -21.908303], [-48.115168, -21.909674], [-48.115126, -21.90995], [-48.11523, -21.910243], [-48.115205, -21.910409], [-48.114804, -21.910873], [-48.114721, -21.911433], [-48.114332, -21.911761], [-48.113975, -21.911826], [-48.113041, -21.912463], [-48.112569, -21.913039], [-48.112334, -21.913559], [-48.112105, -21.914643], [-48.111954, -21.918228], [-48.111525, -21.919212], [-48.110686, -21.92032], [-48.110526, -21.921065], [-48.110434, -21.922336], [-48.110245, -21.923053], [-48.109101, -21.925181], [-48.109447, -21.924552], [-48.111684, -21.92448], [-48.111713, -21.925488], [-48.111617, -21.925663], [-48.110987, -21.926053], [-48.110868, -21.926212], [-48.11013, -21.927656], [-48.109628, -21.92834], [-48.109318, -21.928827], [-48.108962, -21.929271], [-48.108312, -21.929766], [-48.107858, -21.930025], [-48.107446, -21.930098], [-48.106463, -21.930524], [-48.105766, -21.931031], [-48.10522, -21.931689], [-48.104728, -21.931815], [-48.104306, -21.93217], [-48.104056, -21.932224], [-48.103753, -21.932139], [-48.103152, -21.932384], [-48.103376, -21.932261], [-48.104448, -21.931106], [-48.10492, -21.93045], [-48.104978, -21.930181], [-48.103748, -21.931166], [-48.10258, -21.932294], [-48.100833, -21.933599], [-48.099215, -21.934462], [-48.09883, -21.934781], [-48.098012, -21.935737], [-48.097532, -21.936064], [-48.097232, -21.93617], [-48.096868, -21.936124], [-48.096321, -21.935658], [-48.095763, -21.935819], [-48.095418, -21.935733], [-48.095045, -21.935465], [-48.094654, -21.935464], [-48.093777, -21.935504], [-48.092431, -21.935915], [-48.092123, -21.935932], [-48.091426, -21.936261], [-48.091186, -21.936504], [-48.090534, -21.936544], [-48.08974, -21.936424], [-48.088722, -21.935932], [-48.088408, -21.935965], [-48.087824, -21.936293], [-48.087245, -21.936462], [-48.086638, -21.936339], [-48.086286, -21.936093], [-48.085636, -21.935421], [-48.085239, -21.935243], [-48.08344, -21.935523], [-48.082604, -21.935261], [-48.081616, -21.935381], [-48.079758, -21.935125], [-48.078755, -21.935079], [-48.077536, -21.935373], [-48.076853, -21.935445], [-48.075803, -21.93521], [-48.074336, -21.935052], [-48.073863, -21.934814], [-48.073599, -21.934503], [-48.073528, -21.934172], [-48.073632, -21.933452], [-48.073223, -21.933265], [-48.072915, -21.933219], [-48.072514, -21.933453], [-48.072832, -21.933898], [-48.072512, -21.93424], [-48.07192, -21.934133], [-48.071398, -21.934338], [-48.070369, -21.934036], [-48.069857, -21.934072], [-48.069105, -21.93393], [-48.06814, -21.933424], [-48.067926, -21.933396], [-48.067221, -21.933558], [-48.066793, -21.933518], [-48.066232, -21.9333], [-48.065167, -21.933314], [-48.064686, -21.933109], [-48.06465, -21.932705], [-48.063977, -21.932513], [-48.063906, -21.932806], [-48.06394, -21.933136], [-48.064164, -21.933531], [-48.06453, -21.93378], [-48.064589, -21.933915], [-48.065466, -21.93422], [-48.066546, -21.933945], [-48.067187, -21.934149], [-48.068376, -21.934304], [-48.06924, -21.934673], [-48.070405, -21.934971], [-48.072735, -21.935192], [-48.07406, -21.935754], [-48.074849, -21.935868], [-48.075581, -21.935793], [-48.075676, -21.935952], [-48.075555, -21.93642], [-48.075741, -21.9365], [-48.075988, -21.936518], [-48.076244, -21.936191], [-48.079417, -21.935789], [-48.080004, -21.9358], [-48.081141, -21.936072], [-48.083266, -21.936182], [-48.085618, -21.937082], [-48.086575, -21.937308], [-48.087843, -21.937018], [-48.088203, -21.936662], [-48.088525, -21.936673], [-48.088853, -21.936559], [-48.089343, -21.937014], [-48.090089, -21.937295], [-48.090571, -21.93717], [-48.090905, -21.937269], [-48.091627, -21.937288], [-48.091989, -21.937686], [-48.091997, -21.937978], [-48.092181, -21.938229], [-48.092893, -21.938492], [-48.093344, -21.938454], [-48.093539, -21.938353], [-48.093723, -21.938082], [-48.094017, -21.937848], [-48.096033, -21.937095], [-48.096374, -21.937199], [-48.096827, -21.937567], [-48.097203, -21.937719], [-48.097935, -21.937736], [-48.098306, -21.937618], [-48.098602, -21.93726], [-48.098635, -21.936598], [-48.098921, -21.936293], [-48.098915, -21.936037], [-48.099471, -21.935519], [-48.099697, -21.935504], [-48.100004, -21.9353], [-48.100538, -21.935283], [-48.101935, -21.934582], [-48.102872, -21.934016], [-48.104042, -21.933043], [-48.104623, -21.932244], [-48.106972, -21.930562], [-48.108243, -21.929822], [-48.108912, -21.929329], [-48.109267, -21.928925], [-48.110114, -21.927689], [-48.110893, -21.926205], [-48.111042, -21.926031], [-48.111597, -21.925694], [-48.111628, -21.925652], [-48.111716, -21.925488], [-48.111743, -21.925429], [-48.111688, -21.924364], [-48.111521, -21.923386], [-48.111695, -21.921503], [-48.111938, -21.920895], [-48.113205, -21.919226], [-48.113452, -21.918316], [-48.11328, -21.91735], [-48.113026, -21.916566], [-48.11297, -21.916015], [-48.113014, -21.915301], [-48.113197, -21.914475], [-48.112926, -21.914338], [-48.112951, -21.914], [-48.113453, -21.913897], [-48.113709, -21.913521], [-48.114253, -21.913041], [-48.114857, -21.912786], [-48.115235, -21.912482], [-48.115844, -21.911157], [-48.116039, -21.910405], [-48.116433, -21.906774], [-48.116644, -21.90631], [-48.117341, -21.90528], [-48.117469, -21.904616], [-48.11727, -21.903433], [-48.116984, -21.902751], [-48.116487, -21.902209], [-48.11643, -21.902002], [-48.116623, -21.901453], [-48.116974, -21.898374], [-48.116883, -21.897537], [-48.116973, -21.896932], [-48.117266, -21.896005], [-48.117489, -21.893474], [-48.117032, -21.893714], [-48.116973, -21.893902], [-48.117138, -21.894182], [-48.117188, -21.89453], [-48.116933, -21.895572], [-48.116965, -21.895715], [-48.117245, -21.896035], [-48.117199, -21.896212], [-48.116922, -21.896577], [-48.116669, -21.897352], [-48.116741, -21.898239], [-48.116486, -21.898541], [-48.116208, -21.898575], [-48.116135, -21.898793], [-48.116264, -21.89896], [-48.116174, -21.898974], [-48.116064, -21.898794], [-48.116024, -21.898386], [-48.115787, -21.897948], [-48.115846, -21.8977], [-48.115743, -21.897492], [-48.115763, -21.896734], [-48.115542, -21.895484], [-48.115649, -21.895037], [-48.115604, -21.894472], [-48.115887, -21.893914], [-48.115957, -21.893598], [-48.115731, -21.893687], [-48.115466, -21.89404], [-48.115252, -21.894066], [-48.115201, -21.894395]]], [[[-48.116963, -21.892082], [-48.11635, -21.892819], [-48.116306, -21.893012], [-48.116448, -21.892957], [-48.116477, -21.89282], [-48.116777, -21.892579], [-48.116977, -21.892288], [-48.117487, -21.891973], [-48.118305, -21.891924], [-48.119082, -21.890982], [-48.118907, -21.890619], [-48.118941, -21.890443], [-48.119149, -21.890253], [-48.118869, -21.890407], [-48.118717, -21.890603], [-48.118655, -21.891025], [-48.118351, -21.891458], [-48.118311, -21.891734], [-48.118219, -21.891847], [-48.117456, -21.891854], [-48.116963, -21.892082]]], [[[-48.119185, -21.884577], [-48.119264, -21.884524], [-48.118926, -21.884399], [-48.116679, -21.88397], [-48.116082, -21.884062], [-48.116673, -21.884312], [-48.117569, -21.884449], [-48.11861, -21.884432], [-48.119185, -21.884577]]], [[[-48.096003, -21.881762], [-48.096183, -21.880683], [-48.095901, -21.880208], [-48.095724, -21.879176], [-48.095475, -21.878851], [-48.094791, -21.878583], [-48.094198, -21.878552], [-48.093502, -21.878628], [-48.09268, -21.878547], [-48.09212, -21.878291], [-48.091154, -21.877602], [-48.090741, -21.877577], [-48.090254, -21.877834], [-48.089854, -21.877868], [-48.089562, -21.877669], [-48.089801, -21.876908], [-48.08967, -21.876339], [-48.089074, -21.876229], [-48.088486, -21.876329], [-48.087556, -21.876667], [-48.086217, -21.876285], [-48.085671, -21.875894], [-48.085453, -21.875534], [-48.085108, -21.875347], [-48.084699, -21.874684], [-48.084482, -21.874639], [-48.084211, -21.87479], [-48.082643, -21.876013], [-48.082245, -21.876209], [-48.081923, -21.876142], [-48.080889, -21.875671], [-48.079976, -21.875483], [-48.079481, -21.875486], [-48.078454, -21.876044], [-48.078173, -21.876002], [-48.077287, -21.875122], [-48.076334, -21.874805], [-48.075935, -21.874572], [-48.075789, -21.874313], [-48.075727, -21.873686], [-48.075349, -21.872275], [-48.074871, -21.871399], [-48.074367, -21.870974], [-48.073364, -21.870462], [-48.072607, -21.870275], [-48.071171, -21.870439], [-48.070242, -21.8703], [-48.069829, -21.87037], [-48.069131, -21.870686], [-48.068798, -21.870466], [-48.067772, -21.869249], [-48.066846, -21.868552], [-48.065414, -21.867904], [-48.064599, -21.867615], [-48.063852, -21.867459], [-48.062505, -21.867495], [-48.061319, -21.867626], [-48.060511, -21.867817], [-48.059502, -21.868207], [-48.057226, -21.8695], [-48.056158, -21.870219], [-48.055289, -21.870557], [-48.054375, -21.87071], [-48.052733, -21.870714], [-48.051076, -21.870482], [-48.050518, -21.870545], [-48.049854, -21.870773], [-48.048908, -21.870959], [-48.048282, -21.871417], [-48.047544, -21.871824], [-48.046758, -21.872705], [-48.046211, -21.873788], [-48.045754, -21.873987], [-48.044362, -21.874043], [-48.043912, -21.874167], [-48.043453, -21.874481], [-48.043111, -21.874962], [-48.04317, -21.8765], [-48.043084, -21.876872], [-48.042854, -21.877303], [-48.042562, -21.877525], [-48.042674, -21.878221], [-48.043478, -21.879899], [-48.043898, -21.881246], [-48.044046, -21.881206], [-48.044485, -21.880896], [-48.044247, -21.879997], [-48.044357, -21.879416], [-48.04483, -21.879101], [-48.045316, -21.879063], [-48.045831, -21.879131], [-48.046448, -21.878895], [-48.046843, -21.87858], [-48.047636, -21.877706], [-48.047856, -21.877344], [-48.047934, -21.876932], [-48.047913, -21.876529], [-48.04774, -21.87607], [-48.047739, -21.875127], [-48.047993, -21.874518], [-48.048713, -21.873846], [-48.049588, -21.87355], [-48.051031, -21.873551], [-48.052569, -21.873703], [-48.053608, -21.873518], [-48.054199, -21.873565], [-48.054931, -21.873772], [-48.055105, -21.873499], [-48.055478, -21.873326], [-48.055572, -21.873061], [-48.055749, -21.872925], [-48.05614, -21.872808], [-48.056891, -21.872402], [-48.057012, -21.872165], [-48.057092, -21.871343], [-48.057443, -21.871053], [-48.057987, -21.870838], [-48.058531, -21.870748], [-48.058858, -21.870461], [-48.059639, -21.870578], [-48.059791, -21.870373], [-48.06003, -21.870343], [-48.060201, -21.870177], [-48.06094, -21.869922], [-48.061705, -21.869775], [-48.063615, -21.869689], [-48.064277, -21.869796], [-48.065247, -21.870667], [-48.066353, -21.872061], [-48.067491, -21.87258], [-48.068538, -21.873806], [-48.069049, -21.874178], [-48.06971, -21.874422], [-48.070263, -21.87442], [-48.071421, -21.874015], [-48.072254, -21.874117], [-48.073035, -21.874743], [-48.073761, -21.876245], [-48.074001, -21.876481], [-48.074364, -21.876704], [-48.075708, -21.877111], [-48.076085, -21.877308], [-48.076158, -21.877181], [-48.077117, -21.876874], [-48.077466, -21.877025], [-48.077719, -21.877639], [-48.077931, -21.877711], [-48.078241, -21.877503], [-48.078694, -21.8774], [-48.07913, -21.876888], [-48.079434, -21.876741], [-48.080481, -21.876677], [-48.081632, -21.876772], [-48.084055, -21.877423], [-48.084593, -21.877917], [-48.085137, -21.878188], [-48.085636, -21.87812], [-48.086418, -21.877577], [-48.087294, -21.877657], [-48.088153, -21.877366], [-48.088555, -21.877401], [-48.088886, -21.877678], [-48.089103, -21.878608], [-48.089332, -21.878965], [-48.089997, -21.879531], [-48.090156, -21.880021], [-48.089737, -21.881265], [-48.089231, -21.88237], [-48.089756, -21.882702], [-48.090045, -21.882746], [-48.090103, -21.882327], [-48.090411, -21.881596], [-48.091001, -21.880736], [-48.091522, -21.880425], [-48.092099, -21.880287], [-48.093235, -21.880455], [-48.09422, -21.880882], [-48.094562, -21.881152], [-48.095529, -21.882266], [-48.096123, -21.882721], [-48.096952, -21.882922], [-48.097672, -21.882785], [-48.0975, -21.881453], [-48.096844, -21.882007], [-48.096456, -21.88211], [-48.096177, -21.882009], [-48.096003, -21.881762]], [[-48.054104, -21.873038], [-48.053982, -21.872913], [-48.053969, -21.872741], [-48.054334, -21.872431], [-48.05456, -21.872506], [-48.054724, -21.872711], [-48.054657, -21.872896], [-48.054422, -21.87308], [-48.054104, -21.873038]]], [[[-48.016868, -21.862649], [-48.016087, -21.860707], [-48.016047, -21.860345], [-48.0155, -21.860309], [-48.015369, -21.860134], [-48.01558, -21.859882], [-48.015281, -21.859244], [-48.015238, -21.858917], [-48.015518, -21.858386], [-48.015344, -21.857811], [-48.015367, -21.857641], [-48.015547, -21.85745], [-48.015589, -21.856772], [-48.014572, -21.859039], [-48.014281, -21.859445], [-48.013999, -21.859657], [-48.01362, -21.859783], [-48.012721, -21.859879], [-48.012604, -21.860825], [-48.013828, -21.861072], [-48.014382, -21.861353], [-48.014759, -21.861811], [-48.014717, -21.86226], [-48.014321, -21.86333], [-48.014, -21.863929], [-48.013398, -21.864597], [-48.012618, -21.865258], [-48.011853, -21.866585], [-48.011426, -21.866869], [-48.010786, -21.866902], [-48.010111, -21.866781], [-48.010031, -21.867538], [-48.010189, -21.867871], [-48.010517, -21.868112], [-48.0107, -21.868688], [-48.011235, -21.868797], [-48.011618, -21.868704], [-48.011867, -21.868054], [-48.012774, -21.867579], [-48.013665, -21.866209], [-48.014291, -21.86556], [-48.015081, -21.864931], [-48.015501, -21.864697], [-48.015975, -21.864596], [-48.016319, -21.864628], [-48.016694, -21.864061], [-48.016345, -21.863957], [-48.015801, -21.86411], [-48.015555, -21.864273], [-48.014851, -21.865055], [-48.014208, -21.865437], [-48.013418, -21.865644], [-48.013261, -21.865752], [-48.013114, -21.865687], [-48.012889, -21.86574], [-48.012801, -21.865591], [-48.012942, -21.86523], [-48.013645, -21.864832], [-48.014038, -21.864497], [-48.014902, -21.863383], [-48.015062, -21.863091], [-48.015119, -21.862179], [-48.015264, -21.862041], [-48.016796, -21.862528], [-48.017035, -21.863465], [-48.017117, -21.863283], [-48.017005, -21.863144], [-48.016868, -21.862649]]], [[[-48.016076, -21.855137], [-48.015962, -21.854819], [-48.016107, -21.854297], [-48.015989, -21.853808], [-48.015895, -21.853709], [-48.01575, -21.856008], [-48.015872, -21.855853], [-48.016076, -21.855137]]], [[[-48.017909, -21.851588], [-48.018422, -21.850817], [-48.018779, -21.850671], [-48.018674, -21.850239], [-48.018444, -21.850637], [-48.017863, -21.851279], [-48.016995, -21.851923], [-48.017909, -21.851588]]], [[[-48.020765, -21.84762], [-48.02045, -21.847211], [-48.020482, -21.846977], [-48.019635, -21.84818], [-48.020321, -21.848203], [-48.020765, -21.84762]]], [[[-48.023498, -21.845817], [-48.023368, -21.845929], [-48.023452, -21.846714], [-48.02341, -21.846953], [-48.023189, -21.847087], [-48.022837, -21.847606], [-48.02323, -21.847338], [-48.024943, -21.845678], [-48.025058, -21.845435], [-48.024427, -21.84586], [-48.023831, -21.845899], [-48.023498, -21.845817]]], [[[-48.023719, -21.843593], [-48.024365, -21.843489], [-48.024735, -21.843155], [-48.024916, -21.842848], [-48.024343, -21.842395], [-48.024242, -21.841743], [-48.024513, -21.841409], [-48.024291, -21.841484], [-48.024037, -21.84179], [-48.023359, -21.843369], [-48.02309, -21.844216], [-48.022788, -21.844679], [-48.021421, -21.845937], [-48.020899, -21.846526], [-48.021083, -21.846892], [-48.021368, -21.846834], [-48.02164, -21.846631], [-48.021921, -21.846755], [-48.022002, -21.846537], [-48.021842, -21.846037], [-48.022003, -21.845924], [-48.022484, -21.846219], [-48.022749, -21.846265], [-48.022931, -21.846177], [-48.022951, -21.845832], [-48.023103, -21.845488], [-48.023045, -21.845038], [-48.023461, -21.844856], [-48.023674, -21.844674], [-48.023967, -21.844231], [-48.023978, -21.844017], [-48.02364, -21.843825], [-48.023719, -21.843593]]], [[[-48.025393, -21.84323], [-48.025153, -21.843769], [-48.025129, -21.84471], [-48.025211, -21.845032], [-48.025393, -21.84323]]], [[[-48.027306, -21.839025], [-48.02743, -21.838864], [-48.027346, -21.838545], [-48.027139, -21.838258], [-48.026996, -21.838204], [-48.026496, -21.839008], [-48.02682, -21.838964], [-48.027306, -21.839025]]], [[[-48.027969, -21.830558], [-48.02809, -21.830478], [-48.028223, -21.830737], [-48.028609, -21.830312], [-48.028229, -21.830013], [-48.02814, -21.830114], [-48.027534, -21.831324], [-48.027464, -21.83194], [-48.027606, -21.831835], [-48.027739, -21.83108], [-48.027988, -21.830846], [-48.027969, -21.830558]]], [[[-48.052451, -21.828424], [-48.051849, -21.827827], [-48.051614, -21.82718], [-48.050788, -21.827048], [-48.04987, -21.826764], [-48.047931, -21.82564], [-48.047267, -21.825057], [-48.045858, -21.824349], [-48.045103, -21.824265], [-48.044472, -21.823896], [-48.043982, -21.823782], [-48.043086, -21.823243], [-48.042582, -21.822539], [-48.042254, -21.82118], [-48.042107, -21.820856], [-48.042001, -21.820783], [-48.04193, -21.821012], [-48.041509, -21.821226], [-48.041741, -21.821545], [-48.041842, -21.821907], [-48.041911, -21.822967], [-48.042392, -21.823693], [-48.042614, -21.824275], [-48.042738, -21.825337], [-48.042977, -21.826251], [-48.043111, -21.827889], [-48.043254, -21.828322], [-48.043362, -21.828442], [-48.043616, -21.828518], [-48.044032, -21.828345], [-48.044493, -21.828506], [-48.045262, -21.828635], [-48.045634, -21.828805], [-48.045807, -21.829046], [-48.047175, -21.829994], [-48.048442, -21.831656], [-48.048825, -21.832333], [-48.04905, -21.833047], [-48.049114, -21.833595], [-48.049216, -21.833532], [-48.049331, -21.833208], [-48.049549, -21.832935], [-48.049584, -21.832506], [-48.049037, -21.831646], [-48.048228, -21.830097], [-48.047879, -21.8297], [-48.046625, -21.828698], [-48.04597, -21.828306], [-48.044464, -21.827704], [-48.043886, -21.827242], [-48.043674, -21.826796], [-48.043345, -21.825639], [-48.043302, -21.824714], [-48.043445, -21.824328], [-48.04384, -21.824116], [-48.044466, -21.824204], [-48.044959, -21.824371], [-48.046785, -21.825569], [-48.047332, -21.826047], [-48.048476, -21.826809], [-48.049448, -21.827353], [-48.051095, -21.827932], [-48.051629, -21.828367], [-48.052677, -21.829008], [-48.053577, -21.829361], [-48.054258, -21.829313], [-48.054794, -21.829365], [-48.054819, -21.829106], [-48.05469, -21.828953], [-48.053412, -21.828806], [-48.052898, -21.82865], [-48.052451, -21.828424]]], [[[-48.042098, -21.816833], [-48.042437, -21.816541], [-48.042398, -21.816349], [-48.042195, -21.816048], [-48.042254, -21.816336], [-48.042198, -21.816612], [-48.041686, -21.817303], [-48.041814, -21.817254], [-48.042098, -21.816833]]], [[[-48.043331, -21.815586], [-48.043619, -21.814977], [-48.04398, -21.813869], [-48.043846, -21.813927], [-48.043612, -21.814413], [-48.043542, -21.814921], [-48.043353, -21.815182], [-48.043331, -21.815586]]], [[[-48.042285, -21.815434], [-48.042139, -21.814906], [-48.042156, -21.814718], [-48.042529, -21.814721], [-48.042905, -21.814558], [-48.042788, -21.814179], [-48.042766, -21.813538], [-48.043074, -21.813024], [-48.043443, -21.812767], [-48.04359, -21.812525], [-48.043627, -21.812238], [-48.042577, -21.81332], [-48.042277, -21.813832], [-48.042109, -21.814364], [-48.042105, -21.815731], [-48.042285, -21.815434]]], [[[-48.044784, -21.812349], [-48.044184, -21.812856], [-48.04413, -21.813601], [-48.044784, -21.812349]]], [[[-48.053284, -21.812153], [-48.052563, -21.810727], [-48.05193, -21.809958], [-48.051168, -21.809231], [-48.050771, -21.808553], [-48.049971, -21.808627], [-48.04959, -21.808745], [-48.049358, -21.808707], [-48.048762, -21.808344], [-48.048498, -21.807993], [-48.047811, -21.808599], [-48.049001, -21.808887], [-48.049437, -21.809065], [-48.049607, -21.809315], [-48.050264, -21.809714], [-48.051249, -21.810476], [-48.051296, -21.810885], [-48.052181, -21.811591], [-48.05341, -21.8139], [-48.053872, -21.814226], [-48.054072, -21.814301], [-48.054278, -21.81424], [-48.05441, -21.813602], [-48.05375, -21.812634], [-48.053284, -21.812153]]], [[[-48.045632, -21.810316], [-48.045342, -21.810751], [-48.045238, -21.811409], [-48.045893, -21.810112], [-48.045632, -21.810316]]], [[[-48.046266, -21.805225], [-48.046437, -21.805565], [-48.046846, -21.806039], [-48.046953, -21.806409], [-48.046873, -21.806926], [-48.046666, -21.807488], [-48.046073, -21.8084], [-48.046406, -21.808356], [-48.046555, -21.808042], [-48.047013, -21.807456], [-48.046998, -21.806891], [-48.047159, -21.805801], [-48.046952, -21.805159], [-48.046777, -21.804961], [-48.04657, -21.804951], [-48.046968, -21.804374], [-48.046714, -21.804103], [-48.046419, -21.804125], [-48.046561, -21.803908], [-48.046623, -21.803594], [-48.046534, -21.802766], [-48.046152, -21.802443], [-48.045691, -21.802305], [-48.045299, -21.802466], [-48.04577, -21.802713], [-48.045939, -21.803004], [-48.046266, -21.805225]]], [[[-48.048674, -21.804979], [-48.048492, -21.805681], [-48.048683, -21.806055], [-48.049077, -21.805957], [-48.048787, -21.805563], [-48.04873, -21.803812], [-48.048597, -21.803165], [-48.048533, -21.803287], [-48.048658, -21.803877], [-48.048511, -21.804317], [-48.048674, -21.804979]]], [[[-48.075688, -21.801908], [-48.075955, -21.800538], [-48.075861, -21.800479], [-48.075938, -21.800177], [-48.076305, -21.799785], [-48.076599, -21.799636], [-48.077826, -21.799785], [-48.078183, -21.800088], [-48.079319, -21.80037], [-48.07962, -21.800541], [-48.079674, -21.800649], [-48.080932, -21.800565], [-48.081989, -21.800916], [-48.08276, -21.800958], [-48.083165, -21.801095], [-48.083997, -21.800841], [-48.084346, -21.800849], [-48.085508, -21.801339], [-48.086279, -21.801206], [-48.086867, -21.801612], [-48.087317, -21.801808], [-48.087597, -21.801666], [-48.087791, -21.801809], [-48.08838, -21.80273], [-48.089268, -21.80529], [-48.089445, -21.805037], [-48.090047, -21.804628], [-48.089807, -21.804433], [-48.08962, -21.804093], [-48.089465, -21.803554], [-48.089343, -21.802555], [-48.089066, -21.802214], [-48.088876, -21.802145], [-48.088428, -21.801683], [-48.08805, -21.801516], [-48.088342, -21.801283], [-48.088322, -21.801221], [-48.087483, -21.801075], [-48.08698, -21.801112], [-48.086266, -21.800726], [-48.085755, -21.800634], [-48.085184, -21.80069], [-48.083801, -21.8001], [-48.083356, -21.800159], [-48.081909, -21.79961], [-48.081156, -21.799677], [-48.080807, -21.799586], [-48.079424, -21.799735], [-48.07876, -21.799533], [-48.078061, -21.79916], [-48.07734, -21.798972], [-48.076889, -21.79917], [-48.076534, -21.799207], [-48.075461, -21.798724], [-48.07503, -21.79882], [-48.074859, -21.79873], [-48.074507, -21.798241], [-48.074467, -21.797994], [-48.074583, -21.797424], [-48.074501, -21.797038], [-48.073978, -21.796556], [-48.073454, -21.796685], [-48.072949, -21.796622], [-48.071886, -21.796097], [-48.071544, -21.795755], [-48.071461, -21.79532], [-48.071244, -21.795174], [-48.071108, -21.795157], [-48.070907, -21.795324], [-48.070631, -21.795354], [-48.070288, -21.795101], [-48.069665, -21.794957], [-48.069376, -21.794674], [-48.069038, -21.794638], [-48.068505, -21.79389], [-48.067218, -21.792911], [-48.066741, -21.792657], [-48.066413, -21.793048], [-48.065907, -21.793273], [-48.066523, -21.793546], [-48.066941, -21.793859], [-48.067945, -21.79535], [-48.068925, -21.795439], [-48.06934, -21.795909], [-48.070021, -21.796011], [-48.07054, -21.796217], [-48.07264, -21.79739], [-48.073293, -21.797962], [-48.074355, -21.79964], [-48.074612, -21.799879], [-48.075221, -21.800078], [-48.075268, -21.801329], [-48.075139, -21.80177], [-48.074565, -21.802593], [-48.074225, -21.803965], [-48.074146, -21.804797], [-48.073956, -21.805296], [-48.073919, -21.805872], [-48.074033, -21.806523], [-48.074534, -21.806502], [-48.074521, -21.805967], [-48.074829, -21.804705], [-48.074821, -21.803827], [-48.074927, -21.803303], [-48.075076, -21.802864], [-48.075688, -21.801908]]], [[[-48.063185, -21.7921], [-48.062686, -21.791254], [-48.062377, -21.791288], [-48.061988, -21.791505], [-48.06169, -21.79153], [-48.061647, -21.792319], [-48.061342, -21.793513], [-48.061409, -21.794012], [-48.06165, -21.794032], [-48.061801, -21.793939], [-48.061945, -21.79246], [-48.062096, -21.79167], [-48.062246, -21.791398], [-48.062542, -21.791473], [-48.063046, -21.792188], [-48.064179, -21.792409], [-48.064854, -21.792759], [-48.064789, -21.792575], [-48.064563, -21.792339], [-48.063185, -21.7921]]], [[[-48.042007, -21.791223], [-48.041578, -21.792412], [-48.041031, -21.79291], [-48.039879, -21.79335], [-48.039397, -21.793298], [-48.038248, -21.792723], [-48.037662, -21.792829], [-48.036979, -21.79315], [-48.036415, -21.79324], [-48.035305, -21.793091], [-48.034679, -21.793163], [-48.034319, -21.793263], [-48.033616, -21.793663], [-48.03384, -21.794155], [-48.034161, -21.794266], [-48.035064, -21.794275], [-48.036017, -21.793875], [-48.036414, -21.794011], [-48.036558, -21.794282], [-48.03605, -21.794992], [-48.036014, -21.795333], [-48.036097, -21.795493], [-48.036399, -21.795561], [-48.037431, -21.794517], [-48.037991, -21.79421], [-48.040304, -21.793848], [-48.041861, -21.793201], [-48.042135, -21.792848], [-48.042351, -21.792311], [-48.042563, -21.791072], [-48.04341, -21.790344], [-48.044189, -21.790105], [-48.045823, -21.789983], [-48.046795, -21.789993], [-48.047126, -21.790096], [-48.047746, -21.789704], [-48.048212, -21.789064], [-48.048176, -21.788805], [-48.046973, -21.788292], [-48.046167, -21.788078], [-48.045579, -21.788107], [-48.044845, -21.788262], [-48.043609, -21.788996], [-48.042908, -21.789647], [-48.042007, -21.791223]]], [[[-48.056377, -21.783269], [-48.05563, -21.783027], [-48.055873, -21.783427], [-48.056873, -21.783681], [-48.056377, -21.783269]]], [[[-48.064767, -21.780201], [-48.06637, -21.780108], [-48.066507, -21.779784], [-48.06562, -21.779553], [-48.064126, -21.779777], [-48.061234, -21.782011], [-48.059338, -21.7833], [-48.058377, -21.78385], [-48.057932, -21.783881], [-48.058049, -21.783942], [-48.058747, -21.783835], [-48.05904, -21.783878], [-48.059112, -21.783932], [-48.059134, -21.784173], [-48.061185, -21.782398], [-48.061981, -21.781855], [-48.062503, -21.78173], [-48.062971, -21.781123], [-48.064033, -21.780458], [-48.064767, -21.780201]]], [[[-48.114112, -21.782269], [-48.114267, -21.782191], [-48.113194, -21.781965], [-48.113018, -21.781738], [-48.113111, -21.781408], [-48.113462, -21.781199], [-48.114705, -21.781745], [-48.115058, -21.781682], [-48.114997, -21.781456], [-48.114715, -21.781289], [-48.114202, -21.781143], [-48.113621, -21.780736], [-48.113241, -21.779982], [-48.112824, -21.779995], [-48.112562, -21.780106], [-48.112499, -21.780693], [-48.112152, -21.781272], [-48.112156, -21.781784], [-48.112289, -21.782082], [-48.11266, -21.782455], [-48.113962, -21.782568], [-48.114112, -21.782269]]], [[[-48.040521, -21.779677], [-48.039746, -21.779928], [-48.038804, -21.779867], [-48.036332, -21.780112], [-48.035189, -21.780073], [-48.034035, -21.779854], [-48.033965, -21.78009], [-48.034253, -21.780588], [-48.03464, -21.780666], [-48.038169, -21.780389], [-48.039557, -21.780646], [-48.040665, -21.780664], [-48.040918, -21.780635], [-48.042158, -21.780102], [-48.042466, -21.780166], [-48.042653, -21.780414], [-48.042819, -21.779306], [-48.042834, -21.77866], [-48.04297, -21.778333], [-48.042405, -21.779102], [-48.042079, -21.779355], [-48.040521, -21.779677]]], [[[-47.946722, -21.775236], [-47.946752, -21.774688], [-47.946337, -21.775322], [-47.945932, -21.777337], [-47.946024, -21.778545], [-47.946539, -21.779664], [-47.946878, -21.780732], [-47.9468, -21.781908], [-47.947169, -21.78322], [-47.947972, -21.784018], [-47.948055, -21.783851], [-47.947983, -21.783452], [-47.947347, -21.782126], [-47.947171, -21.781521], [-47.947162, -21.781168], [-47.947353, -21.780849], [-47.948337, -21.780609], [-47.948491, -21.780462], [-47.94858, -21.780152], [-47.948498, -21.779838], [-47.947874, -21.779272], [-47.946882, -21.778063], [-47.946356, -21.77716], [-47.946297, -21.776562], [-47.946722, -21.775236]]], [[[-47.984249, -21.762601], [-47.984752, -21.763126], [-47.984736, -21.764018], [-47.984608, -21.764236], [-47.986631, -21.766305], [-47.987327, -21.767407], [-47.9877, -21.768284], [-47.988478, -21.769754], [-47.98852, -21.770177], [-47.988222, -21.771669], [-47.988097, -21.772089], [-47.987687, -21.772705], [-47.987547, -21.773168], [-47.988027, -21.774514], [-47.986988, -21.776737], [-47.986929, -21.777471], [-47.987175, -21.778141], [-47.987057, -21.778349], [-47.98641, -21.778959], [-47.986161, -21.779425], [-47.985748, -21.781184], [-47.983464, -21.782644], [-47.982743, -21.783257], [-47.982333, -21.783494], [-47.981689, -21.783772], [-47.980962, -21.783865], [-47.979276, -21.78359], [-47.977973, -21.783098], [-47.977352, -21.783142], [-47.975614, -21.784258], [-47.97495, -21.784575], [-47.974203, -21.784815], [-47.973472, -21.784882], [-47.973239, -21.785072], [-47.973222, -21.785292], [-47.973335, -21.785653], [-47.973963, -21.786863], [-47.974034, -21.787791], [-47.974438, -21.788441], [-47.974553, -21.788792], [-47.974559, -21.789218], [-47.974115, -21.790293], [-47.973626, -21.792574], [-47.973802, -21.793424], [-47.974142, -21.793879], [-47.97519, -21.79437], [-47.975963, -21.79486], [-47.976162, -21.795168], [-47.976328, -21.795872], [-47.976247, -21.796136], [-47.975262, -21.796848], [-47.974809, -21.797915], [-47.973893, -21.798279], [-47.973692, -21.798839], [-47.973732, -21.79913], [-47.974064, -21.799852], [-47.973964, -21.800123], [-47.973314, -21.800912], [-47.972106, -21.801518], [-47.971872, -21.801718], [-47.97149, -21.802836], [-47.970867, -21.803582], [-47.970699, -21.804064], [-47.97087, -21.805276], [-47.970778, -21.806044], [-47.970673, -21.806259], [-47.970504, -21.806376], [-47.969615, -21.806312], [-47.971122, -21.807889], [-47.97141, -21.808423], [-47.971424, -21.808773], [-47.971179, -21.809377], [-47.97138, -21.810248], [-47.972029, -21.809268], [-47.972189, -21.808871], [-47.972233, -21.807737], [-47.972851, -21.807089], [-47.972802, -21.806821], [-47.972404, -21.806422], [-47.972268, -21.806097], [-47.972364, -21.805294], [-47.9728, -21.804471], [-47.974074, -21.80324], [-47.974261, -21.802519], [-47.974362, -21.801261], [-47.974512, -21.801001], [-47.9751, -21.800528], [-47.975314, -21.800228], [-47.975413, -21.799373], [-47.975294, -21.79878], [-47.975553, -21.797877], [-47.976034, -21.797227], [-47.977222, -21.796187], [-47.977436, -21.795664], [-47.977207, -21.794878], [-47.977503, -21.794621], [-47.977568, -21.794261], [-47.977121, -21.793867], [-47.977554, -21.79312], [-47.977971, -21.792791], [-47.977875, -21.792246], [-47.978251, -21.79216], [-47.978012, -21.79195], [-47.978346, -21.790973], [-47.978364, -21.789825], [-47.979066, -21.789106], [-47.979664, -21.787776], [-47.981093, -21.785155], [-47.981721, -21.784737], [-47.982552, -21.784406], [-47.982992, -21.784009], [-47.984738, -21.782949], [-47.985054, -21.78284], [-47.985807, -21.782938], [-47.986165, -21.782553], [-47.986252, -21.781632], [-47.986479, -21.781274], [-47.986812, -21.781255], [-47.987109, -21.781594], [-47.987266, -21.78193], [-47.987358, -21.783275], [-47.987992, -21.782764], [-47.988254, -21.782659], [-47.989232, -21.782632], [-47.989422, -21.782536], [-47.989478, -21.78244], [-47.989378, -21.781846], [-47.989147, -21.781373], [-47.989248, -21.781049], [-47.989736, -21.781004], [-47.989919, -21.780831], [-47.990115, -21.780447], [-47.990166, -21.779788], [-47.990778, -21.77831], [-47.990797, -21.776497], [-47.990882, -21.775676], [-47.991187, -21.775339], [-47.991788, -21.77503], [-47.992294, -21.774872], [-47.992338, -21.774612], [-47.99209, -21.774377], [-47.991506, -21.7742], [-47.991336, -21.77403], [-47.990835, -21.773841], [-47.990267, -21.773405], [-47.98984, -21.772844], [-47.990005, -21.771636], [-47.990159, -21.771279], [-47.990394, -21.771089], [-47.990531, -21.770658], [-47.990478, -21.769247], [-47.989425, -21.767831], [-47.988715, -21.76666], [-47.988416, -21.765944], [-47.988473, -21.76475], [-47.988204, -21.764571], [-47.98775, -21.764457], [-47.987488, -21.764251], [-47.987109, -21.763226], [-47.986971, -21.762464], [-47.986753, -21.762032], [-47.985524, -21.761015], [-47.982584, -21.75783], [-47.98132, -21.756333], [-47.980915, -21.755568], [-47.979925, -21.754127], [-47.979251, -21.753868], [-47.978954, -21.752969], [-47.978125, -21.751956], [-47.977519, -21.751412], [-47.976578, -21.751325], [-47.976284, -21.751223], [-47.975267, -21.749828], [-47.974712, -21.749215], [-47.974412, -21.748721], [-47.97373, -21.748337], [-47.97339, -21.747888], [-47.973218, -21.747826], [-47.972674, -21.747854], [-47.972314, -21.747723], [-47.972145, -21.747484], [-47.971978, -21.746483], [-47.971637, -21.74566], [-47.971609, -21.744889], [-47.971506, -21.744583], [-47.970955, -21.744153], [-47.970156, -21.743225], [-47.969221, -21.742773], [-47.967983, -21.742364], [-47.96754, -21.741743], [-47.966936, -21.74209], [-47.966304, -21.742614], [-47.96556, -21.743569], [-47.965001, -21.743992], [-47.964282, -21.744316], [-47.961652, -21.745154], [-47.959622, -21.746314], [-47.959499, -21.746892], [-47.959632, -21.747103], [-47.96017, -21.747089], [-47.960743, -21.746655], [-47.961223, -21.747112], [-47.961665, -21.7468], [-47.962272, -21.746736], [-47.962541, -21.746481], [-47.963105, -21.74619], [-47.963294, -21.746289], [-47.963544, -21.746696], [-47.964724, -21.746863], [-47.965127, -21.747495], [-47.965494, -21.747556], [-47.965762, -21.747306], [-47.966, -21.747536], [-47.966077, -21.748169], [-47.965953, -21.748461], [-47.96603, -21.748534], [-47.966642, -21.748903], [-47.96736, -21.749195], [-47.968362, -21.749445], [-47.969043, -21.749927], [-47.970022, -21.750205], [-47.97016, -21.749985], [-47.971137, -21.750543], [-47.971884, -21.751141], [-47.972045, -21.751747], [-47.972495, -21.752197], [-47.972634, -21.752465], [-47.973098, -21.75251], [-47.973988, -21.753281], [-47.974201, -21.753371], [-47.974621, -21.753387], [-47.974845, -21.753507], [-47.974952, -21.754341], [-47.975544, -21.754815], [-47.976017, -21.75472], [-47.97657, -21.755098], [-47.976847, -21.75491], [-47.976929, -21.754133], [-47.977155, -21.753982], [-47.977635, -21.754235], [-47.977934, -21.754123], [-47.978193, -21.754132], [-47.978482, -21.754327], [-47.979047, -21.754519], [-47.979469, -21.754934], [-47.979681, -21.755443], [-47.979987, -21.755845], [-47.980432, -21.75616], [-47.981072, -21.758583], [-47.980909, -21.759413], [-47.981851, -21.760134], [-47.982244, -21.760289], [-47.982806, -21.761043], [-47.983159, -21.761896], [-47.983849, -21.762075], [-47.984249, -21.762601]]], [[[-48.043614, -21.774077], [-48.043364, -21.774859], [-48.043466, -21.775318], [-48.04372, -21.774118], [-48.043697, -21.773432], [-48.044162, -21.773008], [-48.044381, -21.772046], [-48.044363, -21.771634], [-48.044105, -21.772769], [-48.043933, -21.77301], [-48.043596, -21.773215], [-48.043523, -21.773366], [-48.043614, -21.774077]]], [[[-48.045122, -21.770382], [-48.045292, -21.769411], [-48.045484, -21.768811], [-48.044517, -21.771], [-48.044416, -21.771409], [-48.044764, -21.770923], [-48.044897, -21.770574], [-48.045122, -21.770382]]], [[[-48.050933, -21.768203], [-48.051344, -21.768056], [-48.051409, -21.767849], [-48.051241, -21.767553], [-48.050568, -21.767469], [-48.049417, -21.767463], [-48.049237, -21.767386], [-48.049173, -21.767176], [-48.048612, -21.767585], [-48.048353, -21.767903], [-48.048258, -21.76816], [-48.048383, -21.768058], [-48.048801, -21.767988], [-48.050933, -21.768203]]], [[[-48.046374, -21.765086], [-48.046756, -21.765048], [-48.046778, -21.764537], [-48.046578, -21.76432], [-48.046101, -21.764337], [-48.045869, -21.764169], [-48.045955, -21.764712], [-48.046259, -21.764744], [-48.046193, -21.764948], [-48.046374, -21.765086]]], [[[-48.050811, -21.764686], [-48.050852, -21.764467], [-48.050671, -21.764395], [-48.049635, -21.764282], [-48.049505, -21.764617], [-48.049477, -21.764956], [-48.050083, -21.76477], [-48.050811, -21.764686]]], [[[-47.9473, -21.768338], [-47.947253, -21.766736], [-47.947306, -21.766339], [-47.947597, -21.765586], [-47.947865, -21.764514], [-47.948136, -21.763863], [-47.948902, -21.762893], [-47.949986, -21.761874], [-47.951908, -21.760578], [-47.953075, -21.759363], [-47.953854, -21.758053], [-47.954213, -21.75725], [-47.954446, -21.756488], [-47.954573, -21.755653], [-47.954765, -21.755237], [-47.955741, -21.754067], [-47.956329, -21.753181], [-47.956171, -21.752688], [-47.956569, -21.75223], [-47.956483, -21.752019], [-47.955973, -21.75199], [-47.955705, -21.752402], [-47.955148, -21.752324], [-47.954079, -21.752853], [-47.95336, -21.753626], [-47.952441, -21.754344], [-47.95228, -21.754758], [-47.95216, -21.755479], [-47.951547, -21.756118], [-47.951608, -21.756564], [-47.951528, -21.75699], [-47.951008, -21.758363], [-47.951128, -21.759767], [-47.951056, -21.760007], [-47.949947, -21.761106], [-47.9492, -21.762215], [-47.947777, -21.763447], [-47.947546, -21.763837], [-47.947367, -21.765265], [-47.946897, -21.766073], [-47.946669, -21.768208], [-47.946804, -21.768654], [-47.947145, -21.769242], [-47.94727, -21.769732], [-47.946943, -21.77114], [-47.946981, -21.771917], [-47.947169, -21.77286], [-47.946875, -21.773642], [-47.946803, -21.774553], [-47.947093, -21.773822], [-47.947199, -21.77323], [-47.947438, -21.772993], [-47.947985, -21.771693], [-47.947959, -21.770489], [-47.947649, -21.769831], [-47.9473, -21.768338]]], [[[-48.073404, -21.760435], [-48.075826, -21.763058], [-48.077199, -21.764817], [-48.07813, -21.765435], [-48.078926, -21.765793], [-48.079652, -21.765988], [-48.079298, -21.765519], [-48.0787, -21.765279], [-48.078495, -21.765295], [-48.07775, -21.764966], [-48.077667, -21.764571], [-48.077324, -21.764207], [-48.077222, -21.763934], [-48.076489, -21.763023], [-48.075667, -21.761676], [-48.074205, -21.759875], [-48.073996, -21.760168], [-48.073813, -21.76013], [-48.073712, -21.759699], [-48.073554, -21.759481], [-48.07287, -21.75927], [-48.072583, -21.758559], [-48.072365, -21.758413], [-48.071706, -21.758419], [-48.0722, -21.758896], [-48.072592, -21.759481], [-48.073404, -21.760435]]], [[[-48.04152, -21.755113], [-48.040893, -21.754033], [-48.040668, -21.753922], [-48.041553, -21.755562], [-48.04152, -21.755113]]], [[[-48.026297, -21.749678], [-48.02691, -21.750061], [-48.02725, -21.750399], [-48.027597, -21.751177], [-48.028489, -21.752517], [-48.029073, -21.75325], [-48.031103, -21.755339], [-48.031451, -21.755979], [-48.031896, -21.758129], [-48.03192, -21.759134], [-48.031589, -21.760848], [-48.03098, -21.762297], [-48.030895, -21.762667], [-48.031012, -21.762864], [-48.031193, -21.762846], [-48.031761, -21.76207], [-48.031879, -21.761342], [-48.032238, -21.760786], [-48.032397, -21.760033], [-48.03252, -21.758939], [-48.032589, -21.756827], [-48.032449, -21.755992], [-48.032058, -21.755098], [-48.029809, -21.752722], [-48.029027, -21.751655], [-48.027944, -21.749602], [-48.027309, -21.748905], [-48.027004, -21.748299], [-48.026151, -21.747152], [-48.026026, -21.746809], [-48.025984, -21.745896], [-48.026149, -21.745644], [-48.026761, -21.745231], [-48.026937, -21.744889], [-48.026916, -21.743792], [-48.026686, -21.743757], [-48.02591, -21.743367], [-48.025935, -21.743906], [-48.026183, -21.744791], [-48.026125, -21.744953], [-48.025771, -21.745259], [-48.025354, -21.74582], [-48.025041, -21.747958], [-48.025173, -21.748135], [-48.02576, -21.748506], [-48.025915, -21.749335], [-48.026297, -21.749678]]], [[[-47.956784, -21.75002], [-47.956132, -21.751485], [-47.956509, -21.751654], [-47.956743, -21.751622], [-47.95709, -21.751166], [-47.957882, -21.74964], [-47.959158, -21.748152], [-47.95925, -21.747932], [-47.959084, -21.747308], [-47.959325, -21.746669], [-47.959278, -21.746578], [-47.958995, -21.747014], [-47.958661, -21.747309], [-47.958307, -21.747891], [-47.957644, -21.748543], [-47.956784, -21.75002]]]]}, {"type": "Point", "coordinates": [-48.244929, -21.755902]}]}, "properties": {"id": "SUSC-INUNDACAO-MÉDIA", "process": "Inundação", "level": "Média", "level_order": 2, "level_label": "Suscetibilidade média a inundação", "plain_language": "Terreno de transição entre a planície e as partes altas: pode alagar em chuvas fortes.", "area_km2": 22.140236, "year": 2021, "executor": "SGB-CPRM", "project": "Cartas de Suscetibilidade a Movimentos Gravitacionais de Massa e Inundações. Tema: Inundação.", "terrain_note": "Terrenos baixos. Localizam-se em em área intermediária a drenagem ou em médio e alto curso de rio", "source": "SGB-CPRM · Carta de Suscetibilidade", "source_url": "https://www.sgb.gov.br/sao-paulo-cartografia-de-suscetibilidade", "layer_role": "leitura territorial; não altera o IECE"}}, {"type": "Feature", "geometry": {"type": "GeometryCollection", "geometries": [{"type": "MultiPolygon", "coordinates": [[[[-48.39335742718447, -21.857917815533977], [-48.39335182323233, -21.857923737373728], [-48.393359, -21.857917], [-48.39335742718447, -21.857917815533977]]], [[[-48.392266, -21.857944], [-48.391942, -21.857826], [-48.390628, -21.857701], [-48.390294, -21.857445], [-48.38988, -21.85738], [-48.389749, -21.857218], [-48.389656, -21.856765], [-48.389444, -21.856532], [-48.389112, -21.85645], [-48.388375, -21.856547], [-48.387885, -21.856468], [-48.387505, -21.8563], [-48.386942, -21.855646], [-48.386549, -21.855367], [-48.386172, -21.85532], [-48.385032, -21.855451], [-48.384084, -21.855448], [-48.38596, -21.855581], [-48.387551, -21.856419], [-48.388828, -21.856639], [-48.38951, -21.857281], [-48.390478, -21.857699], [-48.391368, -21.857842], [-48.392162, -21.858305], [-48.392524, -21.858367], [-48.392997, -21.858227], [-48.393083, -21.858187], [-48.39335182323233, -21.857923737373728], [-48.393065, -21.858193], [-48.392712, -21.858296], [-48.392468, -21.85821], [-48.392266, -21.857944]]], [[[-48.382807, -21.855183], [-48.383469, -21.855424], [-48.382724, -21.854645], [-48.382374, -21.854488], [-48.381375, -21.854625], [-48.381874, -21.854635], [-48.382807, -21.855183]]], [[[-48.377572, -21.854414], [-48.378227, -21.854562], [-48.379464, -21.854275], [-48.380869, -21.854621], [-48.381236, -21.854625], [-48.380159, -21.853973], [-48.379805, -21.854029], [-48.379438, -21.854266], [-48.378509, -21.854478], [-48.378154, -21.854422], [-48.377653, -21.854078], [-48.376607, -21.852925], [-48.376384, -21.852908], [-48.376301, -21.853303], [-48.376227, -21.85328], [-48.376176, -21.85332], [-48.376672, -21.853432], [-48.377182, -21.85411], [-48.377572, -21.854414]]], [[[-48.345592, -21.772623], [-48.345574, -21.772685], [-48.345611, -21.77274], [-48.345592, -21.772623]]], [[[-48.34591, -21.772486], [-48.346561, -21.771645], [-48.345635, -21.772767], [-48.34591, -21.772486]]], [[[-48.293592, -21.771613], [-48.293751, -21.771358], [-48.293772, -21.771298], [-48.293592, -21.771613]]], [[[-48.345554, -21.771411], [-48.345483, -21.771462], [-48.345687, -21.77138], [-48.345554, -21.771411]]], [[[-48.345861, -21.771297], [-48.345811, -21.771329], [-48.346306, -21.770992], [-48.345861, -21.771297]]], [[[-48.292753, -21.770928], [-48.293019, -21.77102], [-48.293301, -21.77108], [-48.293768, -21.771286], [-48.293536, -21.771126], [-48.292846, -21.770957], [-48.29254, -21.77073], [-48.292753, -21.770928]]], [[[-48.347298, -21.770668], [-48.347239, -21.770752], [-48.346841, -21.771286], [-48.347242, -21.770754], [-48.347298, -21.770668]]], [[[-48.346537, -21.770821], [-48.346538, -21.770821], [-48.34653966887418, -21.770819152317873], [-48.346537, -21.770821]]], [[[-48.346566, -21.77079], [-48.34653966887418, -21.770819152317873], [-48.346624, -21.770724], [-48.346566, -21.77079]]], [[[-48.347157, -21.770325], [-48.347343, -21.770507], [-48.347346, -21.770586], [-48.347354, -21.770509], [-48.347172, -21.770315], [-48.347137, -21.770309], [-48.347033, -21.770338], [-48.346911, -21.7704], [-48.347157, -21.770325]]], [[[-48.324983, -21.754809], [-48.325008, -21.754816], [-48.324963, -21.754797], [-48.324983, -21.754809]]], [[[-48.325263, -21.754495], [-48.325265, -21.754404], [-48.325237, -21.754031], [-48.324932, -21.753353], [-48.324777, -21.752677], [-48.324745, -21.752175], [-48.324877, -21.751642], [-48.324886, -21.75157], [-48.324836, -21.751531], [-48.324704, -21.751495], [-48.324672, -21.751545], [-48.324861, -21.751565], [-48.324736, -21.75217], [-48.324756, -21.752677], [-48.324954, -21.753471], [-48.325198, -21.75402], [-48.325263, -21.754424], [-48.325191, -21.754785], [-48.325263, -21.754495]]], [[[-48.323344, -21.752592], [-48.323301, -21.752556], [-48.323354, -21.752604], [-48.323344, -21.752592]]], [[[-48.324002, -21.752181], [-48.322982, -21.752056], [-48.322883, -21.75208], [-48.323661, -21.752207], [-48.323934, -21.752209], [-48.324002, -21.752181]]], [[[-48.324293, -21.752006], [-48.324211, -21.752028], [-48.324103, -21.752139], [-48.324293, -21.752006]]], [[[-48.305545, -21.747663], [-48.305554, -21.747644], [-48.305459, -21.747662], [-48.305545, -21.747663]]], [[[-48.305595, -21.747562], [-48.305895, -21.746741], [-48.305909, -21.74668], [-48.305595, -21.747562]]], [[[-48.303731, -21.74646], [-48.303734, -21.746507], [-48.30375, -21.74646], [-48.303731, -21.74646]]], [[[-48.304125, -21.689987], [-48.303878, -21.690505], [-48.303016, -21.690489], [-48.302178, -21.690994], [-48.301901, -21.690869], [-48.301559, -21.690936], [-48.301246, -21.690834], [-48.300668, -21.690926], [-48.300154, -21.690897], [-48.299934, -21.691104], [-48.299926, -21.691334], [-48.300063, -21.691537], [-48.300357, -21.691743], [-48.300788, -21.691573], [-48.303757, -21.69087], [-48.304581, -21.690767], [-48.305565, -21.690827], [-48.307442, -21.691489], [-48.308152, -21.691571], [-48.308722, -21.691437], [-48.309367, -21.691061], [-48.309696, -21.691061], [-48.309923, -21.691725], [-48.310026, -21.691823], [-48.310356, -21.691872], [-48.310831, -21.691582], [-48.311135, -21.691499], [-48.311955, -21.691945], [-48.312386, -21.691952], [-48.313784, -21.691315], [-48.314445, -21.69113], [-48.315044, -21.691152], [-48.316552, -21.691456], [-48.317839, -21.691864], [-48.31894, -21.692866], [-48.31927, -21.693031], [-48.321092, -21.693206], [-48.321475, -21.693289], [-48.321864, -21.693485], [-48.323021, -21.694518], [-48.324394, -21.695986], [-48.324552, -21.696299], [-48.324775, -21.697187], [-48.325142, -21.697612], [-48.325929, -21.697711], [-48.326761, -21.698046], [-48.327294, -21.69811], [-48.328772, -21.697665], [-48.329366, -21.697849], [-48.329837, -21.698585], [-48.330391, -21.698754], [-48.330875, -21.6988], [-48.331331, -21.698744], [-48.330814, -21.6973], [-48.329881, -21.69744], [-48.328131, -21.697006], [-48.326332, -21.697192], [-48.325547, -21.697082], [-48.325272, -21.696871], [-48.324643, -21.695771], [-48.323142, -21.693774], [-48.322491, -21.693182], [-48.321559, -21.692687], [-48.320613, -21.692434], [-48.319618, -21.692299], [-48.319131, -21.692114], [-48.317544, -21.691015], [-48.316805, -21.690717], [-48.314462, -21.690471], [-48.312209, -21.690516], [-48.309599, -21.69083], [-48.306033, -21.690591], [-48.305144, -21.690311], [-48.304725, -21.689836], [-48.304633, -21.688721], [-48.304501, -21.688359], [-48.303669, -21.687434], [-48.303498, -21.686711], [-48.302413, -21.685096], [-48.302509, -21.685606], [-48.302303, -21.685979], [-48.302344, -21.686146], [-48.303124, -21.687098], [-48.303906, -21.688755], [-48.304117, -21.688973], [-48.304226, -21.68927], [-48.304015, -21.689733], [-48.304125, -21.689987]]], [[[-48.302137, -21.684636], [-48.302367, -21.68496], [-48.302813, -21.683919], [-48.302694, -21.683168], [-48.302829, -21.682486], [-48.302804, -21.681805], [-48.302911, -21.680928], [-48.302357, -21.68031], [-48.302553, -21.680988], [-48.302736, -21.681244], [-48.302565, -21.681419], [-48.302372, -21.682124], [-48.301934, -21.682289], [-48.301832, -21.682559], [-48.302121, -21.682914], [-48.30218, -21.683499], [-48.302347, -21.683995], [-48.302137, -21.684636]]], [[[-48.241972, -21.897686], [-48.241746, -21.897635], [-48.241664, -21.897226], [-48.241312, -21.897373], [-48.241221, -21.897633], [-48.241168, -21.898343], [-48.241605, -21.897863], [-48.241721, -21.898347], [-48.241671, -21.899035], [-48.241845, -21.899478], [-48.24189, -21.899333], [-48.242003, -21.899287], [-48.242438, -21.899588], [-48.242841, -21.899554], [-48.242477, -21.898909], [-48.242106, -21.898636], [-48.242058, -21.898523], [-48.242527, -21.898265], [-48.242532, -21.897672], [-48.242768, -21.897246], [-48.242588, -21.897401], [-48.242369, -21.89732], [-48.242238, -21.897357], [-48.241972, -21.897686]]], [[[-48.244817, -21.893063], [-48.244429, -21.892928], [-48.244207, -21.893037], [-48.24401, -21.893674], [-48.24411, -21.894357], [-48.243196, -21.8948], [-48.24231, -21.894684], [-48.241381, -21.894887], [-48.240998, -21.895098], [-48.24097, -21.895185], [-48.241539, -21.895301], [-48.242773, -21.895203], [-48.243254, -21.895606], [-48.243335, -21.896113], [-48.24291, -21.896831], [-48.242818, -21.897157], [-48.243477, -21.897216], [-48.243746, -21.89628], [-48.243938, -21.896216], [-48.244261, -21.896519], [-48.243916, -21.896929], [-48.243875, -21.897189], [-48.244487, -21.897177], [-48.244713, -21.897042], [-48.244861, -21.896346], [-48.244666, -21.895979], [-48.244982, -21.895026], [-48.244957, -21.89407], [-48.2451, -21.893896], [-48.245301, -21.893999], [-48.245406, -21.894835], [-48.245747, -21.89481], [-48.24608, -21.894402], [-48.245948, -21.893823], [-48.246173, -21.893552], [-48.246322, -21.893514], [-48.246169, -21.893084], [-48.244817, -21.893063]]], [[[-48.254674, -21.890882], [-48.25516, -21.89083], [-48.256207, -21.890022], [-48.256417, -21.889108], [-48.256646, -21.888987], [-48.257482, -21.889317], [-48.257567, -21.889507], [-48.257534, -21.889981], [-48.257647, -21.890171], [-48.258086, -21.890301], [-48.258329, -21.890222], [-48.25843, -21.890099], [-48.258285, -21.889426], [-48.258742, -21.888588], [-48.258502, -21.888485], [-48.257891, -21.88857], [-48.257768, -21.88843], [-48.25774, -21.888243], [-48.258112, -21.887769], [-48.258231, -21.887276], [-48.258509, -21.886845], [-48.258483, -21.885757], [-48.257954, -21.885501], [-48.257915, -21.885375], [-48.258217, -21.884702], [-48.258202, -21.884281], [-48.25839, -21.883811], [-48.25831, -21.883628], [-48.258033, -21.883447], [-48.258002, -21.883335], [-48.258384, -21.882955], [-48.258305, -21.88273], [-48.257612, -21.882608], [-48.257579, -21.882391], [-48.25781, -21.882219], [-48.258972, -21.882195], [-48.259296, -21.882013], [-48.259286, -21.88159], [-48.25898, -21.881156], [-48.258975, -21.880892], [-48.259109, -21.880547], [-48.259496, -21.880458], [-48.259652, -21.880902], [-48.259794, -21.880944], [-48.260175, -21.880599], [-48.260249, -21.880216], [-48.260169, -21.879579], [-48.260377, -21.879428], [-48.26104, -21.87934], [-48.261216, -21.879223], [-48.261391, -21.878951], [-48.261543, -21.878092], [-48.261609, -21.877091], [-48.2618, -21.876825], [-48.262324, -21.87646], [-48.262364, -21.876328], [-48.262283, -21.875958], [-48.262365, -21.875269], [-48.261569, -21.874405], [-48.261498, -21.874228], [-48.261592, -21.873909], [-48.261254, -21.873904], [-48.261092, -21.874351], [-48.260812, -21.874548], [-48.259665, -21.874554], [-48.259395, -21.874734], [-48.259261, -21.875036], [-48.259223, -21.875463], [-48.259335, -21.875974], [-48.2601, -21.876462], [-48.260304, -21.876857], [-48.260273, -21.877365], [-48.259899, -21.878248], [-48.259736, -21.87833], [-48.259226, -21.878366], [-48.25896, -21.878507], [-48.258336, -21.879307], [-48.25771, -21.879712], [-48.257596, -21.88012], [-48.257043, -21.880197], [-48.25689, -21.880437], [-48.256049, -21.880913], [-48.255797, -21.881251], [-48.255545, -21.881434], [-48.254508, -21.881763], [-48.254569, -21.882097], [-48.254839, -21.882224], [-48.255328, -21.882676], [-48.256091, -21.88298], [-48.25627, -21.88321], [-48.256677, -21.884639], [-48.257126, -21.885473], [-48.25706, -21.885773], [-48.256701, -21.885896], [-48.255562, -21.885783], [-48.254927, -21.886488], [-48.254783, -21.886551], [-48.253625, -21.885963], [-48.253653, -21.886238], [-48.253383, -21.886445], [-48.252595, -21.886568], [-48.25223, -21.887037], [-48.251751, -21.887073], [-48.251928, -21.887346], [-48.251833, -21.887713], [-48.251869, -21.88802], [-48.251996, -21.88823], [-48.251927, -21.888497], [-48.251431, -21.888465], [-48.251297, -21.889126], [-48.250704, -21.889206], [-48.250497, -21.889794], [-48.249955, -21.89014], [-48.249626, -21.890665], [-48.249729, -21.891132], [-48.249661, -21.891545], [-48.249242, -21.891818], [-48.249233, -21.892302], [-48.24878, -21.892462], [-48.248462, -21.892937], [-48.248053, -21.892961], [-48.247651, -21.892835], [-48.247372, -21.892942], [-48.24714, -21.893754], [-48.247554, -21.89382], [-48.24824, -21.894207], [-48.248601, -21.894316], [-48.249637, -21.894159], [-48.250327, -21.894251], [-48.250822, -21.894224], [-48.251337, -21.894091], [-48.25174, -21.893705], [-48.252311, -21.893769], [-48.252451, -21.893721], [-48.252851, -21.893171], [-48.253284, -21.892842], [-48.253588, -21.892873], [-48.254024, -21.893228], [-48.254425, -21.893161], [-48.25456, -21.892668], [-48.254486, -21.892097], [-48.254746, -21.891742], [-48.254745, -21.891453], [-48.254609, -21.891277], [-48.253573, -21.891025], [-48.253417, -21.890899], [-48.25339, -21.890653], [-48.253787, -21.890518], [-48.254674, -21.890882]]], [[[-48.34219, -21.850139], [-48.341807, -21.849865], [-48.341354, -21.849679], [-48.339994, -21.849546], [-48.339666, -21.849248], [-48.339581, -21.849039], [-48.339698, -21.848333], [-48.339566, -21.847902], [-48.339297, -21.847627], [-48.338738, -21.847293], [-48.338552, -21.847092], [-48.3385, -21.846869], [-48.338166, -21.846593], [-48.337807, -21.846481], [-48.33731, -21.846538], [-48.336859, -21.846707], [-48.336791, -21.847185], [-48.335997, -21.84886], [-48.335922, -21.849802], [-48.335795, -21.850132], [-48.335498, -21.850502], [-48.334943, -21.850964], [-48.333967, -21.851445], [-48.330206, -21.852909], [-48.329966, -21.853155], [-48.329937, -21.853591], [-48.330126, -21.853735], [-48.331303, -21.853827], [-48.331952, -21.854093], [-48.332079, -21.854441], [-48.331952, -21.85489], [-48.331701, -21.855259], [-48.330149, -21.856018], [-48.329653, -21.856133], [-48.328938, -21.856081], [-48.327247, -21.855711], [-48.326532, -21.855313], [-48.326174, -21.854983], [-48.325846, -21.853592], [-48.325696, -21.853401], [-48.325402, -21.853255], [-48.324683, -21.853302], [-48.324218, -21.853704], [-48.32385, -21.853836], [-48.323297, -21.853853], [-48.322903, -21.853711], [-48.322704, -21.853511], [-48.322676, -21.852852], [-48.322496, -21.852629], [-48.321987, -21.852275], [-48.321927, -21.85103], [-48.321241, -21.850628], [-48.320842, -21.850286], [-48.320497, -21.84956], [-48.320241, -21.847831], [-48.319603, -21.846216], [-48.319417, -21.845551], [-48.319111, -21.845336], [-48.318676, -21.845269], [-48.318312, -21.845349], [-48.317985, -21.845638], [-48.317986, -21.846011], [-48.318452, -21.846681], [-48.319127, -21.847396], [-48.319193, -21.848031], [-48.319463, -21.848588], [-48.319559, -21.849262], [-48.319497, -21.84954], [-48.319709, -21.849631], [-48.319876, -21.849951], [-48.319738, -21.850165], [-48.319846, -21.85037], [-48.319694, -21.85081], [-48.319507, -21.850926], [-48.319266, -21.850893], [-48.318995, -21.850525], [-48.31858, -21.850625], [-48.317366, -21.85064], [-48.316812, -21.850495], [-48.316198, -21.850118], [-48.315824, -21.850492], [-48.315626, -21.85057], [-48.315209, -21.850376], [-48.315188, -21.849831], [-48.314762, -21.849763], [-48.313941, -21.849825], [-48.313008, -21.850066], [-48.312916, -21.850264], [-48.312384, -21.850282], [-48.311937, -21.849966], [-48.311315, -21.849825], [-48.310886, -21.849609], [-48.309772, -21.849447], [-48.309162, -21.848941], [-48.309031, -21.848963], [-48.30903, -21.849381], [-48.308893, -21.849571], [-48.308377, -21.849391], [-48.307841, -21.849077], [-48.307404, -21.849152], [-48.306339, -21.848895], [-48.305673, -21.848438], [-48.305232, -21.847933], [-48.304209, -21.847387], [-48.304009, -21.846933], [-48.303049, -21.846848], [-48.302663, -21.846951], [-48.30237, -21.846935], [-48.301462, -21.846679], [-48.300934, -21.846338], [-48.300478, -21.846271], [-48.300181, -21.846122], [-48.299932, -21.845808], [-48.299003, -21.845056], [-48.295778, -21.844017], [-48.295487, -21.843727], [-48.29535, -21.843428], [-48.295445, -21.843008], [-48.295184, -21.842801], [-48.294775, -21.842636], [-48.293642, -21.842416], [-48.292253, -21.84228], [-48.291607, -21.842269], [-48.291172, -21.84235], [-48.290833, -21.842119], [-48.29024, -21.840896], [-48.288867, -21.840139], [-48.288755, -21.839804], [-48.289, -21.839171], [-48.288794, -21.838916], [-48.288057, -21.838841], [-48.287357, -21.838587], [-48.287519, -21.838958], [-48.287375, -21.839238], [-48.287162, -21.8394], [-48.286904, -21.83937], [-48.286706, -21.839132], [-48.286763, -21.838852], [-48.286958, -21.838762], [-48.286924, -21.83849], [-48.286342, -21.838616], [-48.285862, -21.839433], [-48.285226, -21.839389], [-48.284713, -21.8392], [-48.284355, -21.839258], [-48.284044, -21.839977], [-48.283933, -21.841287], [-48.283632, -21.841622], [-48.283268, -21.841597], [-48.283043, -21.841424], [-48.28252, -21.84019], [-48.282216, -21.84012], [-48.28194, -21.839936], [-48.281671, -21.839488], [-48.281442, -21.839303], [-48.281181, -21.839389], [-48.280614, -21.840215], [-48.280351, -21.840414], [-48.280234, -21.840405], [-48.280039, -21.840324], [-48.279787, -21.840001], [-48.279064, -21.838613], [-48.278522, -21.83823], [-48.277284, -21.837668], [-48.276233, -21.836909], [-48.275795, -21.836456], [-48.275669, -21.836505], [-48.275583, -21.836867], [-48.275876, -21.837218], [-48.275883, -21.837322], [-48.275495, -21.837368], [-48.275199, -21.837179], [-48.274948, -21.836548], [-48.275514, -21.836256], [-48.275562, -21.835822], [-48.275091, -21.834841], [-48.274231, -21.83407], [-48.27411, -21.833875], [-48.273932, -21.832724], [-48.273644, -21.832559], [-48.273325, -21.832895], [-48.273278, -21.833627], [-48.273368, -21.834041], [-48.273183, -21.83417], [-48.272934, -21.834207], [-48.272118, -21.833849], [-48.271857, -21.833468], [-48.271888, -21.832526], [-48.272553, -21.832219], [-48.272503, -21.831617], [-48.271745, -21.831008], [-48.270867, -21.82897], [-48.270461, -21.828705], [-48.270386, -21.828513], [-48.269999, -21.828407], [-48.269082, -21.828446], [-48.26894, -21.82864], [-48.268648, -21.828617], [-48.268219, -21.82809], [-48.267284, -21.825999], [-48.266874, -21.825396], [-48.266617, -21.825302], [-48.266194, -21.825354], [-48.265438, -21.82563], [-48.264538, -21.8254], [-48.264248, -21.825127], [-48.263988, -21.824571], [-48.264022, -21.824093], [-48.264178, -21.823708], [-48.264846, -21.823004], [-48.264887, -21.822825], [-48.264649, -21.822586], [-48.263641, -21.822249], [-48.262721, -21.822337], [-48.262864, -21.822578], [-48.263348, -21.822982], [-48.263438, -21.823245], [-48.26327, -21.823651], [-48.262753, -21.82435], [-48.262141, -21.824706], [-48.261962, -21.824747], [-48.26178, -21.824682], [-48.26104, -21.823908], [-48.260808, -21.823795], [-48.260732, -21.823984], [-48.260996, -21.824368], [-48.261046, -21.824607], [-48.260985, -21.824701], [-48.260518, -21.824454], [-48.259725, -21.8244], [-48.259335, -21.825032], [-48.259162, -21.82513], [-48.258478, -21.82498], [-48.258396, -21.824605], [-48.25832, -21.825009], [-48.257733, -21.825286], [-48.257053, -21.825097], [-48.256879, -21.824778], [-48.256623, -21.824681], [-48.256203, -21.824318], [-48.255668, -21.824377], [-48.255467, -21.824329], [-48.255291, -21.824163], [-48.255285, -21.823635], [-48.255102, -21.823171], [-48.25491, -21.822888], [-48.254415, -21.82261], [-48.253952, -21.822632], [-48.253787, -21.82275], [-48.252944, -21.823002], [-48.252031, -21.822273], [-48.251568, -21.822077], [-48.250788, -21.822017], [-48.250113, -21.822099], [-48.249619, -21.821725], [-48.249282, -21.821607], [-48.248927, -21.821532], [-48.248489, -21.821654], [-48.247883, -21.821253], [-48.247572, -21.820776], [-48.24602, -21.820112], [-48.245624, -21.820009], [-48.2447, -21.820146], [-48.24358, -21.81961], [-48.242532, -21.819552], [-48.242403, -21.819294], [-48.242444, -21.818479], [-48.242272, -21.818238], [-48.241886, -21.818046], [-48.241723, -21.818033], [-48.241469, -21.818335], [-48.241177, -21.818472], [-48.240173, -21.818319], [-48.239986, -21.818477], [-48.239826, -21.818953], [-48.239471, -21.818951], [-48.239145, -21.818661], [-48.238283, -21.81868], [-48.238044, -21.819029], [-48.237235, -21.819484], [-48.236553, -21.819074], [-48.236155, -21.818954], [-48.235468, -21.81826], [-48.235045, -21.818028], [-48.234719, -21.817989], [-48.234015, -21.818126], [-48.233599, -21.817974], [-48.233401, -21.81774], [-48.233369, -21.817496], [-48.233022, -21.817267], [-48.232707, -21.81722], [-48.232515, -21.817324], [-48.232487, -21.817865], [-48.232279, -21.817913], [-48.232026, -21.817823], [-48.231731, -21.817513], [-48.231415, -21.816669], [-48.230876, -21.816745], [-48.230422, -21.816647], [-48.230074, -21.816503], [-48.229876, -21.816289], [-48.22958, -21.815673], [-48.229534, -21.815397], [-48.22995, -21.814953], [-48.229918, -21.814661], [-48.229687, -21.814393], [-48.229466, -21.814267], [-48.229034, -21.814187], [-48.229021, -21.814528], [-48.228936, -21.814777], [-48.228704, -21.814895], [-48.228766, -21.815127], [-48.228521, -21.815443], [-48.22847, -21.815879], [-48.22885, -21.817051], [-48.229236, -21.817509], [-48.22961, -21.817603], [-48.230051, -21.817557], [-48.230692, -21.817192], [-48.231006, -21.817242], [-48.231372, -21.817501], [-48.231914, -21.818196], [-48.2328, -21.818433], [-48.233468, -21.81844], [-48.234078, -21.818805], [-48.234397, -21.819277], [-48.234752, -21.819563], [-48.23532, -21.819868], [-48.236456, -21.819942], [-48.237618, -21.820228], [-48.238488, -21.820026], [-48.239242, -21.820145], [-48.239759, -21.82001], [-48.240037, -21.820206], [-48.240249, -21.820933], [-48.240403, -21.821099], [-48.24178, -21.821969], [-48.242134, -21.822017], [-48.242463, -21.821954], [-48.242803, -21.822231], [-48.243078, -21.822645], [-48.243879, -21.822343], [-48.244347, -21.822573], [-48.245347, -21.822505], [-48.246805, -21.822692], [-48.247761, -21.822679], [-48.248108, -21.822768], [-48.249263, -21.823386], [-48.250813, -21.823874], [-48.251443, -21.824153], [-48.252084, -21.824581], [-48.252908, -21.825281], [-48.254658, -21.826411], [-48.255886, -21.82741], [-48.256476, -21.827649], [-48.257102, -21.827722], [-48.258857, -21.827581], [-48.259413, -21.827712], [-48.260325, -21.828317], [-48.261051, -21.828653], [-48.262853, -21.829223], [-48.264045, -21.829511], [-48.264719, -21.829817], [-48.266034, -21.830739], [-48.266301, -21.832039], [-48.266891, -21.832769], [-48.267722, -21.833455], [-48.268447, -21.833837], [-48.268659, -21.833896], [-48.268987, -21.833611], [-48.269241, -21.833653], [-48.269411, -21.83379], [-48.269743, -21.83437], [-48.270246, -21.834522], [-48.27066, -21.834754], [-48.270712, -21.835079], [-48.270653, -21.835205], [-48.270531, -21.83533], [-48.270073, -21.835516], [-48.269949, -21.835673], [-48.269925, -21.835937], [-48.270126, -21.836392], [-48.271151, -21.837318], [-48.272706, -21.838339], [-48.273611, -21.839481], [-48.274675, -21.840422], [-48.27615, -21.841351], [-48.277677, -21.842036], [-48.278557, -21.84285], [-48.279293, -21.843252], [-48.279859, -21.843406], [-48.2809, -21.843492], [-48.282371, -21.843854], [-48.283448, -21.843916], [-48.284149, -21.843707], [-48.284744, -21.843708], [-48.2851, -21.843893], [-48.285399, -21.844336], [-48.285801, -21.844498], [-48.286582, -21.844634], [-48.287071, -21.844438], [-48.287578, -21.844555], [-48.287669, -21.844807], [-48.287521, -21.845215], [-48.287708, -21.845455], [-48.287933, -21.845436], [-48.288183, -21.845256], [-48.288859, -21.84522], [-48.289147, -21.844954], [-48.2894, -21.844886], [-48.289973, -21.845023], [-48.290629, -21.845319], [-48.291182, -21.846016], [-48.291424, -21.846157], [-48.291937, -21.846251], [-48.292442, -21.846156], [-48.292887, -21.845774], [-48.294783, -21.846039], [-48.296043, -21.845775], [-48.296585, -21.845859], [-48.297337, -21.846329], [-48.298951, -21.846832], [-48.301309, -21.847892], [-48.302274, -21.848164], [-48.302999, -21.84848], [-48.306241, -21.850546], [-48.309444, -21.851271], [-48.312049, -21.852139], [-48.312973, -21.852205], [-48.314694, -21.851914], [-48.315951, -21.851832], [-48.318233, -21.852097], [-48.31964, -21.852372], [-48.320541, -21.852724], [-48.320996, -21.853061], [-48.321595, -21.854183], [-48.322352, -21.854913], [-48.322722, -21.854885], [-48.32351, -21.85451], [-48.323925, -21.854574], [-48.324192, -21.85477], [-48.324529, -21.855354], [-48.324784, -21.856428], [-48.32504, -21.85676], [-48.325489, -21.857061], [-48.327331, -21.857853], [-48.328235, -21.857816], [-48.328614, -21.857942], [-48.328925, -21.858258], [-48.329137, -21.858658], [-48.329162, -21.859055], [-48.329085, -21.859415], [-48.32892, -21.859586], [-48.328702, -21.859594], [-48.328448, -21.85952], [-48.32817, -21.859272], [-48.327617, -21.859154], [-48.325718, -21.859013], [-48.323667, -21.858499], [-48.322777, -21.85837], [-48.321953, -21.858432], [-48.320742, -21.858758], [-48.320275, -21.859051], [-48.319294, -21.860035], [-48.318366, -21.860792], [-48.317319, -21.861377], [-48.317055, -21.861765], [-48.316728, -21.86328], [-48.316426, -21.863684], [-48.316067, -21.863899], [-48.315721, -21.863987], [-48.313621, -21.864018], [-48.313025, -21.864252], [-48.312443, -21.864642], [-48.312202, -21.86492], [-48.31217, -21.86523], [-48.312285, -21.865474], [-48.312797, -21.865787], [-48.313361, -21.865742], [-48.314013, -21.865324], [-48.314515, -21.865402], [-48.314668, -21.865549], [-48.314761, -21.865832], [-48.314675, -21.866206], [-48.314448, -21.866479], [-48.31394, -21.866629], [-48.312855, -21.866665], [-48.31196, -21.866952], [-48.311531, -21.866945], [-48.311145, -21.866694], [-48.311017, -21.866835], [-48.310881, -21.867279], [-48.310589, -21.867488], [-48.309197, -21.867653], [-48.308868, -21.867793], [-48.308514, -21.868003], [-48.308327, -21.868576], [-48.308108, -21.868885], [-48.307743, -21.86915], [-48.307014, -21.869442], [-48.306277, -21.869578], [-48.305774, -21.869973], [-48.305385, -21.869954], [-48.304789, -21.869712], [-48.303663, -21.869447], [-48.302462, -21.86932], [-48.302032, -21.868982], [-48.301842, -21.868185], [-48.30155, -21.867849], [-48.301108, -21.867776], [-48.300485, -21.867985], [-48.300159, -21.867876], [-48.299916, -21.867627], [-48.299373, -21.866782], [-48.297454, -21.865116], [-48.297394, -21.864838], [-48.297739, -21.86459], [-48.297654, -21.864468], [-48.296723, -21.864282], [-48.296391, -21.864445], [-48.295922, -21.86443], [-48.295268, -21.864016], [-48.295089, -21.864029], [-48.294668, -21.864279], [-48.292843, -21.864166], [-48.292603, -21.863962], [-48.292085, -21.863037], [-48.291716, -21.862774], [-48.291276, -21.862696], [-48.290726, -21.862843], [-48.290255, -21.8634], [-48.289996, -21.863526], [-48.289062, -21.863423], [-48.288755, -21.863505], [-48.288378, -21.864037], [-48.288085, -21.864004], [-48.287829, -21.863407], [-48.287421, -21.863394], [-48.287229, -21.86356], [-48.287125, -21.864029], [-48.286834, -21.864264], [-48.286219, -21.86441], [-48.285825, -21.864193], [-48.285345, -21.864132], [-48.28503, -21.864287], [-48.284867, -21.864735], [-48.28391, -21.865], [-48.28311, -21.865053], [-48.283023, -21.865219], [-48.283124, -21.86542], [-48.283979, -21.865513], [-48.284348, -21.865939], [-48.284446, -21.866396], [-48.284426, -21.866845], [-48.284343, -21.867018], [-48.283947, -21.867119], [-48.283607, -21.867041], [-48.282882, -21.866186], [-48.282748, -21.865713], [-48.282452, -21.865722], [-48.282228, -21.866137], [-48.281993, -21.866179], [-48.281736, -21.866003], [-48.281482, -21.865418], [-48.28097, -21.865064], [-48.280693, -21.864027], [-48.280412, -21.863497], [-48.280077, -21.86336], [-48.279469, -21.863342], [-48.279384, -21.86315], [-48.279395, -21.862927], [-48.279622, -21.862727], [-48.280084, -21.862645], [-48.28054, -21.862769], [-48.282229, -21.863768], [-48.282538, -21.863755], [-48.282719, -21.863649], [-48.28289, -21.863215], [-48.282745, -21.862457], [-48.282509, -21.861935], [-48.28206, -21.861321], [-48.281643, -21.86114], [-48.281418, -21.86118], [-48.281212, -21.861554], [-48.280726, -21.862119], [-48.280481, -21.862239], [-48.280318, -21.862155], [-48.280275, -21.861349], [-48.280042, -21.861063], [-48.279874, -21.861032], [-48.280108, -21.861636], [-48.279812, -21.861719], [-48.27899, -21.861505], [-48.278934, -21.861219], [-48.279197, -21.861021], [-48.278467, -21.860922], [-48.277801, -21.860643], [-48.277221, -21.860685], [-48.276984, -21.860866], [-48.27669, -21.861319], [-48.276287, -21.861305], [-48.275915, -21.861055], [-48.27557, -21.860473], [-48.275398, -21.860374], [-48.274748, -21.860272], [-48.274413, -21.860028], [-48.273739, -21.859171], [-48.272833, -21.858922], [-48.272035, -21.858941], [-48.271201, -21.858757], [-48.270499, -21.858794], [-48.270426, -21.858994], [-48.269994, -21.859296], [-48.26953, -21.859372], [-48.268835, -21.859687], [-48.268028, -21.859652], [-48.267955, -21.859752], [-48.2682, -21.860282], [-48.268076, -21.860569], [-48.267266, -21.861006], [-48.266983, -21.86083], [-48.266876, -21.860546], [-48.266136, -21.861255], [-48.265416, -21.861552], [-48.26467, -21.862041], [-48.264263, -21.862079], [-48.263685, -21.861942], [-48.262834, -21.86135], [-48.262411, -21.861154], [-48.260949, -21.861395], [-48.260422, -21.861553], [-48.260213, -21.861756], [-48.259879, -21.862371], [-48.259703, -21.862859], [-48.259747, -21.8631], [-48.259373, -21.863531], [-48.259178, -21.86363], [-48.258804, -21.863499], [-48.258101, -21.864117], [-48.257814, -21.864142], [-48.257535, -21.863989], [-48.257324, -21.862966], [-48.257196, -21.862813], [-48.256938, -21.862781], [-48.256536, -21.863183], [-48.255546, -21.86334], [-48.253687, -21.864077], [-48.252981, -21.864466], [-48.252157, -21.864651], [-48.251481, -21.864493], [-48.251218, -21.86452], [-48.250917, -21.864736], [-48.250502, -21.865352], [-48.250017, -21.865452], [-48.249332, -21.865174], [-48.248781, -21.865408], [-48.24852, -21.865407], [-48.248276, -21.864928], [-48.248117, -21.864807], [-48.247825, -21.864824], [-48.247435, -21.864986], [-48.24515, -21.864296], [-48.244548, -21.864277], [-48.244177, -21.864078], [-48.243171, -21.863933], [-48.242447, -21.863462], [-48.241716, -21.863241], [-48.240869, -21.862731], [-48.240164, -21.862608], [-48.239963, -21.862437], [-48.239694, -21.861884], [-48.239355, -21.861578], [-48.237331, -21.860574], [-48.237172, -21.860288], [-48.236829, -21.859957], [-48.236157, -21.859782], [-48.235783, -21.859448], [-48.235926, -21.858851], [-48.235692, -21.858508], [-48.234885, -21.857778], [-48.234553, -21.857857], [-48.234331, -21.857633], [-48.234127, -21.857302], [-48.234329, -21.857036], [-48.234359, -21.856799], [-48.233899, -21.855806], [-48.234389, -21.855135], [-48.23468, -21.85518], [-48.235297, -21.854658], [-48.235291, -21.854447], [-48.23523, -21.854359], [-48.233309, -21.853793], [-48.233021, -21.853586], [-48.232229, -21.852288], [-48.232139, -21.851599], [-48.231822, -21.851022], [-48.231336, -21.850326], [-48.230847, -21.849986], [-48.230654, -21.849488], [-48.230353, -21.8491], [-48.230224, -21.848726], [-48.229943, -21.848319], [-48.229738, -21.847434], [-48.229785, -21.846806], [-48.23014, -21.846224], [-48.23027, -21.845371], [-48.230248, -21.844962], [-48.229213, -21.844134], [-48.228949, -21.84377], [-48.228901, -21.84327], [-48.228281, -21.842543], [-48.227819, -21.841005], [-48.227498, -21.840477], [-48.227369, -21.839671], [-48.227121, -21.839001], [-48.227031, -21.838314], [-48.227087, -21.837567], [-48.22696, -21.836991], [-48.226357, -21.836489], [-48.225994, -21.835475], [-48.225786, -21.835332], [-48.224701, -21.835011], [-48.224252, -21.834738], [-48.223634, -21.833988], [-48.222905, -21.833466], [-48.222549, -21.83289], [-48.221603, -21.83203], [-48.221216, -21.831387], [-48.22103, -21.830528], [-48.221102, -21.829491], [-48.22102, -21.829197], [-48.220781, -21.828858], [-48.22028, -21.828781], [-48.219807, -21.828558], [-48.21892, -21.828881], [-48.218214, -21.828758], [-48.217779, -21.829064], [-48.217474, -21.829146], [-48.216204, -21.829157], [-48.215912, -21.828923], [-48.215843, -21.828758], [-48.216072, -21.828369], [-48.216172, -21.827957], [-48.216076, -21.827422], [-48.215967, -21.827207], [-48.215644, -21.827101], [-48.2154, -21.827195], [-48.215291, -21.827337], [-48.215554, -21.827442], [-48.215687, -21.827763], [-48.215516, -21.828679], [-48.215931, -21.829536], [-48.216561, -21.829599], [-48.217389, -21.829375], [-48.218163, -21.829639], [-48.219766, -21.829438], [-48.220182, -21.829562], [-48.220336, -21.829808], [-48.220365, -21.830385], [-48.220793, -21.830453], [-48.220904, -21.830561], [-48.220821, -21.831055], [-48.221002, -21.832427], [-48.221149, -21.83286], [-48.221398, -21.833096], [-48.222021, -21.833374], [-48.222356, -21.833753], [-48.222637, -21.834493], [-48.22322, -21.835114], [-48.223546, -21.835339], [-48.224607, -21.835777], [-48.223588, -21.836217], [-48.223612, -21.836775], [-48.223808, -21.837349], [-48.224414, -21.837231], [-48.224781, -21.837272], [-48.225016, -21.837369], [-48.225125, -21.837636], [-48.225141, -21.838044], [-48.224883, -21.838671], [-48.224288, -21.839526], [-48.224237, -21.839821], [-48.22436, -21.839973], [-48.224836, -21.840106], [-48.225089, -21.840274], [-48.225306, -21.840648], [-48.225246, -21.841254], [-48.225335, -21.841515], [-48.225613, -21.841831], [-48.225948, -21.842054], [-48.226168, -21.842704], [-48.226721, -21.843268], [-48.227211, -21.843493], [-48.227397, -21.843712], [-48.227576, -21.844694], [-48.228073, -21.845172], [-48.228215, -21.845426], [-48.228302, -21.845763], [-48.22823, -21.84618], [-48.228607, -21.846271], [-48.228775, -21.846652], [-48.229021, -21.847934], [-48.228816, -21.848481], [-48.229089, -21.849094], [-48.22918, -21.849581], [-48.230089, -21.850427], [-48.230542, -21.851077], [-48.23067, -21.851433], [-48.231471, -21.852825], [-48.231612, -21.853215], [-48.231705, -21.854001], [-48.232945, -21.855411], [-48.233002, -21.856119], [-48.23266, -21.857132], [-48.232803, -21.857211], [-48.232955, -21.857597], [-48.232967, -21.857842], [-48.232814, -21.858312], [-48.232476, -21.858533], [-48.232231, -21.858559], [-48.2321, -21.858806], [-48.232312, -21.859316], [-48.232091, -21.859488], [-48.231676, -21.859471], [-48.231197, -21.859591], [-48.230442, -21.860085], [-48.229705, -21.860368], [-48.229381, -21.860737], [-48.228865, -21.860819], [-48.227863, -21.860439], [-48.227303, -21.859973], [-48.226437, -21.859074], [-48.224917, -21.859099], [-48.224531, -21.858902], [-48.224231, -21.858459], [-48.223857, -21.857383], [-48.223563, -21.856855], [-48.223121, -21.856543], [-48.222829, -21.856472], [-48.222318, -21.856489], [-48.221886, -21.856335], [-48.221785, -21.856409], [-48.22198, -21.856401], [-48.22199, -21.856635], [-48.221567, -21.856751], [-48.221666, -21.856527], [-48.221315, -21.856676], [-48.221094, -21.856916], [-48.221034, -21.857357], [-48.221245, -21.856842], [-48.22143, -21.856838], [-48.221509, -21.85703], [-48.221, -21.857482], [-48.220706, -21.85753], [-48.220346, -21.85732], [-48.219792, -21.857177], [-48.219595, -21.856976], [-48.219199, -21.85685], [-48.218791, -21.856892], [-48.218363, -21.85706], [-48.217574, -21.857044], [-48.217109, -21.857216], [-48.216376, -21.857849], [-48.215987, -21.857945], [-48.215631, -21.85767], [-48.215128, -21.856159], [-48.214852, -21.856097], [-48.214623, -21.85615], [-48.214397, -21.856463], [-48.214682, -21.857096], [-48.214725, -21.85751], [-48.214612, -21.85785], [-48.21425, -21.858243], [-48.213769, -21.858545], [-48.213273, -21.858678], [-48.212176, -21.859443], [-48.21108, -21.859547], [-48.210666, -21.859658], [-48.210012, -21.860284], [-48.209754, -21.860285], [-48.209299, -21.860032], [-48.209062, -21.860075], [-48.208858, -21.860341], [-48.20943, -21.860957], [-48.209375, -21.8612], [-48.208885, -21.861679], [-48.20853, -21.861905], [-48.207363, -21.862314], [-48.207102, -21.86279], [-48.206893, -21.863665], [-48.206737, -21.863858], [-48.206488, -21.863899], [-48.205834, -21.863753], [-48.205166, -21.863954], [-48.204483, -21.864013], [-48.203788, -21.864494], [-48.203486, -21.865035], [-48.203204, -21.865165], [-48.203041, -21.86543], [-48.202828, -21.865988], [-48.202744, -21.867037], [-48.202575, -21.867293], [-48.201255, -21.868016], [-48.200284, -21.868428], [-48.199518, -21.86897], [-48.199242, -21.869097], [-48.1987, -21.869164], [-48.198223, -21.869106], [-48.197412, -21.868402], [-48.197249, -21.868042], [-48.196855, -21.867981], [-48.196551, -21.868048], [-48.196182, -21.868205], [-48.196033, -21.869386], [-48.195742, -21.869835], [-48.195486, -21.870027], [-48.195256, -21.870096], [-48.195057, -21.870041], [-48.194882, -21.869899], [-48.194629, -21.869493], [-48.194081, -21.869172], [-48.193519, -21.869463], [-48.192761, -21.869326], [-48.192473, -21.869579], [-48.192048, -21.870205], [-48.191607, -21.870497], [-48.191104, -21.870657], [-48.190381, -21.870649], [-48.189535, -21.87117], [-48.188617, -21.871082], [-48.188279, -21.871123], [-48.187705, -21.871775], [-48.186711, -21.872013], [-48.185488, -21.871771], [-48.184138, -21.871835], [-48.183066, -21.872085], [-48.182836, -21.872353], [-48.182803, -21.872912], [-48.181803, -21.873313], [-48.181664, -21.873488], [-48.181555, -21.873942], [-48.181201, -21.87419], [-48.180753, -21.874274], [-48.180394, -21.874197], [-48.180063, -21.873977], [-48.179828, -21.874015], [-48.179477, -21.874283], [-48.179675, -21.874821], [-48.17952, -21.875297], [-48.179129, -21.875897], [-48.178748, -21.876222], [-48.178611, -21.876993], [-48.177946, -21.877566], [-48.177767, -21.878093], [-48.177604, -21.878334], [-48.177276, -21.878407], [-48.176458, -21.877797], [-48.176163, -21.878063], [-48.177005, -21.878663], [-48.177107, -21.878822], [-48.177024, -21.879744], [-48.176882, -21.880003], [-48.177051, -21.880954], [-48.176957, -21.881362], [-48.17667, -21.881662], [-48.17646, -21.881707], [-48.176044, -21.881626], [-48.175974, -21.881937], [-48.176072, -21.882665], [-48.176275, -21.882608], [-48.176728, -21.882668], [-48.176955, -21.883012], [-48.176864, -21.883881], [-48.176909, -21.884151], [-48.177148, -21.884458], [-48.177168, -21.884596], [-48.177061, -21.884733], [-48.176615, -21.884712], [-48.176512, -21.884884], [-48.177392, -21.885214], [-48.177572, -21.885987], [-48.177521, -21.886658], [-48.177481, -21.886763], [-48.177201, -21.886945], [-48.177395, -21.887222], [-48.177681, -21.887439], [-48.177984, -21.887913], [-48.178426, -21.88808], [-48.178572, -21.888603], [-48.179413, -21.888907], [-48.179681, -21.88916], [-48.179952, -21.889579], [-48.180055, -21.890063], [-48.179904, -21.890357], [-48.179555, -21.890459], [-48.178069, -21.890173], [-48.177287, -21.890213], [-48.176666, -21.890665], [-48.175668, -21.891662], [-48.174202, -21.891751], [-48.173522, -21.891585], [-48.173015, -21.89156], [-48.172051, -21.891976], [-48.17016, -21.892333], [-48.169281, -21.892711], [-48.169032, -21.892717], [-48.167748, -21.891934], [-48.166625, -21.891374], [-48.165291, -21.891195], [-48.164666, -21.890637], [-48.164375, -21.890531], [-48.163261, -21.890683], [-48.162524, -21.891187], [-48.162091, -21.890501], [-48.160828, -21.890086], [-48.159585, -21.889225], [-48.159127, -21.889224], [-48.158561, -21.889981], [-48.158212, -21.890074], [-48.157353, -21.889805], [-48.156536, -21.889813], [-48.156181, -21.889685], [-48.155891, -21.889199], [-48.155626, -21.888142], [-48.155181, -21.887572], [-48.15469, -21.886366], [-48.15457, -21.885916], [-48.154514, -21.885012], [-48.154188, -21.884896], [-48.153989, -21.885005], [-48.153819, -21.885344], [-48.153366, -21.885833], [-48.153429, -21.886096], [-48.15381, -21.886644], [-48.15383, -21.887101], [-48.153594, -21.887218], [-48.153039, -21.887137], [-48.153029, -21.887629], [-48.153151, -21.887909], [-48.153402, -21.888057], [-48.154476, -21.888347], [-48.154707, -21.8889], [-48.154824, -21.88947], [-48.154756, -21.890266], [-48.154576, -21.890932], [-48.153774, -21.892243], [-48.153044, -21.892919], [-48.153101, -21.893139], [-48.152868, -21.893684], [-48.153003, -21.894165], [-48.152798, -21.894315], [-48.152103, -21.894537], [-48.151771, -21.895132], [-48.151687, -21.895483], [-48.151424, -21.895699], [-48.150907, -21.895816], [-48.149933, -21.896492], [-48.149895, -21.896681], [-48.150261, -21.89678], [-48.151101, -21.896681], [-48.151514, -21.896382], [-48.152305, -21.895448], [-48.153483, -21.894866], [-48.153998, -21.893964], [-48.154339, -21.893798], [-48.154525, -21.893848], [-48.154239, -21.893094], [-48.154363, -21.892864], [-48.155171, -21.892517], [-48.155333, -21.892373], [-48.155905, -21.892621], [-48.156395, -21.89246], [-48.157357, -21.892452], [-48.158139, -21.892335], [-48.158559, -21.89242], [-48.159008, -21.892766], [-48.159179, -21.893251], [-48.159424, -21.89333], [-48.159725, -21.892941], [-48.160247, -21.892516], [-48.160597, -21.892566], [-48.160389, -21.894074], [-48.16012, -21.894047], [-48.159735, -21.893822], [-48.159663, -21.894007], [-48.159761, -21.894285], [-48.159757, -21.894563], [-48.159978, -21.895028], [-48.160221, -21.895234], [-48.160055, -21.895433], [-48.160099, -21.895624], [-48.160477, -21.896076], [-48.160636, -21.896424], [-48.160975, -21.896714], [-48.161644, -21.897954], [-48.161498, -21.898295], [-48.160862, -21.898606], [-48.160763, -21.899427], [-48.160822, -21.900732], [-48.160192, -21.901896], [-48.16013, -21.902363], [-48.159984, -21.902648], [-48.159926, -21.903272], [-48.159849, -21.903372], [-48.159993, -21.903996], [-48.15973, -21.904373], [-48.159874, -21.904537], [-48.160031, -21.90447], [-48.160269, -21.90397], [-48.160357, -21.903266], [-48.160615, -21.902353], [-48.160926, -21.902321], [-48.161253, -21.902726], [-48.161479, -21.902656], [-48.161499, -21.902463], [-48.161205, -21.902021], [-48.161217, -21.901633], [-48.161854, -21.900947], [-48.162121, -21.900439], [-48.162304, -21.899857], [-48.162399, -21.898828], [-48.163019, -21.897617], [-48.163079, -21.897314], [-48.162737, -21.895989], [-48.16294, -21.895629], [-48.163281, -21.895333], [-48.164393, -21.894899], [-48.164798, -21.894857], [-48.165354, -21.894986], [-48.165801, -21.894907], [-48.167471, -21.893879], [-48.167926, -21.893783], [-48.168426, -21.893815], [-48.169751, -21.894732], [-48.170126, -21.894729], [-48.170937, -21.894007], [-48.171232, -21.893872], [-48.171719, -21.893802], [-48.172443, -21.893915], [-48.17296, -21.893909], [-48.173366, -21.893691], [-48.173654, -21.893355], [-48.173897, -21.893218], [-48.174907, -21.893304], [-48.175266, -21.893137], [-48.175552, -21.892887], [-48.176435, -21.892752], [-48.177447, -21.892077], [-48.178168, -21.89188], [-48.178581, -21.891627], [-48.179841, -21.891773], [-48.180136, -21.891683], [-48.180382, -21.891457], [-48.180515, -21.891098], [-48.180315, -21.890055], [-48.180496, -21.889515], [-48.180285, -21.88897], [-48.180186, -21.88772], [-48.179842, -21.886254], [-48.17987, -21.88598], [-48.180218, -21.885229], [-48.180299, -21.884824], [-48.180126, -21.884461], [-48.179972, -21.88441], [-48.179856, -21.884227], [-48.179731, -21.883587], [-48.179444, -21.883283], [-48.179392, -21.883003], [-48.179533, -21.882889], [-48.179792, -21.882864], [-48.180392, -21.880851], [-48.180945, -21.87991], [-48.181103, -21.879486], [-48.181178, -21.87759], [-48.18142, -21.876807], [-48.181274, -21.876138], [-48.181623, -21.875772], [-48.182158, -21.875458], [-48.183647, -21.873946], [-48.184209, -21.873654], [-48.18483, -21.87315], [-48.185222, -21.872946], [-48.186432, -21.872732], [-48.187322, -21.872404], [-48.18805, -21.872581], [-48.188374, -21.872415], [-48.188634, -21.87194], [-48.188815, -21.8718], [-48.18975, -21.871903], [-48.190872, -21.871783], [-48.192104, -21.870909], [-48.192521, -21.87081], [-48.192921, -21.87093], [-48.193375, -21.871621], [-48.194378, -21.872615], [-48.194885, -21.872695], [-48.195653, -21.87266], [-48.195809, -21.872525], [-48.196167, -21.872432], [-48.196665, -21.872484], [-48.196992, -21.872286], [-48.197299, -21.872213], [-48.197681, -21.872333], [-48.198146, -21.87235], [-48.198609, -21.872584], [-48.198742, -21.872572], [-48.198966, -21.872484], [-48.199117, -21.872042], [-48.199539, -21.871527], [-48.199976, -21.871706], [-48.200279, -21.871582], [-48.200688, -21.871609], [-48.201152, -21.871178], [-48.201731, -21.87083], [-48.202297, -21.870799], [-48.202646, -21.87089], [-48.203194, -21.871337], [-48.203612, -21.871279], [-48.204009, -21.870985], [-48.204154, -21.870205], [-48.204146, -21.869544], [-48.203505, -21.868857], [-48.203413, -21.868644], [-48.203667, -21.867107], [-48.204052, -21.866493], [-48.204436, -21.866244], [-48.205399, -21.866083], [-48.205807, -21.866144], [-48.206649, -21.866541], [-48.207035, -21.866449], [-48.207342, -21.866173], [-48.208173, -21.864991], [-48.208573, -21.864589], [-48.208925, -21.864359], [-48.208855, -21.86398], [-48.209004, -21.863741], [-48.209604, -21.863632], [-48.209855, -21.863398], [-48.210164, -21.86292], [-48.210453, -21.862684], [-48.210814, -21.862555], [-48.211891, -21.862421], [-48.21292, -21.861973], [-48.214037, -21.861347], [-48.214771, -21.861146], [-48.215443, -21.861132], [-48.216163, -21.861227], [-48.21717, -21.861179], [-48.21793, -21.861262], [-48.218156, -21.861144], [-48.218832, -21.861368], [-48.219951, -21.861227], [-48.220809, -21.860899], [-48.221377, -21.861301], [-48.222169, -21.861549], [-48.223663, -21.861533], [-48.224592, -21.861377], [-48.226241, -21.860733], [-48.226468, -21.860824], [-48.226727, -21.861146], [-48.228156, -21.861852], [-48.228583, -21.862271], [-48.22935, -21.862387], [-48.229632, -21.862576], [-48.229677, -21.863897], [-48.23008, -21.863886], [-48.230188, -21.864101], [-48.230471, -21.864162], [-48.230714, -21.864357], [-48.230678, -21.864609], [-48.230385, -21.864812], [-48.230531, -21.864852], [-48.230815, -21.864813], [-48.230928, -21.86448], [-48.230877, -21.864077], [-48.230656, -21.863679], [-48.230461, -21.862716], [-48.23056, -21.862395], [-48.230703, -21.862292], [-48.230988, -21.862417], [-48.231134, -21.862706], [-48.231319, -21.862841], [-48.231788, -21.862628], [-48.232672, -21.862969], [-48.233082, -21.862871], [-48.232485, -21.862494], [-48.232454, -21.861988], [-48.232763, -21.861748], [-48.232946, -21.861779], [-48.233625, -21.862293], [-48.23404, -21.862266], [-48.234684, -21.862537], [-48.235861, -21.862537], [-48.236237, -21.86245], [-48.236555, -21.86289], [-48.236622, -21.863719], [-48.236899, -21.863936], [-48.236966, -21.864237], [-48.237218, -21.863931], [-48.237994, -21.863901], [-48.238232, -21.863479], [-48.23857, -21.863402], [-48.238983, -21.863516], [-48.239289, -21.863743], [-48.239828, -21.864606], [-48.240664, -21.865069], [-48.24184, -21.865176], [-48.242606, -21.865881], [-48.243124, -21.866112], [-48.244383, -21.865953], [-48.245497, -21.866099], [-48.246285, -21.866087], [-48.246439, -21.866175], [-48.246605, -21.866425], [-48.246657, -21.867364], [-48.246735, -21.867545], [-48.247336, -21.867824], [-48.248782, -21.86825], [-48.249016, -21.868159], [-48.249082, -21.867926], [-48.24882, -21.867337], [-48.249078, -21.867136], [-48.249383, -21.867029], [-48.249907, -21.866972], [-48.250847, -21.867179], [-48.25146, -21.867168], [-48.25182, -21.867055], [-48.253063, -21.866366], [-48.254409, -21.866237], [-48.25551, -21.866403], [-48.256728, -21.866295], [-48.257985, -21.866422], [-48.25869, -21.865801], [-48.259822, -21.86546], [-48.260209, -21.865478], [-48.260527, -21.865692], [-48.260694, -21.865956], [-48.260737, -21.866719], [-48.260827, -21.866997], [-48.26106, -21.867224], [-48.261341, -21.867282], [-48.261633, -21.867192], [-48.261953, -21.866969], [-48.262737, -21.865818], [-48.263722, -21.865235], [-48.263934, -21.865215], [-48.264139, -21.865688], [-48.26436, -21.865766], [-48.265093, -21.865792], [-48.265663, -21.866433], [-48.266096, -21.866514], [-48.266269, -21.866629], [-48.266347, -21.86673], [-48.266378, -21.867204], [-48.266047, -21.867625], [-48.265477, -21.867918], [-48.264818, -21.868123], [-48.264569, -21.868366], [-48.263703, -21.869554], [-48.263598, -21.870168], [-48.263256, -21.871068], [-48.262758, -21.87113], [-48.26295, -21.871465], [-48.262929, -21.871585], [-48.262356, -21.871719], [-48.262256, -21.87207], [-48.26328, -21.871865], [-48.263571, -21.871077], [-48.263801, -21.8709], [-48.264249, -21.870882], [-48.264678, -21.871269], [-48.265036, -21.871476], [-48.265169, -21.871158], [-48.264843, -21.870434], [-48.264954, -21.87008], [-48.265455, -21.869759], [-48.266363, -21.869711], [-48.266633, -21.869107], [-48.267194, -21.869001], [-48.267299, -21.868509], [-48.26797, -21.868355], [-48.268404, -21.867816], [-48.269183, -21.867854], [-48.269387, -21.867998], [-48.269805, -21.868699], [-48.271105, -21.868947], [-48.272524, -21.87022], [-48.272937, -21.870178], [-48.273321, -21.869974], [-48.2736, -21.86927], [-48.273867, -21.869349], [-48.274646, -21.869892], [-48.275111, -21.869857], [-48.276293, -21.868564], [-48.276252, -21.868177], [-48.275643, -21.867663], [-48.275595, -21.867438], [-48.277041, -21.867132], [-48.27792, -21.866788], [-48.278066, -21.865675], [-48.278452, -21.86516], [-48.278747, -21.865054], [-48.279576, -21.865207], [-48.279658, -21.865025], [-48.279598, -21.864596], [-48.279907, -21.864431], [-48.280401, -21.864521], [-48.280473, -21.865786], [-48.280271, -21.866113], [-48.279462, -21.866419], [-48.279338, -21.866674], [-48.279583, -21.866896], [-48.280535, -21.867075], [-48.280723, -21.86723], [-48.280682, -21.867539], [-48.280219, -21.868169], [-48.280345, -21.868516], [-48.280694, -21.868612], [-48.281632, -21.868522], [-48.281692, -21.86836], [-48.281481, -21.867752], [-48.281544, -21.867594], [-48.281831, -21.867588], [-48.282631, -21.867975], [-48.282717, -21.868134], [-48.282715, -21.868809], [-48.28305, -21.86877], [-48.283542, -21.868491], [-48.283913, -21.86896], [-48.284926, -21.869038], [-48.285158, -21.869129], [-48.285193, -21.869314], [-48.284634, -21.869869], [-48.284633, -21.869963], [-48.28508, -21.870528], [-48.285283, -21.870576], [-48.285962, -21.870386], [-48.286455, -21.870785], [-48.286918, -21.870929], [-48.287191, -21.871369], [-48.287139, -21.871767], [-48.286811, -21.872182], [-48.286792, -21.872411], [-48.287255, -21.872539], [-48.287505, -21.872464], [-48.287608, -21.87234], [-48.287864, -21.871371], [-48.288195, -21.870983], [-48.289987, -21.870676], [-48.290294, -21.870457], [-48.290381, -21.869673], [-48.290646, -21.869474], [-48.290968, -21.869511], [-48.291331, -21.869688], [-48.291608, -21.870375], [-48.292109, -21.870164], [-48.292253, -21.86988], [-48.291623, -21.868521], [-48.29166, -21.868152], [-48.291974, -21.868193], [-48.292536, -21.868517], [-48.292884, -21.868414], [-48.293554, -21.867891], [-48.293552, -21.867555], [-48.293185, -21.866769], [-48.293342, -21.866532], [-48.293852, -21.86652], [-48.294424, -21.866784], [-48.294582, -21.866622], [-48.294675, -21.866128], [-48.294777, -21.866016], [-48.296077, -21.866159], [-48.296995, -21.865818], [-48.297165, -21.866013], [-48.296924, -21.866673], [-48.296392, -21.86697], [-48.296367, -21.86716], [-48.296524, -21.867406], [-48.2972, -21.867734], [-48.297448, -21.868025], [-48.297403, -21.868479], [-48.297167, -21.869019], [-48.297295, -21.869317], [-48.297649, -21.869308], [-48.298477, -21.868821], [-48.298763, -21.868913], [-48.299177, -21.86921], [-48.298797, -21.868613], [-48.298533, -21.868827], [-48.298442, -21.86881], [-48.298277, -21.868916], [-48.298634, -21.868466], [-48.298858, -21.868436], [-48.299156, -21.868667], [-48.299225, -21.86908], [-48.299461, -21.869227], [-48.299185, -21.869214], [-48.299949, -21.869321], [-48.299899, -21.869559], [-48.299506, -21.870113], [-48.299502, -21.870404], [-48.29963, -21.870622], [-48.299998, -21.870567], [-48.300246, -21.870313], [-48.300688, -21.869316], [-48.300784, -21.869252], [-48.300982, -21.86929], [-48.301581, -21.870263], [-48.302735, -21.870011], [-48.303825, -21.870113], [-48.304465, -21.870268], [-48.305164, -21.870809], [-48.305243, -21.871098], [-48.305111, -21.872209], [-48.305269, -21.872402], [-48.305946, -21.872402], [-48.306489, -21.872159], [-48.306698, -21.87215], [-48.307315, -21.872781], [-48.307615, -21.872716], [-48.308468, -21.87206], [-48.308509, -21.871835], [-48.30792, -21.870983], [-48.307765, -21.870497], [-48.307829, -21.869838], [-48.308581, -21.868886], [-48.309199, -21.868456], [-48.309649, -21.868281], [-48.311656, -21.867858], [-48.313073, -21.867742], [-48.313971, -21.867143], [-48.316331, -21.866813], [-48.316344, -21.866671], [-48.316235, -21.866508], [-48.315544, -21.866367], [-48.315313, -21.866217], [-48.315297, -21.86607], [-48.316193, -21.865336], [-48.316432, -21.864653], [-48.31707, -21.863938], [-48.317089, -21.86268], [-48.318336, -21.86279], [-48.318603, -21.862154], [-48.318713, -21.861403], [-48.318862, -21.861182], [-48.319939, -21.860704], [-48.320309, -21.860446], [-48.320843, -21.859598], [-48.321214, -21.859363], [-48.321837, -21.859221], [-48.322421, -21.859216], [-48.324031, -21.859395], [-48.324693, -21.859711], [-48.325281, -21.860146], [-48.32668, -21.86007], [-48.327208, -21.860379], [-48.327572, -21.86089], [-48.328065, -21.861028], [-48.328001, -21.861528], [-48.328062, -21.86163], [-48.328615, -21.861525], [-48.328863, -21.861359], [-48.329285, -21.860331], [-48.330311, -21.859319], [-48.330403, -21.858968], [-48.330305, -21.858701], [-48.329603, -21.858594], [-48.32941, -21.858453], [-48.329539, -21.858249], [-48.330534, -21.857723], [-48.330608, -21.857399], [-48.3305, -21.856937], [-48.330536, -21.856537], [-48.330824, -21.856301], [-48.332165, -21.855741], [-48.332844, -21.856001], [-48.333089, -21.85596], [-48.333275, -21.855713], [-48.3334, -21.854918], [-48.333619, -21.854608], [-48.33432, -21.854494], [-48.334891, -21.854275], [-48.335314, -21.854387], [-48.33456, -21.855129], [-48.334466, -21.855506], [-48.334843, -21.855854], [-48.335778, -21.855967], [-48.335873, -21.856173], [-48.335525, -21.856555], [-48.334629, -21.856968], [-48.334502, -21.857107], [-48.334389, -21.857449], [-48.334499, -21.857746], [-48.335084, -21.858401], [-48.33534, -21.859007], [-48.336229, -21.859256], [-48.337001, -21.859321], [-48.337657, -21.859175], [-48.338139, -21.858888], [-48.338399, -21.858425], [-48.338353, -21.858033], [-48.338156, -21.8576], [-48.337285, -21.856539], [-48.337198, -21.856283], [-48.337316, -21.855866], [-48.337967, -21.855023], [-48.338984, -21.854167], [-48.339898, -21.852759], [-48.340218, -21.852636], [-48.340735, -21.852775], [-48.34136, -21.853191], [-48.34159, -21.853517], [-48.341555, -21.853921], [-48.340526, -21.855], [-48.340481, -21.855121], [-48.340563, -21.855343], [-48.341488, -21.855681], [-48.342112, -21.856041], [-48.343187, -21.856173], [-48.343317, -21.856263], [-48.343514, -21.856722], [-48.343753, -21.856873], [-48.344096, -21.856807], [-48.344245, -21.856678], [-48.34493, -21.855231], [-48.344636, -21.854874], [-48.343631, -21.854293], [-48.343577, -21.854044], [-48.343816, -21.853646], [-48.344245, -21.85328], [-48.344684, -21.853204], [-48.345268, -21.853453], [-48.345799, -21.85356], [-48.346205, -21.853817], [-48.346372, -21.853834], [-48.347219, -21.85319], [-48.347705, -21.853094], [-48.349058, -21.853055], [-48.34938, -21.852878], [-48.349481, -21.852542], [-48.349127, -21.852069], [-48.349082, -21.85171], [-48.349429, -21.851492], [-48.349863, -21.851504], [-48.350131, -21.851696], [-48.350167, -21.852573], [-48.350242, -21.852985], [-48.35078, -21.854], [-48.351064, -21.8542], [-48.3512, -21.854214], [-48.351255, -21.8542], [-48.351445, -21.854141], [-48.351522, -21.854108], [-48.35255, -21.853291], [-48.353411, -21.853155], [-48.354245, -21.85333], [-48.354762, -21.85356], [-48.354837, -21.85374], [-48.354728, -21.854404], [-48.354829, -21.854692], [-48.355158, -21.854683], [-48.355218, -21.854649], [-48.355738, -21.854297], [-48.356161, -21.854158], [-48.356537, -21.854434], [-48.356788, -21.855068], [-48.357271, -21.85513], [-48.358197, -21.854439], [-48.358542, -21.854356], [-48.358967, -21.855061], [-48.359162, -21.855145], [-48.359487, -21.855061], [-48.360419, -21.85438], [-48.360911, -21.854383], [-48.361078, -21.854634], [-48.360957, -21.855612], [-48.361049, -21.85596], [-48.361218, -21.856181], [-48.361571, -21.856236], [-48.36214, -21.855963], [-48.362515, -21.855901], [-48.36321, -21.856567], [-48.363554, -21.856639], [-48.363873, -21.855862], [-48.364394, -21.855779], [-48.364807, -21.855995], [-48.365781, -21.856819], [-48.365921, -21.857118], [-48.366167, -21.858769], [-48.366374, -21.859042], [-48.366904, -21.859123], [-48.368061, -21.858805], [-48.368841, -21.858193], [-48.369054, -21.858118], [-48.370591, -21.858606], [-48.370929, -21.858641], [-48.371222, -21.858453], [-48.371323, -21.858218], [-48.370957, -21.857486], [-48.370983, -21.856883], [-48.371108, -21.856548], [-48.371911, -21.855374], [-48.37261, -21.854961], [-48.373459, -21.854817], [-48.373983, -21.85512], [-48.374084, -21.855378], [-48.373672, -21.855941], [-48.373618, -21.856224], [-48.37383, -21.856392], [-48.374572, -21.856448], [-48.374692, -21.856389], [-48.374945, -21.856185], [-48.375122, -21.855201], [-48.375356, -21.854851], [-48.375448, -21.854482], [-48.375842, -21.854037], [-48.375962, -21.853559], [-48.376149, -21.85334], [-48.37609, -21.853385], [-48.376091, -21.852984], [-48.376266, -21.852806], [-48.376634, -21.852811], [-48.376811, -21.852905], [-48.377147, -21.853326], [-48.378102, -21.854209], [-48.378481, -21.854294], [-48.37887, -21.854275], [-48.37952, -21.853947], [-48.38023, -21.853892], [-48.381445, -21.854529], [-48.381686, -21.854536], [-48.381998, -21.854367], [-48.382294, -21.854327], [-48.382655, -21.854421], [-48.383542, -21.85519], [-48.383851, -21.85535], [-48.386294, -21.855189], [-48.38716, -21.855542], [-48.387413, -21.855915], [-48.387893, -21.856278], [-48.388287, -21.856335], [-48.389054, -21.856246], [-48.389434, -21.856331], [-48.389817, -21.856655], [-48.390044, -21.857172], [-48.390478, -21.857307], [-48.390874, -21.857544], [-48.391278, -21.857666], [-48.391557, -21.857618], [-48.392193, -21.857691], [-48.393034, -21.857997], [-48.39335742718447, -21.857917815533977], [-48.394212, -21.857142], [-48.394793, -21.8568], [-48.395338, -21.855545], [-48.395713, -21.855036], [-48.396587, -21.85415], [-48.395525, -21.852556], [-48.395369, -21.852433], [-48.395303, -21.852697], [-48.395619, -21.852875], [-48.395747, -21.85309], [-48.395781, -21.853363], [-48.394184, -21.856004], [-48.393122, -21.857005], [-48.392622, -21.857247], [-48.392036, -21.857346], [-48.391318, -21.857226], [-48.39052, -21.856935], [-48.389416, -21.856088], [-48.388008, -21.855823], [-48.387565, -21.855621], [-48.386777, -21.855159], [-48.38627, -21.85462], [-48.384796, -21.853873], [-48.383643, -21.854109], [-48.38287, -21.854114], [-48.382407, -21.854023], [-48.38165, -21.853698], [-48.380694, -21.85344], [-48.380001, -21.853351], [-48.378741, -21.853462], [-48.378227, -21.853367], [-48.377789, -21.853087], [-48.377592, -21.852845], [-48.377276, -21.851963], [-48.377261, -21.851164], [-48.37739, -21.850065], [-48.377016, -21.84933], [-48.376375, -21.848638], [-48.375913, -21.848614], [-48.375475, -21.848692], [-48.37476, -21.848354], [-48.374365, -21.848365], [-48.37396, -21.848547], [-48.372547, -21.850424], [-48.37176, -21.850901], [-48.371081, -21.851106], [-48.37023, -21.851632], [-48.369186, -21.852492], [-48.368339, -21.853438], [-48.36787, -21.853656], [-48.367439, -21.854136], [-48.366652, -21.854794], [-48.366327, -21.855175], [-48.366246, -21.855621], [-48.365851, -21.855675], [-48.365429, -21.855576], [-48.364757, -21.855176], [-48.364403, -21.854501], [-48.364231, -21.854331], [-48.36359, -21.854231], [-48.363052, -21.853917], [-48.362926, -21.853635], [-48.363149, -21.853118], [-48.362949, -21.852857], [-48.362641, -21.852743], [-48.362285, -21.852741], [-48.36207, -21.852864], [-48.362047, -21.85344], [-48.361985, -21.853504], [-48.361834, -21.85347], [-48.361601, -21.853151], [-48.361234, -21.852902], [-48.36075, -21.852808], [-48.360382, -21.852884], [-48.360277, -21.853135], [-48.360517, -21.853685], [-48.360306, -21.853846], [-48.359794, -21.853824], [-48.359468, -21.853664], [-48.358786, -21.852644], [-48.35833, -21.852359], [-48.357824, -21.852322], [-48.357368, -21.852896], [-48.357165, -21.852973], [-48.356799, -21.852801], [-48.356321, -21.852135], [-48.355926, -21.852158], [-48.355336, -21.852572], [-48.354671, -21.8526], [-48.353934, -21.852349], [-48.353682, -21.852079], [-48.352103, -21.851865], [-48.351615, -21.851644], [-48.350754, -21.850948], [-48.350272, -21.85085], [-48.349407, -21.850887], [-48.348507, -21.851678], [-48.348016, -21.851916], [-48.347597, -21.851957], [-48.346311, -21.851674], [-48.345033, -21.851759], [-48.34349, -21.851404], [-48.34219, -21.850139]], [[-48.36741, -21.854282], [-48.36737, -21.854256], [-48.367423, -21.85424], [-48.36741, -21.854282]], [[-48.367423, -21.85424], [-48.367451, -21.854195], [-48.367477, -21.854223], [-48.367423, -21.85424]], [[-48.354529, -21.852918], [-48.355113, -21.85316], [-48.35539, -21.853428], [-48.355413, -21.853778], [-48.355039, -21.854303], [-48.355144, -21.854525], [-48.355382, -21.854467], [-48.355813, -21.85419], [-48.355916, -21.854011], [-48.356503, -21.853828], [-48.3568, -21.853936], [-48.357122, -21.854277], [-48.356922, -21.854714], [-48.356941, -21.854857], [-48.357098, -21.854888], [-48.357752, -21.854748], [-48.357239, -21.855011], [-48.356812, -21.854914], [-48.356713, -21.854715], [-48.356848, -21.854237], [-48.356698, -21.854052], [-48.356501, -21.853982], [-48.355758, -21.854254], [-48.355192, -21.854661], [-48.354875, -21.854601], [-48.354808, -21.854383], [-48.355214, -21.853831], [-48.35524, -21.853645], [-48.354998, -21.853251], [-48.354546, -21.853101], [-48.354288, -21.853116], [-48.353869, -21.852958], [-48.353343, -21.852943], [-48.35287, -21.853073], [-48.352161, -21.853532], [-48.352396, -21.853191], [-48.353225, -21.852793], [-48.353741, -21.852759], [-48.354529, -21.852918]], [[-48.351327, -21.854177], [-48.351075, -21.85406], [-48.350649, -21.85337], [-48.350447, -21.852909], [-48.350506, -21.852475], [-48.35033, -21.852359], [-48.350179, -21.852428], [-48.350203, -21.85218], [-48.350436, -21.852135], [-48.350659, -21.85229], [-48.350714, -21.85256], [-48.350616, -21.852925], [-48.350656, -21.853061], [-48.351222, -21.853926], [-48.351525, -21.854077], [-48.351327, -21.854177]], [[-48.290743, -21.843037], [-48.291138, -21.842607], [-48.291583, -21.842664], [-48.291727, -21.84277], [-48.291384, -21.843275], [-48.291145, -21.843459], [-48.290794, -21.84325], [-48.290743, -21.843037]], [[-48.265272, -21.827039], [-48.265951, -21.826578], [-48.266296, -21.826539], [-48.266409, -21.826674], [-48.265959, -21.826985], [-48.265262, -21.827198], [-48.265272, -21.827039]]], [[[-48.291424, -21.770125], [-48.289431, -21.769566], [-48.290724, -21.76998], [-48.291123, -21.770087], [-48.291411, -21.770124], [-48.291872, -21.770411], [-48.292534, -21.770726], [-48.291424, -21.770125]]], [[[-48.270988, -21.764032], [-48.270469, -21.763802], [-48.270903, -21.764027], [-48.270988, -21.764032]]], [[[-48.271175, -21.763995], [-48.271215, -21.763896], [-48.271229, -21.763665], [-48.271181, -21.763524], [-48.271198, -21.763936], [-48.271111, -21.764014], [-48.271175, -21.763995]]], [[[-48.271173, -21.763465], [-48.271144, -21.762964], [-48.27110613226667, -21.7629380496], [-48.271137, -21.763183], [-48.271173, -21.763465]]], [[[-48.269436, -21.763], [-48.2689, -21.762993], [-48.268815, -21.763029], [-48.269436, -21.763]]], [[[-48.271106, -21.762937], [-48.271106, -21.762938], [-48.27110613226667, -21.7629380496], [-48.271106, -21.762937]]], [[[-48.271098, -21.762876], [-48.271101, -21.762761], [-48.271001, -21.762707], [-48.270618, -21.762753], [-48.270619, -21.762915], [-48.270938, -21.762721], [-48.271083, -21.762763], [-48.271098, -21.762876]]], [[[-48.279739, -21.750737], [-48.279736, -21.750753], [-48.279742, -21.750731], [-48.279739, -21.750737]]], [[[-48.279787, -21.750536], [-48.279792, -21.750541], [-48.279795, -21.750529], [-48.279787, -21.750536]]], [[[-48.280556, -21.749956], [-48.280507, -21.749824], [-48.280472, -21.749336], [-48.280459, -21.749707], [-48.280556, -21.749956]]], [[[-48.280492, -21.74918], [-48.28058, -21.748647], [-48.280485, -21.748535], [-48.280379, -21.74851], [-48.280556, -21.748643], [-48.280492, -21.74918]]], [[[-48.280212875000004, -21.748549115384613], [-48.280153, -21.748577], [-48.280135, -21.748621], [-48.280212875000004, -21.748549115384613]]], [[[-48.280213, -21.748549], [-48.280212875000004, -21.748549115384613], [-48.28021557142854, -21.748548285714296], [-48.280213, -21.748549]]], [[[-48.280231, -21.748544], [-48.280223, -21.748546], [-48.28021557142854, -21.748548285714296], [-48.280231, -21.748544]]], [[[-48.239954, -21.744054], [-48.239774, -21.743822], [-48.240055, -21.744653], [-48.240014, -21.745041], [-48.240081, -21.745004], [-48.240085, -21.74459], [-48.239954, -21.744054]]], [[[-48.239307, -21.744134], [-48.239309, -21.744098], [-48.239305, -21.744143], [-48.239307, -21.744134]]], [[[-48.239644, -21.743044], [-48.239562, -21.742481], [-48.239408, -21.742437], [-48.239566, -21.742543], [-48.239644, -21.743044]]], [[[-48.239283, -21.742432], [-48.239274, -21.742442], [-48.239352, -21.742433], [-48.239283, -21.742432]]], [[[-48.282685, -21.681601], [-48.282382, -21.681495], [-48.281553, -21.681833], [-48.28132, -21.68169], [-48.280924, -21.681978], [-48.278935, -21.682862], [-48.278892, -21.68327], [-48.278743, -21.683475], [-48.278207, -21.683565], [-48.27778, -21.68393], [-48.277138, -21.683977], [-48.277032, -21.683914], [-48.276562, -21.683987], [-48.273114, -21.683722], [-48.272654, -21.683537], [-48.272504, -21.683297], [-48.27221, -21.683262], [-48.271716, -21.683004], [-48.271447, -21.683098], [-48.271275, -21.68289], [-48.271163, -21.682909], [-48.270941, -21.683147], [-48.270546, -21.683177], [-48.270143, -21.68299], [-48.270236, -21.682665], [-48.269646, -21.6824], [-48.268279, -21.681159], [-48.267505, -21.680688], [-48.266987, -21.680246], [-48.266838, -21.680002], [-48.26687, -21.679865], [-48.266534, -21.679775], [-48.266084, -21.679867], [-48.26534, -21.679734], [-48.265159, -21.679466], [-48.264843, -21.679431], [-48.2647, -21.679054], [-48.264371, -21.678855], [-48.263835, -21.678829], [-48.263532, -21.678979], [-48.262895, -21.678944], [-48.262739, -21.678993], [-48.262589, -21.679273], [-48.262254, -21.679362], [-48.261487, -21.679343], [-48.26098, -21.67942], [-48.26046, -21.679217], [-48.259917, -21.679321], [-48.259572, -21.679524], [-48.259325, -21.679392], [-48.259377, -21.679154], [-48.259084, -21.679306], [-48.258352, -21.679333], [-48.257245, -21.678645], [-48.256718, -21.678512], [-48.25643, -21.678633], [-48.255839, -21.678662], [-48.255406, -21.678321], [-48.254605, -21.678347], [-48.25307, -21.677688], [-48.252897, -21.67776], [-48.253062, -21.678395], [-48.252963, -21.678726], [-48.252356, -21.679282], [-48.252156, -21.679547], [-48.252104, -21.679808], [-48.252235, -21.680029], [-48.253198, -21.679588], [-48.253806, -21.679423], [-48.255727, -21.679229], [-48.257097, -21.679241], [-48.258017, -21.679501], [-48.259349, -21.680071], [-48.259872, -21.680177], [-48.260164, -21.680379], [-48.26116, -21.679871], [-48.261956, -21.679896], [-48.262322, -21.680008], [-48.262572, -21.679812], [-48.263013, -21.679827], [-48.263207, -21.679352], [-48.263318, -21.679279], [-48.263564, -21.679295], [-48.264515, -21.680205], [-48.264993, -21.680408], [-48.265983, -21.68065], [-48.266921, -21.681612], [-48.267323, -21.682302], [-48.268098, -21.68253], [-48.268494, -21.68278], [-48.268876, -21.683403], [-48.26932, -21.683493], [-48.269741, -21.683457], [-48.270049, -21.68364], [-48.270746, -21.683553], [-48.271071, -21.683602], [-48.271166, -21.68372], [-48.271184, -21.683951], [-48.271532, -21.684249], [-48.271971, -21.684955], [-48.271943, -21.685487], [-48.271554, -21.685932], [-48.271483, -21.686215], [-48.271745, -21.686306], [-48.271987, -21.686274], [-48.271921, -21.685984], [-48.272292, -21.685714], [-48.272839, -21.684843], [-48.273193, -21.684603], [-48.273695, -21.684471], [-48.274374, -21.684437], [-48.276812, -21.684618], [-48.277177, -21.684491], [-48.277574, -21.684601], [-48.278448, -21.684469], [-48.278939, -21.683967], [-48.279622, -21.683527], [-48.281177, -21.682825], [-48.282249, -21.682157], [-48.283496, -21.681123], [-48.283557, -21.680971], [-48.283117, -21.681045], [-48.282685, -21.681601]]], [[[-48.285561, -21.679044], [-48.287063, -21.678004], [-48.287439, -21.677821], [-48.288322, -21.67759], [-48.289705, -21.677559], [-48.292577, -21.678093], [-48.29341, -21.677955], [-48.294977, -21.677994], [-48.296415, -21.677624], [-48.296877, -21.677719], [-48.297143, -21.677865], [-48.2975, -21.678244], [-48.29816, -21.67951], [-48.299232, -21.680259], [-48.299796, -21.680332], [-48.301244, -21.680149], [-48.301768, -21.680289], [-48.301974, -21.680133], [-48.302214, -21.680173], [-48.301599, -21.679449], [-48.301127, -21.678354], [-48.30075, -21.679286], [-48.300186, -21.679298], [-48.299338, -21.679042], [-48.299249, -21.679086], [-48.299005, -21.679019], [-48.298574, -21.678645], [-48.298265, -21.678172], [-48.298186, -21.677949], [-48.298253, -21.677671], [-48.298114, -21.677448], [-48.297102, -21.676788], [-48.296598, -21.676716], [-48.296273, -21.676767], [-48.295656, -21.677041], [-48.295, -21.677121], [-48.294324, -21.677447], [-48.293716, -21.677415], [-48.292492, -21.676992], [-48.292084, -21.676769], [-48.291894, -21.676519], [-48.291942, -21.675978], [-48.29206, -21.675674], [-48.291744, -21.675504], [-48.291532, -21.67553], [-48.291298, -21.675995], [-48.29097, -21.676255], [-48.290345, -21.676426], [-48.289979, -21.676434], [-48.289034, -21.676195], [-48.287576, -21.676441], [-48.286899, -21.676264], [-48.28639, -21.675953], [-48.285782, -21.675419], [-48.284785, -21.674078], [-48.284603, -21.673862], [-48.284465, -21.673834], [-48.284021, -21.674013], [-48.283898, -21.674215], [-48.284259, -21.674202], [-48.284821, -21.675443], [-48.285075, -21.675579], [-48.285199, -21.675801], [-48.285653, -21.676134], [-48.285675, -21.676247], [-48.286069, -21.676589], [-48.286208, -21.676909], [-48.286246, -21.677453], [-48.285835, -21.678055], [-48.28587, -21.678463], [-48.285633, -21.678607], [-48.285305, -21.678621], [-48.28499, -21.679133], [-48.284551, -21.679249], [-48.284471, -21.6795], [-48.284296, -21.679689], [-48.284445, -21.680082], [-48.28409, -21.680208], [-48.283957, -21.680533], [-48.283715, -21.680841], [-48.284245, -21.680421], [-48.285561, -21.679044]]], [[[-48.172761, -21.966976], [-48.172934, -21.966844], [-48.172878, -21.966571], [-48.172205, -21.966373], [-48.172105, -21.96622], [-48.172261, -21.966004], [-48.172787, -21.965657], [-48.173526, -21.964626], [-48.173946, -21.964559], [-48.173861, -21.963738], [-48.17401, -21.963503], [-48.174853, -21.963655], [-48.174991, -21.963746], [-48.174625, -21.964941], [-48.174764, -21.96522], [-48.174995, -21.965405], [-48.175295, -21.965397], [-48.175514, -21.965287], [-48.175591, -21.964654], [-48.175698, -21.964517], [-48.175938, -21.964479], [-48.176624, -21.964709], [-48.177043, -21.96467], [-48.17712, -21.964551], [-48.176893, -21.963926], [-48.176989, -21.963849], [-48.177256, -21.963868], [-48.177731, -21.964368], [-48.178486, -21.964758], [-48.178502, -21.96501], [-48.178235, -21.965627], [-48.178312, -21.965845], [-48.178611, -21.966037], [-48.178979, -21.965979], [-48.179493, -21.965572], [-48.18004, -21.965525], [-48.180201, -21.965415], [-48.180178, -21.964945], [-48.179869, -21.964277], [-48.18004, -21.963977], [-48.181577, -21.96409], [-48.181546, -21.964341], [-48.180747, -21.964886], [-48.180655, -21.965343], [-48.180762, -21.965601], [-48.181959, -21.967188], [-48.182408, -21.967239], [-48.183345, -21.966865], [-48.183669, -21.9669], [-48.183961, -21.967132], [-48.184381, -21.967744], [-48.184495, -21.967776], [-48.184679, -21.967766], [-48.184768, -21.967664], [-48.184641, -21.966143], [-48.184952, -21.965902], [-48.18526, -21.96601], [-48.185482, -21.966249], [-48.185807, -21.966963], [-48.186046, -21.967258], [-48.186395, -21.967392], [-48.186747, -21.967363], [-48.187196, -21.967077], [-48.188067, -21.966003], [-48.188299, -21.96547], [-48.188723, -21.9648], [-48.188981, -21.964036], [-48.188665, -21.964474], [-48.18839, -21.964574], [-48.188202, -21.964805], [-48.188068, -21.965081], [-48.187997, -21.965518], [-48.18772, -21.965798], [-48.187164, -21.966183], [-48.186652, -21.966127], [-48.186354, -21.965913], [-48.18602, -21.9655], [-48.185453, -21.965272], [-48.185277, -21.964871], [-48.184987, -21.964712], [-48.184823, -21.964479], [-48.184551, -21.964364], [-48.183668, -21.964597], [-48.183176, -21.964076], [-48.182776, -21.963958], [-48.181977, -21.963287], [-48.180922, -21.962743], [-48.18089, -21.96268], [-48.181044, -21.962447], [-48.181001, -21.962086], [-48.180751, -21.961433], [-48.180617, -21.961328], [-48.18027, -21.961421], [-48.179638, -21.962566], [-48.179165, -21.962673], [-48.179066, -21.962625], [-48.179075, -21.962098], [-48.178766, -21.961875], [-48.178187, -21.962261], [-48.178121, -21.962429], [-48.177355, -21.962542], [-48.176992, -21.96249], [-48.176813, -21.962252], [-48.176841, -21.96171], [-48.17667, -21.961506], [-48.17632, -21.961376], [-48.17584, -21.961565], [-48.175208, -21.962131], [-48.174757, -21.962326], [-48.174308, -21.962261], [-48.173746, -21.962648], [-48.173567, -21.963449], [-48.173101, -21.963536], [-48.172482, -21.964464], [-48.171848, -21.964992], [-48.171432, -21.965147], [-48.170681, -21.965719], [-48.170482, -21.966], [-48.170388, -21.966022], [-48.170379, -21.965938], [-48.170516, -21.965569], [-48.170126, -21.965633], [-48.169506, -21.965565], [-48.168852, -21.965243], [-48.168497, -21.964903], [-48.168291, -21.96506], [-48.168434, -21.965373], [-48.168841, -21.965724], [-48.16916, -21.966143], [-48.169479, -21.966164], [-48.169613, -21.966404], [-48.169834, -21.966569], [-48.169852, -21.966899], [-48.1695, -21.967307], [-48.16956, -21.967922], [-48.169783, -21.968194], [-48.170078, -21.96815], [-48.170256, -21.968327], [-48.170143, -21.968631], [-48.169813, -21.96875], [-48.169785, -21.96913], [-48.170007, -21.969246], [-48.170691, -21.969234], [-48.171212, -21.969508], [-48.17136, -21.969431], [-48.171546, -21.969468], [-48.171761, -21.970119], [-48.17199, -21.970063], [-48.172168, -21.96962], [-48.172105, -21.969447], [-48.171515, -21.968747], [-48.171499, -21.96852], [-48.171713, -21.968314], [-48.172333, -21.968143], [-48.172439, -21.96783], [-48.172257, -21.967576], [-48.171884, -21.967353], [-48.171915, -21.967013], [-48.172122, -21.966917], [-48.172761, -21.966976]]], [[[-48.132458, -21.960267], [-48.13349, -21.960652], [-48.135166, -21.96096], [-48.136176, -21.961033], [-48.137913, -21.961472], [-48.139352, -21.961356], [-48.140949, -21.960718], [-48.142443, -21.960895], [-48.143531, -21.960848], [-48.144569, -21.961393], [-48.145491, -21.961587], [-48.14719, -21.962626], [-48.148848, -21.964175], [-48.149832, -21.964719], [-48.151042, -21.965228], [-48.152588, -21.966266], [-48.153291, -21.966518], [-48.155353, -21.966513], [-48.156682, -21.967317], [-48.157796, -21.967598], [-48.159827, -21.968287], [-48.160509, -21.968847], [-48.161087, -21.969164], [-48.162047, -21.969964], [-48.163193, -21.97055], [-48.164094, -21.971156], [-48.165587, -21.97147], [-48.166403, -21.972322], [-48.166616, -21.972413], [-48.166989, -21.972195], [-48.167422, -21.97164], [-48.168299, -21.971404], [-48.168837, -21.971128], [-48.169819, -21.9702], [-48.170404, -21.970089], [-48.170762, -21.970268], [-48.170783, -21.970192], [-48.170756, -21.970026], [-48.170564, -21.969784], [-48.17, -21.969718], [-48.169347, -21.969809], [-48.169119, -21.970041], [-48.169016, -21.970388], [-48.168295, -21.970619], [-48.167979, -21.970844], [-48.167598, -21.971303], [-48.167166, -21.971493], [-48.166694, -21.971519], [-48.165759, -21.971219], [-48.164951, -21.971091], [-48.164497, -21.970829], [-48.164352, -21.969963], [-48.163963, -21.969749], [-48.162834, -21.969636], [-48.162235, -21.969397], [-48.161354, -21.968372], [-48.161121, -21.967841], [-48.160577, -21.967406], [-48.15998, -21.967186], [-48.15845, -21.967032], [-48.15716, -21.966735], [-48.156731, -21.966477], [-48.156052, -21.965518], [-48.155761, -21.965401], [-48.154365, -21.965827], [-48.154104, -21.965824], [-48.153307, -21.965526], [-48.151908, -21.964587], [-48.15132, -21.964427], [-48.150129, -21.964329], [-48.147638, -21.962274], [-48.146101, -21.960592], [-48.145703, -21.959578], [-48.145502, -21.958276], [-48.145342, -21.958202], [-48.14505, -21.958183], [-48.144921, -21.958266], [-48.14485, -21.958867], [-48.144236, -21.959676], [-48.143173, -21.96016], [-48.142262, -21.960236], [-48.141592, -21.96043], [-48.14116, -21.960297], [-48.140873, -21.9603], [-48.140568, -21.960464], [-48.140239, -21.960477], [-48.139836, -21.960743], [-48.139224, -21.960987], [-48.138724, -21.960974], [-48.137924, -21.960684], [-48.133652, -21.959779], [-48.13167, -21.959068], [-48.131359, -21.959022], [-48.130865, -21.959142], [-48.130166, -21.959054], [-48.129651, -21.958689], [-48.129727, -21.958407], [-48.129499, -21.957988], [-48.129408, -21.957409], [-48.128975, -21.957311], [-48.128831, -21.958188], [-48.128446, -21.958676], [-48.128406, -21.959106], [-48.129793, -21.959322], [-48.13143, -21.960169], [-48.132458, -21.960267]]], [[[-48.120498, -21.959704], [-48.120414, -21.959788], [-48.1202, -21.960839], [-48.1199, -21.960888], [-48.118823, -21.960618], [-48.118622, -21.960755], [-48.118347, -21.960772], [-48.117605, -21.960571], [-48.117296, -21.960626], [-48.118466, -21.961056], [-48.119059, -21.961154], [-48.120297, -21.96106], [-48.121234, -21.960772], [-48.121812, -21.960722], [-48.122786, -21.960497], [-48.12362, -21.96012], [-48.124602, -21.960048], [-48.125627, -21.95963], [-48.126932, -21.959593], [-48.127771, -21.959411], [-48.127474, -21.959209], [-48.127167, -21.959161], [-48.126791, -21.959372], [-48.126399, -21.95944], [-48.126112, -21.959401], [-48.126129, -21.959062], [-48.125475, -21.958814], [-48.124642, -21.958931], [-48.123742, -21.959209], [-48.123166, -21.959441], [-48.122385, -21.959941], [-48.122164, -21.959992], [-48.12175, -21.959942], [-48.121139, -21.959611], [-48.120498, -21.959704]]], [[[-48.195795, -21.951139], [-48.195877, -21.950895], [-48.195512, -21.950571], [-48.195473, -21.950381], [-48.195667, -21.950268], [-48.19637, -21.950519], [-48.196554, -21.950498], [-48.196611, -21.950381], [-48.196085, -21.949739], [-48.196087, -21.949586], [-48.196354, -21.94915], [-48.19633, -21.949015], [-48.195689, -21.948913], [-48.19557, -21.948775], [-48.1957, -21.948624], [-48.196528, -21.948429], [-48.196681, -21.94821], [-48.196657, -21.947984], [-48.196453, -21.947734], [-48.19589, -21.947487], [-48.195737, -21.947201], [-48.195854, -21.946957], [-48.1965, -21.946694], [-48.19657, -21.945922], [-48.196723, -21.945482], [-48.197096, -21.945193], [-48.197644, -21.945099], [-48.197853, -21.944975], [-48.197696, -21.944485], [-48.197786, -21.944304], [-48.198348, -21.944248], [-48.198583, -21.943746], [-48.199164, -21.943569], [-48.199284, -21.942999], [-48.200245, -21.943177], [-48.200592, -21.943505], [-48.200948, -21.943483], [-48.201291, -21.943353], [-48.201599, -21.942953], [-48.20141, -21.942401], [-48.20155, -21.942188], [-48.202001, -21.941831], [-48.202092, -21.941643], [-48.201952, -21.941346], [-48.201523, -21.941182], [-48.201373, -21.941008], [-48.20148, -21.940453], [-48.201459, -21.939703], [-48.201741, -21.939268], [-48.201916, -21.938704], [-48.201503, -21.937925], [-48.201365, -21.937452], [-48.201509, -21.937279], [-48.202042, -21.9373], [-48.202307, -21.936987], [-48.202353, -21.936684], [-48.202132, -21.936251], [-48.201995, -21.935369], [-48.20204, -21.935274], [-48.202347, -21.93517], [-48.202924, -21.935221], [-48.203141, -21.934988], [-48.203003, -21.934479], [-48.202349, -21.933987], [-48.202538, -21.933338], [-48.202121, -21.932941], [-48.202078, -21.932711], [-48.201754, -21.933035], [-48.201563, -21.933437], [-48.20117, -21.933914], [-48.201156, -21.934184], [-48.20141, -21.934546], [-48.20132, -21.934987], [-48.201662, -21.935417], [-48.201181, -21.935925], [-48.201095, -21.93644], [-48.200768, -21.936389], [-48.20046, -21.936157], [-48.200528, -21.935455], [-48.200258, -21.934453], [-48.200054, -21.934376], [-48.199589, -21.934463], [-48.199346, -21.934681], [-48.199129, -21.935311], [-48.199358, -21.936189], [-48.199256, -21.936535], [-48.199309, -21.936818], [-48.198507, -21.937703], [-48.198466, -21.937893], [-48.198726, -21.938211], [-48.199519, -21.93853], [-48.199742, -21.938789], [-48.199503, -21.93924], [-48.199128, -21.939538], [-48.198975, -21.939884], [-48.199034, -21.940151], [-48.199375, -21.940378], [-48.19941, -21.94078], [-48.19921, -21.940952], [-48.198556, -21.94104], [-48.196754, -21.940947], [-48.196387, -21.940634], [-48.196213, -21.940691], [-48.196255, -21.941201], [-48.196439, -21.941509], [-48.196676, -21.941613], [-48.197139, -21.941424], [-48.197322, -21.941538], [-48.197437, -21.941767], [-48.197445, -21.942709], [-48.197176, -21.943123], [-48.197076, -21.943736], [-48.196719, -21.943946], [-48.196308, -21.943908], [-48.195843, -21.94363], [-48.195679, -21.943369], [-48.195495, -21.942799], [-48.19528, -21.942837], [-48.195007, -21.943017], [-48.195668, -21.944228], [-48.196188, -21.944569], [-48.196257, -21.944849], [-48.196416, -21.945009], [-48.196113, -21.945364], [-48.195908, -21.94588], [-48.195258, -21.946616], [-48.195205, -21.947427], [-48.194674, -21.948105], [-48.194287, -21.948231], [-48.194089, -21.948415], [-48.193961, -21.948789], [-48.193725, -21.949131], [-48.193847, -21.949907], [-48.193353, -21.949974], [-48.193004, -21.95021], [-48.192288, -21.95038], [-48.192367, -21.950731], [-48.192747, -21.950789], [-48.193118, -21.950685], [-48.193329, -21.950736], [-48.193555, -21.951198], [-48.193596, -21.951562], [-48.19344, -21.952446], [-48.193242, -21.952874], [-48.193213, -21.953311], [-48.193656, -21.953838], [-48.194448, -21.954217], [-48.194509, -21.954496], [-48.195499, -21.954838], [-48.195554, -21.955094], [-48.194536, -21.955365], [-48.194188, -21.955862], [-48.194174, -21.956254], [-48.193004, -21.9571], [-48.192874, -21.957533], [-48.192709, -21.957652], [-48.191917, -21.957784], [-48.191797, -21.958406], [-48.191623, -21.958413], [-48.191263, -21.958243], [-48.190861, -21.958367], [-48.189959, -21.958276], [-48.189681, -21.958509], [-48.1895, -21.95933], [-48.189537, -21.96014], [-48.189443, -21.960253], [-48.189363, -21.960645], [-48.189088, -21.961053], [-48.188907, -21.96172], [-48.189001, -21.962856], [-48.188748, -21.963272], [-48.189133, -21.963723], [-48.189878, -21.962381], [-48.190086, -21.962146], [-48.190691, -21.961751], [-48.191073, -21.961358], [-48.191274, -21.960665], [-48.191135, -21.959892], [-48.190766, -21.959071], [-48.190897, -21.958813], [-48.191829, -21.95893], [-48.19263, -21.959286], [-48.193215, -21.959209], [-48.193629, -21.959027], [-48.193821, -21.958732], [-48.193159, -21.958321], [-48.193067, -21.958096], [-48.193931, -21.957835], [-48.194016, -21.957459], [-48.19414, -21.957354], [-48.194633, -21.957556], [-48.194879, -21.957485], [-48.194963, -21.956451], [-48.195143, -21.956154], [-48.195375, -21.956107], [-48.195724, -21.956444], [-48.195911, -21.956503], [-48.196632, -21.955994], [-48.196672, -21.955851], [-48.196459, -21.955257], [-48.196108, -21.954763], [-48.195571, -21.954377], [-48.195558, -21.954152], [-48.196076, -21.953813], [-48.196161, -21.953673], [-48.19578, -21.953126], [-48.195842, -21.952918], [-48.196027, -21.952904], [-48.196403, -21.953129], [-48.196642, -21.953128], [-48.196677, -21.953055], [-48.196655, -21.952816], [-48.196018, -21.952469], [-48.195876, -21.951909], [-48.195467, -21.9516], [-48.195547, -21.951396], [-48.195795, -21.951139]]], [[[-48.208693, -21.925595], [-48.207608, -21.926189], [-48.206599, -21.926463], [-48.206213, -21.926725], [-48.205611, -21.92734], [-48.20495, -21.9277], [-48.204058, -21.927721], [-48.202944, -21.928079], [-48.202569, -21.928113], [-48.202028, -21.927984], [-48.201595, -21.927738], [-48.201431, -21.92794], [-48.201392, -21.928231], [-48.202461, -21.929013], [-48.202789, -21.92979], [-48.202785, -21.930069], [-48.20232, -21.93141], [-48.202272, -21.931892], [-48.20207, -21.932227], [-48.202054, -21.9326], [-48.2027, -21.932211], [-48.203028, -21.931708], [-48.203729, -21.931114], [-48.203902, -21.929886], [-48.204114, -21.929461], [-48.20434, -21.929304], [-48.204702, -21.929272], [-48.205317, -21.929535], [-48.205536, -21.929834], [-48.205986, -21.930873], [-48.206297, -21.931258], [-48.206812, -21.931307], [-48.207526, -21.93164], [-48.208217, -21.931727], [-48.208548, -21.931593], [-48.209443, -21.930698], [-48.209718, -21.930619], [-48.209933, -21.931215], [-48.210114, -21.931418], [-48.210305, -21.931418], [-48.210617, -21.930896], [-48.211367, -21.930779], [-48.211445, -21.930079], [-48.211616, -21.929854], [-48.212536, -21.929871], [-48.212454, -21.929396], [-48.212557, -21.929232], [-48.212851, -21.929165], [-48.213786, -21.929261], [-48.213913, -21.929046], [-48.21343, -21.928222], [-48.213424, -21.927578], [-48.21382, -21.92721], [-48.214531, -21.927308], [-48.214846, -21.927258], [-48.215381, -21.926548], [-48.215322, -21.926014], [-48.214918, -21.925518], [-48.214945, -21.925302], [-48.214712, -21.925045], [-48.21428, -21.924787], [-48.21416, -21.924801], [-48.21409, -21.925211], [-48.213606, -21.925271], [-48.213371, -21.925229], [-48.213115, -21.92491], [-48.211712, -21.925096], [-48.211304, -21.925105], [-48.210946, -21.925017], [-48.210399, -21.924708], [-48.210045, -21.924321], [-48.209137, -21.922992], [-48.208886, -21.922966], [-48.208582, -21.923035], [-48.208406, -21.923251], [-48.209108, -21.92455], [-48.209074, -21.924987], [-48.208947, -21.925291], [-48.208693, -21.925595]]], [[[-48.22864, -21.925144], [-48.22875, -21.925744], [-48.228896, -21.925818], [-48.229658, -21.925161], [-48.229747, -21.924593], [-48.230023, -21.9239], [-48.229779, -21.92317], [-48.230019, -21.922974], [-48.230663, -21.922813], [-48.230792, -21.922686], [-48.230776, -21.922437], [-48.230448, -21.921849], [-48.230601, -21.921276], [-48.230409, -21.921095], [-48.229791, -21.922187], [-48.229283, -21.922591], [-48.228816, -21.923416], [-48.228772, -21.92401], [-48.229395, -21.924423], [-48.229405, -21.924643], [-48.22917, -21.925099], [-48.228858, -21.9251], [-48.228634, -21.924905], [-48.228394, -21.924532], [-48.227826, -21.92476], [-48.226986, -21.924364], [-48.226228, -21.924559], [-48.225876, -21.924505], [-48.225511, -21.924217], [-48.225561, -21.924407], [-48.226387, -21.925279], [-48.226822, -21.926035], [-48.227156, -21.926238], [-48.227648, -21.926014], [-48.227762, -21.925429], [-48.22831, -21.925014], [-48.228481, -21.925003], [-48.22864, -21.925144]]], [[[-48.22214, -21.923076], [-48.22232, -21.922864], [-48.222381, -21.922194], [-48.222473, -21.921958], [-48.222895, -21.921931], [-48.222986, -21.921992], [-48.223218, -21.922534], [-48.223151, -21.92311], [-48.2232, -21.923203], [-48.223478, -21.923385], [-48.224052, -21.92345], [-48.224553, -21.923663], [-48.225039, -21.923623], [-48.224833, -21.923363], [-48.224722, -21.922527], [-48.224374, -21.922], [-48.22425, -21.921313], [-48.224856, -21.920721], [-48.224856, -21.920397], [-48.224671, -21.920141], [-48.224194, -21.920111], [-48.224069, -21.920038], [-48.223446, -21.920116], [-48.22313, -21.919972], [-48.222627, -21.919564], [-48.222377, -21.919598], [-48.222296, -21.91983], [-48.222738, -21.920461], [-48.222803, -21.920794], [-48.222104, -21.92094], [-48.221428, -21.920767], [-48.221155, -21.921156], [-48.220842, -21.92126], [-48.220388, -21.921123], [-48.219766, -21.921184], [-48.219368, -21.921544], [-48.219268, -21.92176], [-48.219418, -21.922127], [-48.219357, -21.922265], [-48.219043, -21.922476], [-48.218361, -21.922675], [-48.217869, -21.922658], [-48.217945, -21.922897], [-48.217529, -21.923164], [-48.217402, -21.923358], [-48.217223, -21.924106], [-48.216642, -21.924575], [-48.216094, -21.924495], [-48.215693, -21.924555], [-48.215537, -21.924886], [-48.215674, -21.925134], [-48.216437, -21.924851], [-48.218, -21.92459], [-48.218932, -21.924097], [-48.219195, -21.924439], [-48.219472, -21.92444], [-48.220263, -21.923159], [-48.220914, -21.922658], [-48.221126, -21.922058], [-48.221405, -21.921888], [-48.221593, -21.92212], [-48.221724, -21.922935], [-48.22214, -21.923076]]], [[[-48.230815, -21.918198], [-48.231193, -21.918476], [-48.231218, -21.918689], [-48.231097, -21.918787], [-48.230674, -21.918837], [-48.230512, -21.919023], [-48.230323, -21.919611], [-48.230362, -21.920009], [-48.230523, -21.92024], [-48.231892, -21.91855], [-48.231917, -21.918187], [-48.231674, -21.918382], [-48.231252, -21.918077], [-48.230815, -21.918198]]], [[[-48.232786, -21.918611], [-48.233172, -21.918704], [-48.233238, -21.918309], [-48.233004, -21.917662], [-48.232058, -21.916058], [-48.232107, -21.915843], [-48.231797, -21.915886], [-48.231376, -21.916147], [-48.231336, -21.916651], [-48.231106, -21.917051], [-48.2312, -21.917325], [-48.231435, -21.917524], [-48.23189, -21.917595], [-48.232068, -21.917874], [-48.232261, -21.917874], [-48.232786, -21.918611]]], [[[-48.239882, -21.903979], [-48.23949, -21.904206], [-48.2392, -21.904204], [-48.239134, -21.903539], [-48.23916, -21.903421], [-48.239297, -21.903326], [-48.239759, -21.903504], [-48.240099, -21.903426], [-48.240111, -21.903211], [-48.239847, -21.902748], [-48.239967, -21.902074], [-48.239431, -21.90187], [-48.239109, -21.901914], [-48.239111, -21.902418], [-48.239215, -21.90279], [-48.238973, -21.902933], [-48.238175, -21.902978], [-48.238127, -21.903134], [-48.238219, -21.903588], [-48.238635, -21.904199], [-48.238774, -21.90457], [-48.238755, -21.905078], [-48.238926, -21.905573], [-48.238717, -21.905767], [-48.238362, -21.90578], [-48.238043, -21.905418], [-48.237874, -21.9054], [-48.237134, -21.905947], [-48.237101, -21.906173], [-48.237191, -21.906362], [-48.237563, -21.906385], [-48.237758, -21.906547], [-48.23777, -21.906971], [-48.237353, -21.907219], [-48.236791, -21.907377], [-48.23639, -21.907791], [-48.236271, -21.908308], [-48.235638, -21.90832], [-48.234807, -21.909258], [-48.233273, -21.909337], [-48.231222, -21.909138], [-48.230693, -21.908914], [-48.230543, -21.908961], [-48.230508, -21.909207], [-48.230769, -21.909329], [-48.231257, -21.909781], [-48.231441, -21.909767], [-48.23176, -21.910126], [-48.23207, -21.910314], [-48.232014, -21.910692], [-48.231725, -21.910601], [-48.232089, -21.911462], [-48.232137, -21.91138], [-48.232071, -21.911069], [-48.232146, -21.910928], [-48.232946, -21.910475], [-48.233153, -21.91051], [-48.23344, -21.910886], [-48.233303, -21.9125], [-48.233056, -21.912864], [-48.23275, -21.912942], [-48.23252, -21.912845], [-48.232223, -21.91237], [-48.232392, -21.913636], [-48.232508, -21.913879], [-48.232695, -21.914834], [-48.232406, -21.915209], [-48.232356, -21.915486], [-48.233785, -21.914931], [-48.234217, -21.914692], [-48.234704, -21.9143], [-48.235179, -21.913576], [-48.23558, -21.913152], [-48.235714, -21.912889], [-48.235767, -21.912455], [-48.2353, -21.911548], [-48.235494, -21.910739], [-48.23564, -21.910534], [-48.236039, -21.910501], [-48.236291, -21.910645], [-48.236551, -21.911447], [-48.236714, -21.911703], [-48.236894, -21.911754], [-48.237193, -21.911532], [-48.237405, -21.910687], [-48.237924, -21.909849], [-48.237834, -21.909321], [-48.237487, -21.908841], [-48.237511, -21.908667], [-48.237917, -21.908316], [-48.238024, -21.908051], [-48.237711, -21.907653], [-48.237633, -21.907371], [-48.238309, -21.907023], [-48.238456, -21.906667], [-48.239359, -21.905731], [-48.240272, -21.904226], [-48.240215, -21.90403], [-48.239882, -21.903979]]], [[[-48.116448, -21.892957], [-48.116561, -21.892867], [-48.116596, -21.892719], [-48.116448, -21.892957]]], [[[-48.142937, -21.887056], [-48.142273, -21.887214], [-48.142193, -21.887523], [-48.142268, -21.887834], [-48.141806, -21.888407], [-48.14168, -21.888441], [-48.141448, -21.888344], [-48.141488, -21.88798], [-48.140931, -21.888349], [-48.140833, -21.888586], [-48.140866, -21.888864], [-48.141173, -21.889238], [-48.141709, -21.889223], [-48.14193, -21.889141], [-48.141847, -21.888819], [-48.141961, -21.888748], [-48.142651, -21.888963], [-48.14302, -21.888729], [-48.142935, -21.888296], [-48.143, -21.888002], [-48.143567, -21.887268], [-48.144007, -21.886874], [-48.144322, -21.886739], [-48.144703, -21.886771], [-48.14635, -21.887655], [-48.147663, -21.88873], [-48.147995, -21.888733], [-48.148232, -21.888579], [-48.148302, -21.888423], [-48.147836, -21.88814], [-48.147426, -21.887568], [-48.146318, -21.887215], [-48.146048, -21.886924], [-48.145222, -21.886524], [-48.144417, -21.885969], [-48.144048, -21.88601], [-48.143435, -21.886722], [-48.143155, -21.886836], [-48.142937, -21.887056]]], [[[-48.134433, -21.880678], [-48.133852, -21.881156], [-48.133547, -21.881253], [-48.133474, -21.88144], [-48.133171, -21.881663], [-48.13283, -21.881772], [-48.132074, -21.881682], [-48.131205, -21.881908], [-48.130273, -21.881962], [-48.129614, -21.882098], [-48.129439, -21.881987], [-48.129292, -21.881445], [-48.129192, -21.881357], [-48.128998, -21.881399], [-48.129047, -21.881763], [-48.129003, -21.882266], [-48.12893, -21.882314], [-48.127956, -21.882388], [-48.127536, -21.882303], [-48.127387, -21.882173], [-48.127202, -21.881774], [-48.126789, -21.88146], [-48.126321, -21.881321], [-48.125579, -21.881569], [-48.125048, -21.882623], [-48.124814, -21.88268], [-48.124668, -21.882937], [-48.124494, -21.883062], [-48.124077, -21.883184], [-48.123833, -21.883359], [-48.123717, -21.883724], [-48.123847, -21.884584], [-48.123758, -21.884818], [-48.123468, -21.884966], [-48.122731, -21.884725], [-48.121552, -21.884808], [-48.120831, -21.884755], [-48.120431, -21.884378], [-48.120169, -21.884365], [-48.119565, -21.884564], [-48.119141, -21.884578], [-48.11861, -21.884432], [-48.117569, -21.884449], [-48.116673, -21.884312], [-48.116082, -21.884062], [-48.115847, -21.88411], [-48.115393, -21.884374], [-48.1149, -21.885123], [-48.114488, -21.885157], [-48.113963, -21.884873], [-48.112885, -21.883724], [-48.112321, -21.883395], [-48.111703, -21.883374], [-48.11095, -21.883658], [-48.110348, -21.883764], [-48.109883, -21.883521], [-48.108657, -21.883431], [-48.108345, -21.883224], [-48.107804, -21.882499], [-48.10713, -21.882067], [-48.106292, -21.882329], [-48.105988, -21.882325], [-48.105643, -21.88221], [-48.105121, -21.881625], [-48.104071, -21.881058], [-48.1043, -21.880494], [-48.10367, -21.879274], [-48.103409, -21.879033], [-48.103014, -21.879015], [-48.102693, -21.879103], [-48.101303, -21.879943], [-48.100295, -21.879928], [-48.099988, -21.880444], [-48.099685, -21.880724], [-48.098209, -21.881365], [-48.0975, -21.881453], [-48.097672, -21.882785], [-48.097854, -21.882616], [-48.0979, -21.882218], [-48.098872, -21.881956], [-48.099684, -21.88189], [-48.099971, -21.881755], [-48.100387, -21.881398], [-48.101264, -21.881248], [-48.102033, -21.880217], [-48.102601, -21.879906], [-48.102993, -21.879913], [-48.103169, -21.879979], [-48.103259, -21.880194], [-48.103008, -21.880863], [-48.103065, -21.88129], [-48.103797, -21.882094], [-48.104107, -21.882167], [-48.104642, -21.88215], [-48.104993, -21.882431], [-48.105565, -21.883974], [-48.106283, -21.884439], [-48.106736, -21.884537], [-48.108371, -21.884228], [-48.108854, -21.884212], [-48.110577, -21.884773], [-48.111801, -21.885451], [-48.112251, -21.885464], [-48.112917, -21.885134], [-48.113256, -21.885171], [-48.113505, -21.88535], [-48.113818, -21.886118], [-48.114189, -21.886417], [-48.11456, -21.886439], [-48.114857, -21.886317], [-48.115738, -21.885305], [-48.116207, -21.885222], [-48.11658, -21.885422], [-48.11697, -21.885923], [-48.117496, -21.886164], [-48.117993, -21.88626], [-48.11865, -21.88625], [-48.119944, -21.886098], [-48.120415, -21.886288], [-48.12079, -21.886922], [-48.120961, -21.888433], [-48.120374, -21.888941], [-48.120123, -21.889401], [-48.119531, -21.8898], [-48.119301, -21.890151], [-48.118948, -21.890433], [-48.118908, -21.890694], [-48.119082, -21.890982], [-48.118305, -21.891924], [-48.117511, -21.89196], [-48.116977, -21.892288], [-48.116697, -21.892644], [-48.116748, -21.892903], [-48.116696, -21.89304], [-48.116979, -21.893432], [-48.117033, -21.893714], [-48.117516, -21.893462], [-48.117619, -21.893104], [-48.117952, -21.892581], [-48.118864, -21.892097], [-48.118784, -21.89169], [-48.11925, -21.8915], [-48.119571, -21.891035], [-48.120659, -21.890795], [-48.121298, -21.889997], [-48.121594, -21.889522], [-48.121715, -21.888481], [-48.12228, -21.887504], [-48.123103, -21.887099], [-48.123458, -21.886816], [-48.123725, -21.886357], [-48.124163, -21.886047], [-48.12472, -21.884792], [-48.124459, -21.884399], [-48.124443, -21.88425], [-48.124638, -21.883864], [-48.125141, -21.883573], [-48.125244, -21.882943], [-48.125827, -21.88291], [-48.126425, -21.88314], [-48.12657, -21.883244], [-48.126728, -21.883561], [-48.12745, -21.883714], [-48.127882, -21.884079], [-48.128289, -21.883596], [-48.12852, -21.883543], [-48.128712, -21.883605], [-48.128797, -21.882956], [-48.128956, -21.882826], [-48.131912, -21.882486], [-48.133048, -21.882432], [-48.133309, -21.882347], [-48.134042, -21.881854], [-48.134246, -21.88181], [-48.134738, -21.882037], [-48.135605, -21.882252], [-48.135813, -21.882468], [-48.136182, -21.882304], [-48.136329, -21.882339], [-48.136434, -21.881737], [-48.136641, -21.88159], [-48.136779, -21.881625], [-48.136725, -21.881383], [-48.135769, -21.881261], [-48.135532, -21.881107], [-48.135378, -21.881144], [-48.134664, -21.88064], [-48.134433, -21.880678]], [[-48.106104, -21.883653], [-48.106483, -21.883851], [-48.106631, -21.883764], [-48.106971, -21.883869], [-48.107379, -21.883774], [-48.107453, -21.883642], [-48.107326, -21.883325], [-48.107372, -21.883219], [-48.107473, -21.883212], [-48.107652, -21.883246], [-48.107824, -21.883437], [-48.108048, -21.883392], [-48.10808, -21.883525], [-48.108283, -21.883704], [-48.108518, -21.883703], [-48.108422, -21.883979], [-48.107773, -21.883646], [-48.10703, -21.88401], [-48.106584, -21.884094], [-48.106323, -21.884029], [-48.106082, -21.883758], [-48.105937, -21.883444], [-48.106115, -21.883438], [-48.106104, -21.883653]], [[-48.106488, -21.882691], [-48.106388, -21.882574], [-48.106469, -21.882449], [-48.10689, -21.882541], [-48.10699, -21.882309], [-48.107226, -21.882272], [-48.107314, -21.882524], [-48.107612, -21.88276], [-48.10741, -21.882816], [-48.107166, -21.882698], [-48.106799, -21.883059], [-48.106553, -21.882909], [-48.106359, -21.882909], [-48.106488, -21.882691]]], [[[-48.138843, -21.885725], [-48.138611, -21.885828], [-48.138254, -21.885591], [-48.137983, -21.885836], [-48.137961, -21.886693], [-48.138118, -21.887225], [-48.138318, -21.887448], [-48.138726, -21.887537], [-48.139026, -21.887348], [-48.13958, -21.886786], [-48.139871, -21.886697], [-48.140431, -21.886729], [-48.141065, -21.886919], [-48.141645, -21.887351], [-48.141598, -21.886961], [-48.141814, -21.886533], [-48.14161, -21.886236], [-48.141302, -21.886171], [-48.141141, -21.886272], [-48.140736, -21.886184], [-48.140624, -21.885793], [-48.140454, -21.885668], [-48.139898, -21.885851], [-48.139428, -21.88552], [-48.139194, -21.884982], [-48.138676, -21.884416], [-48.138709, -21.883902], [-48.138391, -21.883336], [-48.138245, -21.882573], [-48.138023, -21.882503], [-48.13772, -21.882107], [-48.137219, -21.88173], [-48.136923, -21.881672], [-48.13747, -21.882271], [-48.137647, -21.882597], [-48.137762, -21.883028], [-48.137785, -21.883553], [-48.138086, -21.884316], [-48.138164, -21.884898], [-48.138581, -21.884987], [-48.138894, -21.885194], [-48.138843, -21.885725]]], [[[-48.023084, -21.845553], [-48.022951, -21.845832], [-48.022936, -21.846167], [-48.022816, -21.846245], [-48.022458, -21.846209], [-48.022063, -21.845918], [-48.021861, -21.845999], [-48.022003, -21.84655], [-48.021906, -21.846766], [-48.021628, -21.846633], [-48.021368, -21.846834], [-48.021113, -21.846907], [-48.020877, -21.846578], [-48.020727, -21.846687], [-48.020482, -21.846977], [-48.020445, -21.847188], [-48.020753, -21.847565], [-48.020752, -21.847655], [-48.020284, -21.848221], [-48.019635, -21.84818], [-48.018682, -21.850181], [-48.018756, -21.850701], [-48.018422, -21.850817], [-48.017884, -21.851617], [-48.016974, -21.851928], [-48.01576, -21.852874], [-48.015727, -21.853253], [-48.015989, -21.853808], [-48.016107, -21.854297], [-48.015962, -21.854819], [-48.016086, -21.855188], [-48.015712, -21.856123], [-48.015547, -21.85745], [-48.015353, -21.85769], [-48.01535, -21.857917], [-48.015518, -21.858386], [-48.015238, -21.858943], [-48.015281, -21.859244], [-48.015578, -21.85987], [-48.015369, -21.860124], [-48.015476, -21.8603], [-48.016047, -21.860345], [-48.016084, -21.859798], [-48.016375, -21.858316], [-48.017216, -21.855946], [-48.017432, -21.855094], [-48.017644, -21.853059], [-48.017991, -21.852098], [-48.018452, -21.851462], [-48.019122, -21.851229], [-48.019737, -21.850688], [-48.019936, -21.850401], [-48.02053, -21.849088], [-48.020917, -21.84863], [-48.021377, -21.848324], [-48.022771, -21.84767], [-48.023189, -21.847087], [-48.023399, -21.846974], [-48.023453, -21.846767], [-48.023405, -21.845855], [-48.024427, -21.84586], [-48.025083, -21.845418], [-48.025177, -21.845266], [-48.025155, -21.843756], [-48.025433, -21.843194], [-48.025717, -21.842021], [-48.025948, -21.841556], [-48.026484, -21.840986], [-48.027152, -21.840095], [-48.027672, -21.83922], [-48.027959, -21.838556], [-48.028063, -21.838079], [-48.02814, -21.836623], [-48.02838, -21.835327], [-48.028259, -21.834504], [-48.028281, -21.833997], [-48.029151, -21.830755], [-48.029281, -21.830535], [-48.029287, -21.830504], [-48.029283, -21.830474], [-48.029012, -21.830903], [-48.02855, -21.832614], [-48.02819, -21.83268], [-48.027777, -21.83259], [-48.027697, -21.832498], [-48.027606, -21.831835], [-48.027464, -21.83194], [-48.027504, -21.834628], [-48.027132, -21.836601], [-48.027157, -21.837304], [-48.026996, -21.838204], [-48.027139, -21.838258], [-48.027331, -21.838509], [-48.027412, -21.838926], [-48.027331, -21.839024], [-48.02682, -21.838964], [-48.026473, -21.839026], [-48.026076, -21.839984], [-48.025781, -21.840433], [-48.024977, -21.841123], [-48.024564, -21.84135], [-48.024264, -21.841684], [-48.024351, -21.842419], [-48.024923, -21.842826], [-48.024735, -21.843155], [-48.024387, -21.843475], [-48.023719, -21.843593], [-48.02364, -21.843825], [-48.023978, -21.844017], [-48.023967, -21.844231], [-48.023674, -21.844674], [-48.023461, -21.844856], [-48.023051, -21.845028], [-48.023084, -21.845553]]], [[[-48.027988, -21.830846], [-48.028223, -21.830737], [-48.028082, -21.830475], [-48.027954, -21.830592], [-48.027988, -21.830846]]], [[[-48.194865, -21.821949], [-48.195501, -21.822252], [-48.196255, -21.822124], [-48.196849, -21.823798], [-48.197497, -21.824696], [-48.197948, -21.825087], [-48.199221, -21.825924], [-48.200086, -21.826311], [-48.202239, -21.8268], [-48.203252, -21.826873], [-48.204025, -21.82717], [-48.205865, -21.827242], [-48.206492, -21.827362], [-48.207507, -21.827742], [-48.207886, -21.827545], [-48.208185, -21.827503], [-48.208627, -21.827602], [-48.209241, -21.827909], [-48.210167, -21.828008], [-48.210535, -21.827931], [-48.211318, -21.827383], [-48.211673, -21.827266], [-48.212481, -21.827181], [-48.21323, -21.827225], [-48.213456, -21.827117], [-48.213523, -21.826953], [-48.213497, -21.82681], [-48.213263, -21.826547], [-48.212807, -21.826429], [-48.210957, -21.826712], [-48.21036, -21.827103], [-48.209999, -21.827157], [-48.209505, -21.827085], [-48.208471, -21.826734], [-48.206601, -21.826837], [-48.206327, -21.826762], [-48.205738, -21.82633], [-48.203895, -21.826232], [-48.201233, -21.825682], [-48.20079, -21.825402], [-48.200219, -21.824802], [-48.198812, -21.824321], [-48.198363, -21.824063], [-48.197827, -21.823504], [-48.197508, -21.823695], [-48.19704, -21.823659], [-48.196848, -21.823471], [-48.196827, -21.823123], [-48.197072, -21.822338], [-48.196599, -21.821539], [-48.19627, -21.821304], [-48.195648, -21.821256], [-48.195215, -21.821386], [-48.19492, -21.821269], [-48.194638, -21.820843], [-48.194553, -21.82038], [-48.194381, -21.820328], [-48.193793, -21.819653], [-48.193398, -21.819367], [-48.193038, -21.819318], [-48.192893, -21.819383], [-48.192782, -21.819492], [-48.192924, -21.819719], [-48.193608, -21.820116], [-48.193986, -21.82081], [-48.194695, -21.821263], [-48.194865, -21.821949]]], [[[-48.177774, -21.810711], [-48.17827, -21.811324], [-48.178526, -21.81147], [-48.178891, -21.811858], [-48.180054, -21.812087], [-48.180209, -21.812491], [-48.180545, -21.812671], [-48.180882, -21.81305], [-48.181426, -21.813473], [-48.181662, -21.813531], [-48.182253, -21.813873], [-48.182816, -21.814008], [-48.183192, -21.814231], [-48.184097, -21.814296], [-48.184361, -21.814613], [-48.1844, -21.815158], [-48.184616, -21.815463], [-48.184836, -21.81552], [-48.185071, -21.815403], [-48.185195, -21.815071], [-48.185836, -21.815118], [-48.185783, -21.815411], [-48.185958, -21.815603], [-48.186188, -21.816369], [-48.18671, -21.816652], [-48.186925, -21.816862], [-48.187284, -21.816963], [-48.187524, -21.817198], [-48.188315, -21.817413], [-48.188519, -21.817584], [-48.188573, -21.817821], [-48.18904, -21.818209], [-48.189181, -21.818257], [-48.189781, -21.817893], [-48.189982, -21.817855], [-48.190128, -21.81818], [-48.190071, -21.818516], [-48.190217, -21.818808], [-48.191259, -21.81894], [-48.191586, -21.81884], [-48.191698, -21.818659], [-48.191635, -21.818266], [-48.191304, -21.817772], [-48.19108, -21.817636], [-48.189436, -21.817264], [-48.188151, -21.816789], [-48.187242, -21.815954], [-48.18596, -21.815044], [-48.185387, -21.814269], [-48.184507, -21.81369], [-48.181928, -21.812363], [-48.181451, -21.812234], [-48.18058, -21.81181], [-48.180276, -21.811799], [-48.180221, -21.811552], [-48.179937, -21.811397], [-48.179322, -21.811341], [-48.178726, -21.81118], [-48.17827, -21.810668], [-48.177795, -21.810426], [-48.177576, -21.809993], [-48.172911, -21.806794], [-48.172673, -21.806512], [-48.171698, -21.804327], [-48.170661, -21.803088], [-48.170533, -21.802999], [-48.1699, -21.803259], [-48.170487, -21.803908], [-48.170784, -21.804394], [-48.171245, -21.804649], [-48.171558, -21.804956], [-48.171473, -21.805518], [-48.171506, -21.8059], [-48.171839, -21.80612], [-48.172136, -21.806451], [-48.172351, -21.807062], [-48.173298, -21.80793], [-48.173686, -21.808507], [-48.17413, -21.808789], [-48.174342, -21.809027], [-48.174856, -21.809962], [-48.175055, -21.810187], [-48.175419, -21.810452], [-48.177009, -21.81063], [-48.177388, -21.810834], [-48.177774, -21.810711]]], [[[-48.153627, -21.79669], [-48.152885, -21.796061], [-48.152633, -21.796064], [-48.151654, -21.795396], [-48.151304, -21.795316], [-48.15107, -21.795004], [-48.150241, -21.794778], [-48.150055, -21.794618], [-48.149818, -21.794209], [-48.149586, -21.794098], [-48.149382, -21.794176], [-48.149357, -21.794509], [-48.149562, -21.794737], [-48.149993, -21.794911], [-48.150309, -21.79522], [-48.150923, -21.795526], [-48.151198, -21.795858], [-48.15182, -21.796027], [-48.152396, -21.796344], [-48.152437, -21.79673], [-48.152703, -21.797111], [-48.152998, -21.797693], [-48.152995, -21.797823], [-48.153302, -21.79826], [-48.153707, -21.798512], [-48.153865, -21.798308], [-48.154016, -21.79825], [-48.154404, -21.798328], [-48.154858, -21.799025], [-48.15524, -21.79929], [-48.158146, -21.79984], [-48.160492, -21.799898], [-48.164382, -21.800864], [-48.165822, -21.800963], [-48.167044, -21.801245], [-48.167959, -21.801592], [-48.169143, -21.802434], [-48.169451, -21.802217], [-48.169729, -21.802198], [-48.169211, -21.801872], [-48.169071, -21.801704], [-48.169017, -21.801439], [-48.1688, -21.801221], [-48.168173, -21.800903], [-48.164992, -21.800109], [-48.162514, -21.799624], [-48.161702, -21.799302], [-48.160918, -21.799116], [-48.159404, -21.799035], [-48.158792, -21.798864], [-48.157868, -21.798539], [-48.157268, -21.798175], [-48.156474, -21.797866], [-48.154554, -21.797218], [-48.153627, -21.79669]]], [[[-48.049525, -21.787792], [-48.049756, -21.786637], [-48.049699, -21.786108], [-48.048943, -21.786168], [-48.048675, -21.786029], [-48.048604, -21.785845], [-48.048817, -21.785523], [-48.049436, -21.785119], [-48.049952, -21.784911], [-48.050548, -21.785013], [-48.05113, -21.784551], [-48.051479, -21.784416], [-48.052091, -21.784448], [-48.053006, -21.784869], [-48.053851, -21.785008], [-48.054218, -21.78487], [-48.054675, -21.784375], [-48.05494, -21.784281], [-48.055859, -21.784409], [-48.056229, -21.784654], [-48.056789, -21.785324], [-48.057449, -21.786688], [-48.057666, -21.786967], [-48.058099, -21.78713], [-48.058856, -21.787263], [-48.059134, -21.787406], [-48.060718, -21.788875], [-48.061047, -21.789368], [-48.061256, -21.790135], [-48.061601, -21.790957], [-48.061669, -21.791524], [-48.061988, -21.791505], [-48.06235, -21.791294], [-48.062722, -21.791263], [-48.063196, -21.792107], [-48.064575, -21.792344], [-48.06496, -21.792861], [-48.065907, -21.793274], [-48.066413, -21.793048], [-48.066741, -21.792657], [-48.06617, -21.792372], [-48.065615, -21.79174], [-48.064986, -21.791381], [-48.064687, -21.790871], [-48.064369, -21.7906], [-48.063591, -21.790433], [-48.06343, -21.789772], [-48.062873, -21.789439], [-48.062598, -21.789126], [-48.062148, -21.787768], [-48.061779, -21.78724], [-48.060755, -21.78629], [-48.059576, -21.785604], [-48.059226, -21.785174], [-48.059015, -21.784672], [-48.059134, -21.784173], [-48.059077, -21.783889], [-48.058747, -21.783835], [-48.058035, -21.783942], [-48.057205, -21.783826], [-48.056923, -21.783686], [-48.055935, -21.783459], [-48.055706, -21.783235], [-48.05563, -21.783027], [-48.055191, -21.782933], [-48.054583, -21.782899], [-48.052628, -21.783215], [-48.050752, -21.782686], [-48.048423, -21.782539], [-48.047559, -21.782567], [-48.046851, -21.782284], [-48.046642, -21.781739], [-48.046664, -21.780547], [-48.046541, -21.779985], [-48.046375, -21.779653], [-48.045699, -21.778885], [-48.045338, -21.777569], [-48.045671, -21.77618], [-48.045778, -21.775196], [-48.045586, -21.773966], [-48.045618, -21.773176], [-48.047151, -21.769733], [-48.048258, -21.76816], [-48.04843, -21.767785], [-48.049173, -21.767176], [-48.04929, -21.76673], [-48.049135, -21.766015], [-48.049156, -21.765433], [-48.049477, -21.764956], [-48.049505, -21.764617], [-48.049635, -21.764282], [-48.04867, -21.763981], [-48.047724, -21.763875], [-48.046116, -21.762239], [-48.045729, -21.760872], [-48.045026, -21.760166], [-48.044813, -21.759304], [-48.044415, -21.758197], [-48.044008, -21.75805], [-48.04381, -21.757718], [-48.04376, -21.757025], [-48.043308, -21.756578], [-48.043241, -21.755691], [-48.042294, -21.755208], [-48.042045, -21.754982], [-48.041421, -21.753504], [-48.040398, -21.75233], [-48.040223, -21.751644], [-48.040168, -21.750982], [-48.039713, -21.750252], [-48.039426, -21.749396], [-48.038958, -21.74906], [-48.037961, -21.748662], [-48.03743, -21.747409], [-48.036848, -21.746996], [-48.036643, -21.74663], [-48.036203, -21.746477], [-48.035161, -21.745311], [-48.033656, -21.745281], [-48.033203, -21.745031], [-48.03269, -21.744528], [-48.031823, -21.744269], [-48.031012, -21.743732], [-48.030205, -21.74289], [-48.02986, -21.742365], [-48.029399, -21.742036], [-48.029113, -21.7417], [-48.028607, -21.741517], [-48.028454, -21.741233], [-48.028072, -21.741147], [-48.028071, -21.740666], [-48.027965, -21.74055], [-48.027574, -21.740477], [-48.023537, -21.740553], [-48.024909, -21.742656], [-48.025237, -21.742904], [-48.025762, -21.743095], [-48.02591, -21.743367], [-48.026751, -21.743774], [-48.026916, -21.743792], [-48.027101, -21.743629], [-48.027426, -21.743653], [-48.028294, -21.744097], [-48.029701, -21.744097], [-48.030709, -21.744487], [-48.031637, -21.744663], [-48.032564, -21.745039], [-48.033191, -21.745389], [-48.033441, -21.746715], [-48.033776, -21.747179], [-48.03419, -21.747366], [-48.036107, -21.747469], [-48.036628, -21.747904], [-48.03772, -21.749625], [-48.038341, -21.751177], [-48.039009, -21.751957], [-48.03945, -21.752625], [-48.040149, -21.75325], [-48.040591, -21.75387], [-48.040911, -21.754053], [-48.04136, -21.754765], [-48.041532, -21.755151], [-48.041552, -21.755569], [-48.042063, -21.756487], [-48.042213, -21.757297], [-48.042718, -21.758546], [-48.043073, -21.759035], [-48.043611, -21.760854], [-48.043741, -21.761091], [-48.044477, -21.761675], [-48.044992, -21.76253], [-48.045541, -21.763189], [-48.04574, -21.763541], [-48.045869, -21.764169], [-48.046101, -21.764337], [-48.046578, -21.76432], [-48.046784, -21.764548], [-48.046714, -21.765065], [-48.046349, -21.765078], [-48.04619, -21.764938], [-48.046259, -21.764744], [-48.045955, -21.764712], [-48.046152, -21.766719], [-48.04594, -21.767798], [-48.045305, -21.76936], [-48.045134, -21.770361], [-48.044897, -21.770574], [-48.044757, -21.770935], [-48.044368, -21.771469], [-48.044381, -21.772046], [-48.044162, -21.773008], [-48.043697, -21.773432], [-48.04372, -21.774118], [-48.043466, -21.775318], [-48.043843, -21.775999], [-48.043959, -21.776645], [-48.043749, -21.777496], [-48.043001, -21.778247], [-48.042839, -21.778634], [-48.042653, -21.780414], [-48.042731, -21.781606], [-48.042832, -21.781881], [-48.043688, -21.782781], [-48.043811, -21.783171], [-48.043843, -21.784133], [-48.043926, -21.784505], [-48.044266, -21.784983], [-48.044549, -21.785183], [-48.045445, -21.785548], [-48.046151, -21.785994], [-48.047051, -21.786725], [-48.048411, -21.787436], [-48.048686, -21.787789], [-48.048779, -21.788199], [-48.048764, -21.788404], [-48.048548, -21.7887], [-48.048293, -21.788829], [-48.048176, -21.788805], [-48.048219, -21.789057], [-48.047729, -21.789724], [-48.047126, -21.790096], [-48.047193, -21.790224], [-48.046848, -21.791545], [-48.046385, -21.792408], [-48.04622, -21.793483], [-48.046668, -21.794935], [-48.046757, -21.795739], [-48.046362, -21.797672], [-48.046038, -21.798434], [-48.046153, -21.800202], [-48.045925, -21.800894], [-48.045592, -21.801261], [-48.045551, -21.801442], [-48.045175, -21.801602], [-48.044993, -21.801977], [-48.045199, -21.802191], [-48.046152, -21.802443], [-48.046534, -21.802766], [-48.046623, -21.803594], [-48.046561, -21.803908], [-48.046419, -21.804125], [-48.046714, -21.804103], [-48.046968, -21.804374], [-48.04657, -21.804951], [-48.046777, -21.804961], [-48.046952, -21.805159], [-48.047159, -21.805801], [-48.046998, -21.806891], [-48.047013, -21.807456], [-48.046555, -21.808042], [-48.046406, -21.808356], [-48.046073, -21.8084], [-48.045632, -21.808975], [-48.044864, -21.810405], [-48.043673, -21.812139], [-48.043559, -21.812584], [-48.043403, -21.812821], [-48.043074, -21.813024], [-48.04277, -21.813526], [-48.042788, -21.814179], [-48.042905, -21.814558], [-48.042529, -21.814721], [-48.042177, -21.814697], [-48.042137, -21.814815], [-48.042285, -21.815434], [-48.042105, -21.815731], [-48.042104, -21.815938], [-48.042363, -21.816263], [-48.042434, -21.816552], [-48.042098, -21.816833], [-48.041814, -21.817254], [-48.041686, -21.817303], [-48.04116, -21.818733], [-48.040101, -21.819668], [-48.039663, -21.820196], [-48.039159, -21.820587], [-48.038728, -21.82134], [-48.038202, -21.82159], [-48.037809, -21.822287], [-48.037491, -21.822503], [-48.036221, -21.822835], [-48.035307, -21.823361], [-48.034442, -21.824167], [-48.034241, -21.824269], [-48.031317, -21.825183], [-48.030289, -21.825316], [-48.029546, -21.825707], [-48.028639, -21.826033], [-48.028582, -21.82629], [-48.028816, -21.827297], [-48.028749, -21.828095], [-48.028584, -21.829239], [-48.028229, -21.830013], [-48.028609, -21.830312], [-48.02917, -21.830346], [-48.029264, -21.830412], [-48.029194, -21.830075], [-48.029465, -21.828616], [-48.029476, -21.827279], [-48.02971, -21.826871], [-48.031897, -21.825688], [-48.034967, -21.824635], [-48.036326, -21.823461], [-48.038151, -21.822816], [-48.039003, -21.821842], [-48.039658, -21.82141], [-48.040581, -21.821099], [-48.041225, -21.82107], [-48.041509, -21.821226], [-48.041949, -21.820994], [-48.042001, -21.820783], [-48.041716, -21.820276], [-48.041672, -21.819804], [-48.041784, -21.819549], [-48.04271, -21.818428], [-48.042971, -21.817889], [-48.043338, -21.816703], [-48.043353, -21.815182], [-48.043542, -21.814921], [-48.043608, -21.814425], [-48.043832, -21.813949], [-48.044107, -21.81368], [-48.044184, -21.812856], [-48.044582, -21.812578], [-48.04487, -21.812249], [-48.045231, -21.811513], [-48.045347, -21.810739], [-48.045673, -21.810261], [-48.045935, -21.810084], [-48.046573, -21.809177], [-48.047134, -21.808759], [-48.04743, -21.808638], [-48.047809, -21.808612], [-48.048498, -21.807993], [-48.048078, -21.807128], [-48.048023, -21.806308], [-48.048062, -21.806194], [-48.048683, -21.806055], [-48.048486, -21.805645], [-48.048674, -21.804979], [-48.048511, -21.804317], [-48.048658, -21.803877], [-48.048537, -21.803326], [-48.048574, -21.803095], [-48.048458, -21.802826], [-48.048057, -21.802343], [-48.047839, -21.80166], [-48.048216, -21.799869], [-48.048325, -21.798785], [-48.048074, -21.797197], [-48.048022, -21.795459], [-48.048167, -21.794693], [-48.048111, -21.794402], [-48.047788, -21.793837], [-48.047729, -21.792702], [-48.04802, -21.79129], [-48.048391, -21.790144], [-48.048629, -21.789807], [-48.04931, -21.789326], [-48.049622, -21.788925], [-48.049717, -21.788608], [-48.049525, -21.787792]], [[-48.048093, -21.767596], [-48.047523, -21.767812], [-48.047368, -21.767707], [-48.047159, -21.767748], [-48.047205, -21.767972], [-48.046892, -21.768577], [-48.046599, -21.768497], [-48.046555, -21.768294], [-48.046352, -21.768003], [-48.047091, -21.766736], [-48.047029, -21.766395], [-48.048915, -21.765652], [-48.049002, -21.76579], [-48.048961, -21.76603], [-48.04919, -21.766483], [-48.049224, -21.766773], [-48.04911, -21.766893], [-48.048953, -21.766826], [-48.048785, -21.766865], [-48.048147, -21.767374], [-48.048093, -21.767596]]], [[[-48.239177, -21.745041], [-48.239167, -21.744853], [-48.239166, -21.744853], [-48.239163, -21.745013], [-48.239177, -21.745041]]], [[[-48.239236, -21.742567], [-48.239246, -21.74274], [-48.239253, -21.742879], [-48.239257, -21.742642], [-48.239236, -21.742567]]], [[[-48.180493, -21.684096], [-48.180005, -21.684323], [-48.180158, -21.684541], [-48.180117, -21.684754], [-48.179962, -21.685111], [-48.179499, -21.685739], [-48.179122, -21.685678], [-48.178727, -21.685921], [-48.178893, -21.686272], [-48.179095, -21.686428], [-48.179715, -21.685934], [-48.179917, -21.68589], [-48.180068, -21.685958], [-48.180228, -21.686219], [-48.180435, -21.687038], [-48.180774, -21.686999], [-48.180659, -21.685637], [-48.180701, -21.685204], [-48.181097, -21.684872], [-48.181733, -21.684894], [-48.182007, -21.684348], [-48.181739, -21.684308], [-48.181465, -21.683761], [-48.180537, -21.682997], [-48.180446, -21.682637], [-48.180168, -21.682212], [-48.18014, -21.68157], [-48.179821, -21.680776], [-48.178707, -21.678623], [-48.177715, -21.677965], [-48.176526, -21.676608], [-48.175917, -21.676098], [-48.175315, -21.675749], [-48.175029, -21.67542], [-48.174669, -21.674841], [-48.174201, -21.673693], [-48.174018, -21.672742], [-48.174176, -21.672412], [-48.175512, -21.671585], [-48.176454, -21.67142], [-48.177018, -21.671589], [-48.178991, -21.671695], [-48.179715, -21.671922], [-48.180927, -21.671701], [-48.181154, -21.671572], [-48.181564, -21.671505], [-48.183277, -21.671908], [-48.183431, -21.6716], [-48.183448, -21.671157], [-48.183108, -21.671015], [-48.182749, -21.670656], [-48.182648, -21.670363], [-48.182832, -21.669721], [-48.183366, -21.669113], [-48.184269, -21.668391], [-48.184471, -21.668028], [-48.185256, -21.667385], [-48.185324, -21.667221], [-48.18527, -21.666841], [-48.185638, -21.666677], [-48.18582, -21.666454], [-48.186097, -21.666553], [-48.187788, -21.665277], [-48.188716, -21.663905], [-48.18913, -21.663613], [-48.189694, -21.663373], [-48.190264, -21.663329], [-48.190535, -21.663065], [-48.190905, -21.662885], [-48.191145, -21.663165], [-48.191574, -21.66341], [-48.191949, -21.663431], [-48.193017, -21.663802], [-48.193283, -21.663988], [-48.194376, -21.664233], [-48.19502, -21.664537], [-48.195304, -21.664465], [-48.195801, -21.664586], [-48.19617, -21.664772], [-48.196504, -21.664715], [-48.196809, -21.665016], [-48.198432, -21.665218], [-48.199392, -21.664925], [-48.200862, -21.664771], [-48.201596, -21.664789], [-48.203219, -21.665238], [-48.203995, -21.66529], [-48.204181, -21.665234], [-48.204127, -21.665084], [-48.204028, -21.665016], [-48.203467, -21.664972], [-48.201575, -21.663983], [-48.201271, -21.663626], [-48.201184, -21.662926], [-48.201091, -21.662889], [-48.200798, -21.662875], [-48.200658, -21.663244], [-48.200299, -21.663763], [-48.199737, -21.664015], [-48.197392, -21.664262], [-48.197225, -21.664369], [-48.19612, -21.664408], [-48.195322, -21.664157], [-48.194904, -21.664145], [-48.194118, -21.663672], [-48.193738, -21.663571], [-48.193246, -21.663276], [-48.192704, -21.663193], [-48.192301, -21.663035], [-48.19202, -21.662586], [-48.191618, -21.662307], [-48.189651, -21.662088], [-48.188943, -21.661726], [-48.188465, -21.661748], [-48.188167, -21.661894], [-48.187969, -21.662161], [-48.188054, -21.662468], [-48.187898, -21.663356], [-48.187242, -21.664544], [-48.186171, -21.665478], [-48.184815, -21.667041], [-48.184515, -21.667233], [-48.183728, -21.667489], [-48.183344, -21.668182], [-48.181903, -21.66899], [-48.181623, -21.669467], [-48.181424, -21.669616], [-48.181301, -21.66966], [-48.180847, -21.669517], [-48.180449, -21.669568], [-48.179946, -21.669963], [-48.179465, -21.670078], [-48.179112, -21.670282], [-48.178722, -21.670646], [-48.178411, -21.670638], [-48.177785, -21.670297], [-48.177485, -21.670377], [-48.177214, -21.670577], [-48.176833, -21.670478], [-48.176408, -21.670594], [-48.17595, -21.670385], [-48.175211, -21.670634], [-48.174705, -21.670625], [-48.174427, -21.670797], [-48.174625, -21.671099], [-48.174462, -21.671548], [-48.173417, -21.671773], [-48.172509, -21.671821], [-48.171471, -21.672145], [-48.17199, -21.672599], [-48.172666, -21.672891], [-48.173342, -21.67359], [-48.174285, -21.674896], [-48.174763, -21.675327], [-48.175109, -21.676102], [-48.175534, -21.676439], [-48.176155, -21.676689], [-48.176759, -21.67732], [-48.177263, -21.67844], [-48.177752, -21.678864], [-48.177985, -21.678962], [-48.178259, -21.679548], [-48.178993, -21.680313], [-48.179528, -21.681843], [-48.180148, -21.68265], [-48.180493, -21.684096]], [[-48.199872, -21.664177], [-48.200688, -21.664174], [-48.20168, -21.66441], [-48.199997, -21.664404], [-48.198549, -21.66473], [-48.19841, -21.664669], [-48.198351, -21.664515], [-48.198359, -21.664392], [-48.198502, -21.664319], [-48.199872, -21.664177]]], [[[-48.169601, -21.632304], [-48.17031, -21.633195], [-48.170384, -21.633158], [-48.170547, -21.632545], [-48.170379, -21.632389], [-48.169969, -21.632211], [-48.169905, -21.631986], [-48.169972, -21.631796], [-48.16973, -21.631764], [-48.169525, -21.631382], [-48.16887, -21.631067], [-48.168536, -21.631185], [-48.168528, -21.631591], [-48.168986, -21.631541], [-48.169211, -21.631666], [-48.169488, -21.631994], [-48.169601, -21.632304]]]]}, {"type": "LineString", "coordinates": [[-48.280249, -21.748979], [-48.28025, -21.74898]]}]}, "properties": {"id": "SUSC-INUNDACAO-ALTA", "process": "Inundação", "level": "Alta", "level_order": 3, "level_label": "Suscetibilidade alta a inundação", "plain_language": "Terreno plano e baixo, colado à drenagem: a água chega primeiro e demora a escoar.", "area_km2": 23.57861, "year": 2021, "executor": "SGB-CPRM", "project": "Cartas de Suscetibilidade a Movimentos Gravitacionais de Massa e Inundações. Tema: Inundação.", "terrain_note": "Terrenos muito baixos com lenços freático aflorante. Localizam-se em áreas muito próximas a drenagem, principalmente a jusante das bacias", "source": "SGB-CPRM · Carta de Suscetibilidade", "source_url": "https://www.sgb.gov.br/sao-paulo-cartografia-de-suscetibilidade", "layer_role": "leitura territorial; não altera o IECE"}}]}
