{
  "type": "FeatureCollection",
  "features": [
    {
      "type": "Feature",
      "geometry": {
        "type": "Polygon",
        "coordinates": [
          [
            [
              -48.24,
              -21.85
            ],
            [
              -48.232,
              -21.85
            ],
            [
              -48.232,
              -21.842000000000002
            ],
            [
              -48.24,
              -21.842000000000002
            ],
            [
              -48.24,
              -21.85
            ]
          ]
        ]
      },
      "properties": {
        "grid_id": "GRID-001",
        "surface_temp": 29.6,
        "ndvi": 0.58,
        "heat_category": "Moderada",
        "vulnerability_score": 5,
        "vulnerability_desc": "Alta a Muito Alta",
        "year": 2024,
        "city": "Araraquara",
        "ibge_code": 3503208
      }
    },
    {
      "type": "Feature",
      "geometry": {
        "type": "Polygon",
        "coordinates": [
          [
            [
              -48.232,
              -21.85
            ],
            [
              -48.224,
              -21.85
            ],
            [
              -48.224,
              -21.842000000000002
            ],
            [
              -48.232,
              -21.842000000000002
            ],
            [
              -48.232,
              -21.85
            ]
          ]
        ]
      },
      "properties": {
        "grid_id": "GRID-002",
        "surface_temp": 29.7,
        "ndvi": 0.58,
        "heat_category": "Moderada",
        "vulnerability_score": 4,
        "vulnerability_desc": "Alta a Muito Alta",
        "year": 2024,
        "city": "Araraquara",
        "ibge_code": 3503208
      }
    },
    {
      "type": "Feature",
      "geometry": {
        "type": "Polygon",
        "coordinates": [
          [
            [
              -48.224,
              -21.85
            ],
            [
              -48.215999999999994,
              -21.85
            ],
            [
              -48.215999999999994,
              -21.842000000000002
            ],
            [
              -48.224,
              -21.842000000000002
            ],
            [
              -48.224,
              -21.85
            ]
          ]
        ]
      },
      "properties": {
        "grid_id": "GRID-003",
        "surface_temp": 29.8,
        "ndvi": 0.57,
        "heat_category": "Moderada",
        "vulnerability_score": 5,
        "vulnerability_desc": "Alta a Muito Alta",
        "year": 2024,
        "city": "Araraquara",
        "ibge_code": 3503208
      }
    },
    {
      "type": "Feature",
      "geometry": {
        "type": "Polygon",
        "coordinates": [
          [
            [
              -48.215999999999994,
              -21.85
            ],
            [
              -48.20799999999999,
              -21.85
            ],
            [
              -48.20799999999999,
              -21.842000000000002
            ],
            [
              -48.215999999999994,
              -21.842000000000002
            ],
            [
              -48.215999999999994,
              -21.85
            ]
          ]
        ]
      },
      "properties": {
        "grid_id": "GRID-004",
        "surface_temp": 29.9,
        "ndvi": 0.57,
        "heat_category": "Moderada",
        "vulnerability_score": 4,
        "vulnerability_desc": "Alta a Muito Alta",
        "year": 2024,
        "city": "Araraquara",
        "ibge_code": 3503208
      }
    },
    {
      "type": "Feature",
      "geometry": {
        "type": "Polygon",
        "coordinates": [
          [
            [
              -48.20799999999999,
              -21.85
            ],
            [
              -48.19999999999999,
              -21.85
            ],
            [
              -48.19999999999999,
              -21.842000000000002
            ],
            [
              -48.20799999999999,
              -21.842000000000002
            ],
            [
              -48.20799999999999,
              -21.85
            ]
          ]
        ]
      },
      "properties": {
        "grid_id": "GRID-005",
        "surface_temp": 30.0,
        "ndvi": 0.56,
        "heat_category": "Moderada",
        "vulnerability_score": 5,
        "vulnerability_desc": "Alta a Muito Alta",
        "year": 2024,
        "city": "Araraquara",
        "ibge_code": 3503208
      }
    },
    {
      "type": "Feature",
      "geometry": {
        "type": "Polygon",
        "coordinates": [
          [
            [
              -48.19999999999999,
              -21.85
            ],
            [
              -48.191999999999986,
              -21.85
            ],
            [
              -48.191999999999986,
              -21.842000000000002
            ],
            [
              -48.19999999999999,
              -21.842000000000002
            ],
            [
              -48.19999999999999,
              -21.85
            ]
          ]
        ]
      },
      "properties": {
        "grid_id": "GRID-006",
        "surface_temp": 30.1,
        "ndvi": 0.56,
        "heat_category": "Moderada",
        "vulnerability_score": 4,
        "vulnerability_desc": "Alta a Muito Alta",
        "year": 2024,
        "city": "Araraquara",
        "ibge_code": 3503208
      }
    },
    {
      "type": "Feature",
      "geometry": {
        "type": "Polygon",
        "coordinates": [
          [
            [
              -48.191999999999986,
              -21.85
            ],
            [
              -48.18399999999998,
              -21.85
            ],
            [
              -48.18399999999998,
              -21.842000000000002
            ],
            [
              -48.191999999999986,
              -21.842000000000002
            ],
            [
              -48.191999999999986,
              -21.85
            ]
          ]
        ]
      },
      "properties": {
        "grid_id": "GRID-007",
        "surface_temp": 30.2,
        "ndvi": 0.55,
        "heat_category": "Moderada",
        "vulnerability_score": 5,
        "vulnerability_desc": "Alta a Muito Alta",
        "year": 2024,
        "city": "Araraquara",
        "ibge_code": 3503208
      }
    },
    {
      "type": "Feature",
      "geometry": {
        "type": "Polygon",
        "coordinates": [
          [
            [
              -48.18399999999998,
              -21.85
            ],
            [
              -48.17599999999998,
              -21.85
            ],
            [
              -48.17599999999998,
              -21.842000000000002
            ],
            [
              -48.18399999999998,
              -21.842000000000002
            ],
            [
              -48.18399999999998,
              -21.85
            ]
          ]
        ]
      },
      "properties": {
        "grid_id": "GRID-008",
        "surface_temp": 30.4,
        "ndvi": 0.54,
        "heat_category": "Moderada",
        "vulnerability_score": 4,
        "vulnerability_desc": "Alta a Muito Alta",
        "year": 2024,
        "city": "Araraquara",
        "ibge_code": 3503208
      }
    },
    {
      "type": "Feature",
      "geometry": {
        "type": "Polygon",
        "coordinates": [
          [
            [
              -48.17599999999998,
              -21.85
            ],
            [
              -48.16799999999998,
              -21.85
            ],
            [
              -48.16799999999998,
              -21.842000000000002
            ],
            [
              -48.17599999999998,
              -21.842000000000002
            ],
            [
              -48.17599999999998,
              -21.85
            ]
          ]
        ]
      },
      "properties": {
        "grid_id": "GRID-009",
        "surface_temp": 30.5,
        "ndvi": 0.54,
        "heat_category": "Moderada",
        "vulnerability_score": 5,
        "vulnerability_desc": "Alta a Muito Alta",
        "year": 2024,
        "city": "Araraquara",
        "ibge_code": 3503208
      }
    },
    {
      "type": "Feature",
      "geometry": {
        "type": "Polygon",
        "coordinates": [
          [
            [
              -48.16799999999998,
              -21.85
            ],
            [
              -48.159999999999975,
              -21.85
            ],
            [
              -48.159999999999975,
              -21.842000000000002
            ],
            [
              -48.16799999999998,
              -21.842000000000002
            ],
            [
              -48.16799999999998,
              -21.85
            ]
          ]
        ]
      },
      "properties": {
        "grid_id": "GRID-010",
        "surface_temp": 30.6,
        "ndvi": 0.53,
        "heat_category": "Moderada",
        "vulnerability_score": 4,
        "vulnerability_desc": "Alta a Muito Alta",
        "year": 2024,
        "city": "Araraquara",
        "ibge_code": 3503208
      }
    },
    {
      "type": "Feature",
      "geometry": {
        "type": "Polygon",
        "coordinates": [
          [
            [
              -48.159999999999975,
              -21.85
            ],
            [
              -48.15199999999997,
              -21.85
            ],
            [
              -48.15199999999997,
              -21.842000000000002
            ],
            [
              -48.159999999999975,
              -21.842000000000002
            ],
            [
              -48.159999999999975,
              -21.85
            ]
          ]
        ]
      },
      "properties": {
        "grid_id": "GRID-011",
        "surface_temp": 30.6,
        "ndvi": 0.53,
        "heat_category": "Moderada",
        "vulnerability_score": 5,
        "vulnerability_desc": "Alta a Muito Alta",
        "year": 2024,
        "city": "Araraquara",
        "ibge_code": 3503208
      }
    },
    {
      "type": "Feature",
      "geometry": {
        "type": "Polygon",
        "coordinates": [
          [
            [
              -48.15199999999997,
              -21.85
            ],
            [
              -48.14399999999997,
              -21.85
            ],
            [
              -48.14399999999997,
              -21.842000000000002
            ],
            [
              -48.15199999999997,
              -21.842000000000002
            ],
            [
              -48.15199999999997,
              -21.85
            ]
          ]
        ]
      },
      "properties": {
        "grid_id": "GRID-012",
        "surface_temp": 30.7,
        "ndvi": 0.53,
        "heat_category": "Moderada",
        "vulnerability_score": 4,
        "vulnerability_desc": "Alta a Muito Alta",
        "year": 2024,
        "city": "Araraquara",
        "ibge_code": 3503208
      }
    },
    {
      "type": "Feature",
      "geometry": {
        "type": "Polygon",
        "coordinates": [
          [
            [
              -48.14399999999997,
              -21.85
            ],
            [
              -48.13599999999997,
              -21.85
            ],
            [
              -48.13599999999997,
              -21.842000000000002
            ],
            [
              -48.14399999999997,
              -21.842000000000002
            ],
            [
              -48.14399999999997,
              -21.85
            ]
          ]
        ]
      },
      "properties": {
        "grid_id": "GRID-013",
        "surface_temp": 30.7,
        "ndvi": 0.53,
        "heat_category": "Moderada",
        "vulnerability_score": 5,
        "vulnerability_desc": "Alta a Muito Alta",
        "year": 2024,
        "city": "Araraquara",
        "ibge_code": 3503208
      }
    },
    {
      "type": "Feature",
      "geometry": {
        "type": "Polygon",
        "coordinates": [
          [
            [
              -48.13599999999997,
              -21.85
            ],
            [
              -48.127999999999965,
              -21.85
            ],
            [
              -48.127999999999965,
              -21.842000000000002
            ],
            [
              -48.13599999999997,
              -21.842000000000002
            ],
            [
              -48.13599999999997,
              -21.85
            ]
          ]
        ]
      },
      "properties": {
        "grid_id": "GRID-014",
        "surface_temp": 30.6,
        "ndvi": 0.53,
        "heat_category": "Moderada",
        "vulnerability_score": 4,
        "vulnerability_desc": "Alta a Muito Alta",
        "year": 2024,
        "city": "Araraquara",
        "ibge_code": 3503208
      }
    },
    {
      "type": "Feature",
      "geometry": {
        "type": "Polygon",
        "coordinates": [
          [
            [
              -48.127999999999965,
              -21.85
            ],
            [
              -48.11999999999996,
              -21.85
            ],
            [
              -48.11999999999996,
              -21.842000000000002
            ],
            [
              -48.127999999999965,
              -21.842000000000002
            ],
            [
              -48.127999999999965,
              -21.85
            ]
          ]
        ]
      },
      "properties": {
        "grid_id": "GRID-015",
        "surface_temp": 30.6,
        "ndvi": 0.53,
        "heat_category": "Moderada",
        "vulnerability_score": 5,
        "vulnerability_desc": "Alta a Muito Alta",
        "year": 2024,
        "city": "Araraquara",
        "ibge_code": 3503208
      }
    },
    {
      "type": "Feature",
      "geometry": {
        "type": "Polygon",
        "coordinates": [
          [
            [
              -48.11999999999996,
              -21.85
            ],
            [
              -48.11199999999996,
              -21.85
            ],
            [
              -48.11199999999996,
              -21.842000000000002
            ],
            [
              -48.11999999999996,
              -21.842000000000002
            ],
            [
              -48.11999999999996,
              -21.85
            ]
          ]
        ]
      },
      "properties": {
        "grid_id": "GRID-016",
        "surface_temp": 30.5,
        "ndvi": 0.54,
        "heat_category": "Moderada",
        "vulnerability_score": 4,
        "vulnerability_desc": "Alta a Muito Alta",
        "year": 2024,
        "city": "Araraquara",
        "ibge_code": 3503208
      }
    },
    {
      "type": "Feature",
      "geometry": {
        "type": "Polygon",
        "coordinates": [
          [
            [
              -48.11199999999996,
              -21.85
            ],
            [
              -48.10399999999996,
              -21.85
            ],
            [
              -48.10399999999996,
              -21.842000000000002
            ],
            [
              -48.11199999999996,
              -21.842000000000002
            ],
            [
              -48.11199999999996,
              -21.85
            ]
          ]
        ]
      },
      "properties": {
        "grid_id": "GRID-017",
        "surface_temp": 30.4,
        "ndvi": 0.54,
        "heat_category": "Moderada",
        "vulnerability_score": 5,
        "vulnerability_desc": "Alta a Muito Alta",
        "year": 2024,
        "city": "Araraquara",
        "ibge_code": 3503208
      }
    },
    {
      "type": "Feature",
      "geometry": {
        "type": "Polygon",
        "coordinates": [
          [
            [
              -48.10399999999996,
              -21.85
            ],
            [
              -48.095999999999954,
              -21.85
            ],
            [
              -48.095999999999954,
              -21.842000000000002
            ],
            [
              -48.10399999999996,
              -21.842000000000002
            ],
            [
              -48.10399999999996,
              -21.85
            ]
          ]
        ]
      },
      "properties": {
        "grid_id": "GRID-018",
        "surface_temp": 30.4,
        "ndvi": 0.54,
        "heat_category": "Moderada",
        "vulnerability_score": 4,
        "vulnerability_desc": "Alta a Muito Alta",
        "year": 2024,
        "city": "Araraquara",
        "ibge_code": 3503208
      }
    },
    {
      "type": "Feature",
      "geometry": {
        "type": "Polygon",
        "coordinates": [
          [
            [
              -48.24,
              -21.842000000000002
            ],
            [
              -48.232,
              -21.842000000000002
            ],
            [
              -48.232,
              -21.834000000000003
            ],
            [
              -48.24,
              -21.834000000000003
            ],
            [
              -48.24,
              -21.842000000000002
            ]
          ]
        ]
      },
      "properties": {
        "grid_id": "GRID-019",
        "surface_temp": 29.7,
        "ndvi": 0.58,
        "heat_category": "Moderada",
        "vulnerability_score": 5,
        "vulnerability_desc": "Alta a Muito Alta",
        "year": 2024,
        "city": "Araraquara",
        "ibge_code": 3503208
      }
    },
    {
      "type": "Feature",
      "geometry": {
        "type": "Polygon",
        "coordinates": [
          [
            [
              -48.232,
              -21.842000000000002
            ],
            [
              -48.224,
              -21.842000000000002
            ],
            [
              -48.224,
              -21.834000000000003
            ],
            [
              -48.232,
              -21.834000000000003
            ],
            [
              -48.232,
              -21.842000000000002
            ]
          ]
        ]
      },
      "properties": {
        "grid_id": "GRID-020",
        "surface_temp": 29.8,
        "ndvi": 0.57,
        "heat_category": "Moderada",
        "vulnerability_score": 4,
        "vulnerability_desc": "Alta a Muito Alta",
        "year": 2024,
        "city": "Araraquara",
        "ibge_code": 3503208
      }
    },
    {
      "type": "Feature",
      "geometry": {
        "type": "Polygon",
        "coordinates": [
          [
            [
              -48.224,
              -21.842000000000002
            ],
            [
              -48.215999999999994,
              -21.842000000000002
            ],
            [
              -48.215999999999994,
              -21.834000000000003
            ],
            [
              -48.224,
              -21.834000000000003
            ],
            [
              -48.224,
              -21.842000000000002
            ]
          ]
        ]
      },
      "properties": {
        "grid_id": "GRID-021",
        "surface_temp": 29.9,
        "ndvi": 0.57,
        "heat_category": "Moderada",
        "vulnerability_score": 5,
        "vulnerability_desc": "Alta a Muito Alta",
        "year": 2024,
        "city": "Araraquara",
        "ibge_code": 3503208
      }
    },
    {
      "type": "Feature",
      "geometry": {
        "type": "Polygon",
        "coordinates": [
          [
            [
              -48.215999999999994,
              -21.842000000000002
            ],
            [
              -48.20799999999999,
              -21.842000000000002
            ],
            [
              -48.20799999999999,
              -21.834000000000003
            ],
            [
              -48.215999999999994,
              -21.834000000000003
            ],
            [
              -48.215999999999994,
              -21.842000000000002
            ]
          ]
        ]
      },
      "properties": {
        "grid_id": "GRID-022",
        "surface_temp": 30.0,
        "ndvi": 0.56,
        "heat_category": "Moderada",
        "vulnerability_score": 4,
        "vulnerability_desc": "Alta a Muito Alta",
        "year": 2024,
        "city": "Araraquara",
        "ibge_code": 3503208
      }
    },
    {
      "type": "Feature",
      "geometry": {
        "type": "Polygon",
        "coordinates": [
          [
            [
              -48.20799999999999,
              -21.842000000000002
            ],
            [
              -48.19999999999999,
              -21.842000000000002
            ],
            [
              -48.19999999999999,
              -21.834000000000003
            ],
            [
              -48.20799999999999,
              -21.834000000000003
            ],
            [
              -48.20799999999999,
              -21.842000000000002
            ]
          ]
        ]
      },
      "properties": {
        "grid_id": "GRID-023",
        "surface_temp": 30.1,
        "ndvi": 0.56,
        "heat_category": "Moderada",
        "vulnerability_score": 5,
        "vulnerability_desc": "Alta a Muito Alta",
        "year": 2024,
        "city": "Araraquara",
        "ibge_code": 3503208
      }
    },
    {
      "type": "Feature",
      "geometry": {
        "type": "Polygon",
        "coordinates": [
          [
            [
              -48.19999999999999,
              -21.842000000000002
            ],
            [
              -48.191999999999986,
              -21.842000000000002
            ],
            [
              -48.191999999999986,
              -21.834000000000003
            ],
            [
              -48.19999999999999,
              -21.834000000000003
            ],
            [
              -48.19999999999999,
              -21.842000000000002
            ]
          ]
        ]
      },
      "properties": {
        "grid_id": "GRID-024",
        "surface_temp": 30.2,
        "ndvi": 0.55,
        "heat_category": "Moderada",
        "vulnerability_score": 4,
        "vulnerability_desc": "Alta a Muito Alta",
        "year": 2024,
        "city": "Araraquara",
        "ibge_code": 3503208
      }
    },
    {
      "type": "Feature",
      "geometry": {
        "type": "Polygon",
        "coordinates": [
          [
            [
              -48.191999999999986,
              -21.842000000000002
            ],
            [
              -48.18399999999998,
              -21.842000000000002
            ],
            [
              -48.18399999999998,
              -21.834000000000003
            ],
            [
              -48.191999999999986,
              -21.834000000000003
            ],
            [
              -48.191999999999986,
              -21.842000000000002
            ]
          ]
        ]
      },
      "properties": {
        "grid_id": "GRID-025",
        "surface_temp": 30.4,
        "ndvi": 0.54,
        "heat_category": "Moderada",
        "vulnerability_score": 5,
        "vulnerability_desc": "Alta a Muito Alta",
        "year": 2024,
        "city": "Araraquara",
        "ibge_code": 3503208
      }
    },
    {
      "type": "Feature",
      "geometry": {
        "type": "Polygon",
        "coordinates": [
          [
            [
              -48.18399999999998,
              -21.842000000000002
            ],
            [
              -48.17599999999998,
              -21.842000000000002
            ],
            [
              -48.17599999999998,
              -21.834000000000003
            ],
            [
              -48.18399999999998,
              -21.834000000000003
            ],
            [
              -48.18399999999998,
              -21.842000000000002
            ]
          ]
        ]
      },
      "properties": {
        "grid_id": "GRID-026",
        "surface_temp": 30.5,
        "ndvi": 0.54,
        "heat_category": "Moderada",
        "vulnerability_score": 4,
        "vulnerability_desc": "Alta a Muito Alta",
        "year": 2024,
        "city": "Araraquara",
        "ibge_code": 3503208
      }
    },
    {
      "type": "Feature",
      "geometry": {
        "type": "Polygon",
        "coordinates": [
          [
            [
              -48.17599999999998,
              -21.842000000000002
            ],
            [
              -48.16799999999998,
              -21.842000000000002
            ],
            [
              -48.16799999999998,
              -21.834000000000003
            ],
            [
              -48.17599999999998,
              -21.834000000000003
            ],
            [
              -48.17599999999998,
              -21.842000000000002
            ]
          ]
        ]
      },
      "properties": {
        "grid_id": "GRID-027",
        "surface_temp": 30.7,
        "ndvi": 0.53,
        "heat_category": "Moderada",
        "vulnerability_score": 5,
        "vulnerability_desc": "Alta a Muito Alta",
        "year": 2024,
        "city": "Araraquara",
        "ibge_code": 3503208
      }
    },
    {
      "type": "Feature",
      "geometry": {
        "type": "Polygon",
        "coordinates": [
          [
            [
              -48.16799999999998,
              -21.842000000000002
            ],
            [
              -48.159999999999975,
              -21.842000000000002
            ],
            [
              -48.159999999999975,
              -21.834000000000003
            ],
            [
              -48.16799999999998,
              -21.834000000000003
            ],
            [
              -48.16799999999998,
              -21.842000000000002
            ]
          ]
        ]
      },
      "properties": {
        "grid_id": "GRID-028",
        "surface_temp": 30.8,
        "ndvi": 0.52,
        "heat_category": "Moderada",
        "vulnerability_score": 4,
        "vulnerability_desc": "Alta a Muito Alta",
        "year": 2024,
        "city": "Araraquara",
        "ibge_code": 3503208
      }
    },
    {
      "type": "Feature",
      "geometry": {
        "type": "Polygon",
        "coordinates": [
          [
            [
              -48.159999999999975,
              -21.842000000000002
            ],
            [
              -48.15199999999997,
              -21.842000000000002
            ],
            [
              -48.15199999999997,
              -21.834000000000003
            ],
            [
              -48.159999999999975,
              -21.834000000000003
            ],
            [
              -48.159999999999975,
              -21.842000000000002
            ]
          ]
        ]
      },
      "properties": {
        "grid_id": "GRID-029",
        "surface_temp": 31.0,
        "ndvi": 0.51,
        "heat_category": "Moderada",
        "vulnerability_score": 5,
        "vulnerability_desc": "Alta a Muito Alta",
        "year": 2024,
        "city": "Araraquara",
        "ibge_code": 3503208
      }
    },
    {
      "type": "Feature",
      "geometry": {
        "type": "Polygon",
        "coordinates": [
          [
            [
              -48.15199999999997,
              -21.842000000000002
            ],
            [
              -48.14399999999997,
              -21.842000000000002
            ],
            [
              -48.14399999999997,
              -21.834000000000003
            ],
            [
              -48.15199999999997,
              -21.834000000000003
            ],
            [
              -48.15199999999997,
              -21.842000000000002
            ]
          ]
        ]
      },
      "properties": {
        "grid_id": "GRID-030",
        "surface_temp": 31.0,
        "ndvi": 0.51,
        "heat_category": "Moderada",
        "vulnerability_score": 4,
        "vulnerability_desc": "Alta a Muito Alta",
        "year": 2024,
        "city": "Araraquara",
        "ibge_code": 3503208
      }
    },
    {
      "type": "Feature",
      "geometry": {
        "type": "Polygon",
        "coordinates": [
          [
            [
              -48.14399999999997,
              -21.842000000000002
            ],
            [
              -48.13599999999997,
              -21.842000000000002
            ],
            [
              -48.13599999999997,
              -21.834000000000003
            ],
            [
              -48.14399999999997,
              -21.834000000000003
            ],
            [
              -48.14399999999997,
              -21.842000000000002
            ]
          ]
        ]
      },
      "properties": {
        "grid_id": "GRID-031",
        "surface_temp": 31.0,
        "ndvi": 0.51,
        "heat_category": "Moderada",
        "vulnerability_score": 5,
        "vulnerability_desc": "Alta a Muito Alta",
        "year": 2024,
        "city": "Araraquara",
        "ibge_code": 3503208
      }
    },
    {
      "type": "Feature",
      "geometry": {
        "type": "Polygon",
        "coordinates": [
          [
            [
              -48.13599999999997,
              -21.842000000000002
            ],
            [
              -48.127999999999965,
              -21.842000000000002
            ],
            [
              -48.127999999999965,
              -21.834000000000003
            ],
            [
              -48.13599999999997,
              -21.834000000000003
            ],
            [
              -48.13599999999997,
              -21.842000000000002
            ]
          ]
        ]
      },
      "properties": {
        "grid_id": "GRID-032",
        "surface_temp": 30.9,
        "ndvi": 0.52,
        "heat_category": "Moderada",
        "vulnerability_score": 4,
        "vulnerability_desc": "Alta a Muito Alta",
        "year": 2024,
        "city": "Araraquara",
        "ibge_code": 3503208
      }
    },
    {
      "type": "Feature",
      "geometry": {
        "type": "Polygon",
        "coordinates": [
          [
            [
              -48.127999999999965,
              -21.842000000000002
            ],
            [
              -48.11999999999996,
              -21.842000000000002
            ],
            [
              -48.11999999999996,
              -21.834000000000003
            ],
            [
              -48.127999999999965,
              -21.834000000000003
            ],
            [
              -48.127999999999965,
              -21.842000000000002
            ]
          ]
        ]
      },
      "properties": {
        "grid_id": "GRID-033",
        "surface_temp": 30.8,
        "ndvi": 0.52,
        "heat_category": "Moderada",
        "vulnerability_score": 5,
        "vulnerability_desc": "Alta a Muito Alta",
        "year": 2024,
        "city": "Araraquara",
        "ibge_code": 3503208
      }
    },
    {
      "type": "Feature",
      "geometry": {
        "type": "Polygon",
        "coordinates": [
          [
            [
              -48.11999999999996,
              -21.842000000000002
            ],
            [
              -48.11199999999996,
              -21.842000000000002
            ],
            [
              -48.11199999999996,
              -21.834000000000003
            ],
            [
              -48.11999999999996,
              -21.834000000000003
            ],
            [
              -48.11999999999996,
              -21.842000000000002
            ]
          ]
        ]
      },
      "properties": {
        "grid_id": "GRID-034",
        "surface_temp": 30.7,
        "ndvi": 0.53,
        "heat_category": "Moderada",
        "vulnerability_score": 4,
        "vulnerability_desc": "Alta a Muito Alta",
        "year": 2024,
        "city": "Araraquara",
        "ibge_code": 3503208
      }
    },
    {
      "type": "Feature",
      "geometry": {
        "type": "Polygon",
        "coordinates": [
          [
            [
              -48.11199999999996,
              -21.842000000000002
            ],
            [
              -48.10399999999996,
              -21.842000000000002
            ],
            [
              -48.10399999999996,
              -21.834000000000003
            ],
            [
              -48.11199999999996,
              -21.834000000000003
            ],
            [
              -48.11199999999996,
              -21.842000000000002
            ]
          ]
        ]
      },
      "properties": {
        "grid_id": "GRID-035",
        "surface_temp": 30.6,
        "ndvi": 0.53,
        "heat_category": "Moderada",
        "vulnerability_score": 5,
        "vulnerability_desc": "Alta a Muito Alta",
        "year": 2024,
        "city": "Araraquara",
        "ibge_code": 3503208
      }
    },
    {
      "type": "Feature",
      "geometry": {
        "type": "Polygon",
        "coordinates": [
          [
            [
              -48.10399999999996,
              -21.842000000000002
            ],
            [
              -48.095999999999954,
              -21.842000000000002
            ],
            [
              -48.095999999999954,
              -21.834000000000003
            ],
            [
              -48.10399999999996,
              -21.834000000000003
            ],
            [
              -48.10399999999996,
              -21.842000000000002
            ]
          ]
        ]
      },
      "properties": {
        "grid_id": "GRID-036",
        "surface_temp": 30.5,
        "ndvi": 0.54,
        "heat_category": "Moderada",
        "vulnerability_score": 4,
        "vulnerability_desc": "Alta a Muito Alta",
        "year": 2024,
        "city": "Araraquara",
        "ibge_code": 3503208
      }
    },
    {
      "type": "Feature",
      "geometry": {
        "type": "Polygon",
        "coordinates": [
          [
            [
              -48.24,
              -21.834000000000003
            ],
            [
              -48.232,
              -21.834000000000003
            ],
            [
              -48.232,
              -21.826000000000004
            ],
            [
              -48.24,
              -21.826000000000004
            ],
            [
              -48.24,
              -21.834000000000003
            ]
          ]
        ]
      },
      "properties": {
        "grid_id": "GRID-037",
        "surface_temp": 29.8,
        "ndvi": 0.57,
        "heat_category": "Moderada",
        "vulnerability_score": 5,
        "vulnerability_desc": "Alta a Muito Alta",
        "year": 2024,
        "city": "Araraquara",
        "ibge_code": 3503208
      }
    },
    {
      "type": "Feature",
      "geometry": {
        "type": "Polygon",
        "coordinates": [
          [
            [
              -48.232,
              -21.834000000000003
            ],
            [
              -48.224,
              -21.834000000000003
            ],
            [
              -48.224,
              -21.826000000000004
            ],
            [
              -48.232,
              -21.826000000000004
            ],
            [
              -48.232,
              -21.834000000000003
            ]
          ]
        ]
      },
      "properties": {
        "grid_id": "GRID-038",
        "surface_temp": 29.9,
        "ndvi": 0.57,
        "heat_category": "Moderada",
        "vulnerability_score": 4,
        "vulnerability_desc": "Alta a Muito Alta",
        "year": 2024,
        "city": "Araraquara",
        "ibge_code": 3503208
      }
    },
    {
      "type": "Feature",
      "geometry": {
        "type": "Polygon",
        "coordinates": [
          [
            [
              -48.224,
              -21.834000000000003
            ],
            [
              -48.215999999999994,
              -21.834000000000003
            ],
            [
              -48.215999999999994,
              -21.826000000000004
            ],
            [
              -48.224,
              -21.826000000000004
            ],
            [
              -48.224,
              -21.834000000000003
            ]
          ]
        ]
      },
      "properties": {
        "grid_id": "GRID-039",
        "surface_temp": 30.0,
        "ndvi": 0.56,
        "heat_category": "Moderada",
        "vulnerability_score": 5,
        "vulnerability_desc": "Alta a Muito Alta",
        "year": 2024,
        "city": "Araraquara",
        "ibge_code": 3503208
      }
    },
    {
      "type": "Feature",
      "geometry": {
        "type": "Polygon",
        "coordinates": [
          [
            [
              -48.215999999999994,
              -21.834000000000003
            ],
            [
              -48.20799999999999,
              -21.834000000000003
            ],
            [
              -48.20799999999999,
              -21.826000000000004
            ],
            [
              -48.215999999999994,
              -21.826000000000004
            ],
            [
              -48.215999999999994,
              -21.834000000000003
            ]
          ]
        ]
      },
      "properties": {
        "grid_id": "GRID-040",
        "surface_temp": 30.1,
        "ndvi": 0.56,
        "heat_category": "Moderada",
        "vulnerability_score": 4,
        "vulnerability_desc": "Alta a Muito Alta",
        "year": 2024,
        "city": "Araraquara",
        "ibge_code": 3503208
      }
    },
    {
      "type": "Feature",
      "geometry": {
        "type": "Polygon",
        "coordinates": [
          [
            [
              -48.20799999999999,
              -21.834000000000003
            ],
            [
              -48.19999999999999,
              -21.834000000000003
            ],
            [
              -48.19999999999999,
              -21.826000000000004
            ],
            [
              -48.20799999999999,
              -21.826000000000004
            ],
            [
              -48.20799999999999,
              -21.834000000000003
            ]
          ]
        ]
      },
      "properties": {
        "grid_id": "GRID-041",
        "surface_temp": 30.2,
        "ndvi": 0.55,
        "heat_category": "Moderada",
        "vulnerability_score": 5,
        "vulnerability_desc": "Alta a Muito Alta",
        "year": 2024,
        "city": "Araraquara",
        "ibge_code": 3503208
      }
    },
    {
      "type": "Feature",
      "geometry": {
        "type": "Polygon",
        "coordinates": [
          [
            [
              -48.19999999999999,
              -21.834000000000003
            ],
            [
              -48.191999999999986,
              -21.834000000000003
            ],
            [
              -48.191999999999986,
              -21.826000000000004
            ],
            [
              -48.19999999999999,
              -21.826000000000004
            ],
            [
              -48.19999999999999,
              -21.834000000000003
            ]
          ]
        ]
      },
      "properties": {
        "grid_id": "GRID-042",
        "surface_temp": 30.4,
        "ndvi": 0.54,
        "heat_category": "Moderada",
        "vulnerability_score": 4,
        "vulnerability_desc": "Alta a Muito Alta",
        "year": 2024,
        "city": "Araraquara",
        "ibge_code": 3503208
      }
    },
    {
      "type": "Feature",
      "geometry": {
        "type": "Polygon",
        "coordinates": [
          [
            [
              -48.191999999999986,
              -21.834000000000003
            ],
            [
              -48.18399999999998,
              -21.834000000000003
            ],
            [
              -48.18399999999998,
              -21.826000000000004
            ],
            [
              -48.191999999999986,
              -21.826000000000004
            ],
            [
              -48.191999999999986,
              -21.834000000000003
            ]
          ]
        ]
      },
      "properties": {
        "grid_id": "GRID-043",
        "surface_temp": 30.7,
        "ndvi": 0.53,
        "heat_category": "Moderada",
        "vulnerability_score": 5,
        "vulnerability_desc": "Alta a Muito Alta",
        "year": 2024,
        "city": "Araraquara",
        "ibge_code": 3503208
      }
    },
    {
      "type": "Feature",
      "geometry": {
        "type": "Polygon",
        "coordinates": [
          [
            [
              -48.18399999999998,
              -21.834000000000003
            ],
            [
              -48.17599999999998,
              -21.834000000000003
            ],
            [
              -48.17599999999998,
              -21.826000000000004
            ],
            [
              -48.18399999999998,
              -21.826000000000004
            ],
            [
              -48.18399999999998,
              -21.834000000000003
            ]
          ]
        ]
      },
      "properties": {
        "grid_id": "GRID-044",
        "surface_temp": 31.0,
        "ndvi": 0.51,
        "heat_category": "Moderada",
        "vulnerability_score": 4,
        "vulnerability_desc": "Alta a Muito Alta",
        "year": 2024,
        "city": "Araraquara",
        "ibge_code": 3503208
      }
    },
    {
      "type": "Feature",
      "geometry": {
        "type": "Polygon",
        "coordinates": [
          [
            [
              -48.17599999999998,
              -21.834000000000003
            ],
            [
              -48.16799999999998,
              -21.834000000000003
            ],
            [
              -48.16799999999998,
              -21.826000000000004
            ],
            [
              -48.17599999999998,
              -21.826000000000004
            ],
            [
              -48.17599999999998,
              -21.834000000000003
            ]
          ]
        ]
      },
      "properties": {
        "grid_id": "GRID-045",
        "surface_temp": 31.3,
        "ndvi": 0.5,
        "heat_category": "Moderada",
        "vulnerability_score": 5,
        "vulnerability_desc": "Alta a Muito Alta",
        "year": 2024,
        "city": "Araraquara",
        "ibge_code": 3503208
      }
    },
    {
      "type": "Feature",
      "geometry": {
        "type": "Polygon",
        "coordinates": [
          [
            [
              -48.16799999999998,
              -21.834000000000003
            ],
            [
              -48.159999999999975,
              -21.834000000000003
            ],
            [
              -48.159999999999975,
              -21.826000000000004
            ],
            [
              -48.16799999999998,
              -21.826000000000004
            ],
            [
              -48.16799999999998,
              -21.834000000000003
            ]
          ]
        ]
      },
      "properties": {
        "grid_id": "GRID-046",
        "surface_temp": 31.5,
        "ndvi": 0.49,
        "heat_category": "Moderada a Alta",
        "vulnerability_score": 4,
        "vulnerability_desc": "Alta a Muito Alta",
        "year": 2024,
        "city": "Araraquara",
        "ibge_code": 3503208
      }
    },
    {
      "type": "Feature",
      "geometry": {
        "type": "Polygon",
        "coordinates": [
          [
            [
              -48.159999999999975,
              -21.834000000000003
            ],
            [
              -48.15199999999997,
              -21.834000000000003
            ],
            [
              -48.15199999999997,
              -21.826000000000004
            ],
            [
              -48.159999999999975,
              -21.826000000000004
            ],
            [
              -48.159999999999975,
              -21.834000000000003
            ]
          ]
        ]
      },
      "properties": {
        "grid_id": "GRID-047",
        "surface_temp": 31.6,
        "ndvi": 0.49,
        "heat_category": "Moderada a Alta",
        "vulnerability_score": 5,
        "vulnerability_desc": "Alta a Muito Alta",
        "year": 2024,
        "city": "Araraquara",
        "ibge_code": 3503208
      }
    },
    {
      "type": "Feature",
      "geometry": {
        "type": "Polygon",
        "coordinates": [
          [
            [
              -48.15199999999997,
              -21.834000000000003
            ],
            [
              -48.14399999999997,
              -21.834000000000003
            ],
            [
              -48.14399999999997,
              -21.826000000000004
            ],
            [
              -48.15199999999997,
              -21.826000000000004
            ],
            [
              -48.15199999999997,
              -21.834000000000003
            ]
          ]
        ]
      },
      "properties": {
        "grid_id": "GRID-048",
        "surface_temp": 31.6,
        "ndvi": 0.49,
        "heat_category": "Moderada a Alta",
        "vulnerability_score": 4,
        "vulnerability_desc": "Alta a Muito Alta",
        "year": 2024,
        "city": "Araraquara",
        "ibge_code": 3503208
      }
    },
    {
      "type": "Feature",
      "geometry": {
        "type": "Polygon",
        "coordinates": [
          [
            [
              -48.14399999999997,
              -21.834000000000003
            ],
            [
              -48.13599999999997,
              -21.834000000000003
            ],
            [
              -48.13599999999997,
              -21.826000000000004
            ],
            [
              -48.14399999999997,
              -21.826000000000004
            ],
            [
              -48.14399999999997,
              -21.834000000000003
            ]
          ]
        ]
      },
      "properties": {
        "grid_id": "GRID-049",
        "surface_temp": 31.6,
        "ndvi": 0.49,
        "heat_category": "Moderada a Alta",
        "vulnerability_score": 5,
        "vulnerability_desc": "Alta a Muito Alta",
        "year": 2024,
        "city": "Araraquara",
        "ibge_code": 3503208
      }
    },
    {
      "type": "Feature",
      "geometry": {
        "type": "Polygon",
        "coordinates": [
          [
            [
              -48.13599999999997,
              -21.834000000000003
            ],
            [
              -48.127999999999965,
              -21.834000000000003
            ],
            [
              -48.127999999999965,
              -21.826000000000004
            ],
            [
              -48.13599999999997,
              -21.826000000000004
            ],
            [
              -48.13599999999997,
              -21.834000000000003
            ]
          ]
        ]
      },
      "properties": {
        "grid_id": "GRID-050",
        "surface_temp": 31.5,
        "ndvi": 0.49,
        "heat_category": "Moderada a Alta",
        "vulnerability_score": 4,
        "vulnerability_desc": "Alta a Muito Alta",
        "year": 2024,
        "city": "Araraquara",
        "ibge_code": 3503208
      }
    },
    {
      "type": "Feature",
      "geometry": {
        "type": "Polygon",
        "coordinates": [
          [
            [
              -48.127999999999965,
              -21.834000000000003
            ],
            [
              -48.11999999999996,
              -21.834000000000003
            ],
            [
              -48.11999999999996,
              -21.826000000000004
            ],
            [
              -48.127999999999965,
              -21.826000000000004
            ],
            [
              -48.127999999999965,
              -21.834000000000003
            ]
          ]
        ]
      },
      "properties": {
        "grid_id": "GRID-051",
        "surface_temp": 31.3,
        "ndvi": 0.5,
        "heat_category": "Moderada",
        "vulnerability_score": 5,
        "vulnerability_desc": "Alta a Muito Alta",
        "year": 2024,
        "city": "Araraquara",
        "ibge_code": 3503208
      }
    },
    {
      "type": "Feature",
      "geometry": {
        "type": "Polygon",
        "coordinates": [
          [
            [
              -48.11999999999996,
              -21.834000000000003
            ],
            [
              -48.11199999999996,
              -21.834000000000003
            ],
            [
              -48.11199999999996,
              -21.826000000000004
            ],
            [
              -48.11999999999996,
              -21.826000000000004
            ],
            [
              -48.11999999999996,
              -21.834000000000003
            ]
          ]
        ]
      },
      "properties": {
        "grid_id": "GRID-052",
        "surface_temp": 31.1,
        "ndvi": 0.51,
        "heat_category": "Moderada",
        "vulnerability_score": 4,
        "vulnerability_desc": "Alta a Muito Alta",
        "year": 2024,
        "city": "Araraquara",
        "ibge_code": 3503208
      }
    },
    {
      "type": "Feature",
      "geometry": {
        "type": "Polygon",
        "coordinates": [
          [
            [
              -48.11199999999996,
              -21.834000000000003
            ],
            [
              -48.10399999999996,
              -21.834000000000003
            ],
            [
              -48.10399999999996,
              -21.826000000000004
            ],
            [
              -48.11199999999996,
              -21.826000000000004
            ],
            [
              -48.11199999999996,
              -21.834000000000003
            ]
          ]
        ]
      },
      "properties": {
        "grid_id": "GRID-053",
        "surface_temp": 30.8,
        "ndvi": 0.52,
        "heat_category": "Moderada",
        "vulnerability_score": 5,
        "vulnerability_desc": "Alta a Muito Alta",
        "year": 2024,
        "city": "Araraquara",
        "ibge_code": 3503208
      }
    },
    {
      "type": "Feature",
      "geometry": {
        "type": "Polygon",
        "coordinates": [
          [
            [
              -48.10399999999996,
              -21.834000000000003
            ],
            [
              -48.095999999999954,
              -21.834000000000003
            ],
            [
              -48.095999999999954,
              -21.826000000000004
            ],
            [
              -48.10399999999996,
              -21.826000000000004
            ],
            [
              -48.10399999999996,
              -21.834000000000003
            ]
          ]
        ]
      },
      "properties": {
        "grid_id": "GRID-054",
        "surface_temp": 30.6,
        "ndvi": 0.53,
        "heat_category": "Moderada",
        "vulnerability_score": 4,
        "vulnerability_desc": "Alta a Muito Alta",
        "year": 2024,
        "city": "Araraquara",
        "ibge_code": 3503208
      }
    },
    {
      "type": "Feature",
      "geometry": {
        "type": "Polygon",
        "coordinates": [
          [
            [
              -48.24,
              -21.826000000000004
            ],
            [
              -48.232,
              -21.826000000000004
            ],
            [
              -48.232,
              -21.818000000000005
            ],
            [
              -48.24,
              -21.818000000000005
            ],
            [
              -48.24,
              -21.826000000000004
            ]
          ]
        ]
      },
      "properties": {
        "grid_id": "GRID-055",
        "surface_temp": 29.9,
        "ndvi": 0.57,
        "heat_category": "Moderada",
        "vulnerability_score": 3,
        "vulnerability_desc": "Média",
        "year": 2024,
        "city": "Araraquara",
        "ibge_code": 3503208
      }
    },
    {
      "type": "Feature",
      "geometry": {
        "type": "Polygon",
        "coordinates": [
          [
            [
              -48.232,
              -21.826000000000004
            ],
            [
              -48.224,
              -21.826000000000004
            ],
            [
              -48.224,
              -21.818000000000005
            ],
            [
              -48.232,
              -21.818000000000005
            ],
            [
              -48.232,
              -21.826000000000004
            ]
          ]
        ]
      },
      "properties": {
        "grid_id": "GRID-056",
        "surface_temp": 30.1,
        "ndvi": 0.56,
        "heat_category": "Moderada",
        "vulnerability_score": 1,
        "vulnerability_desc": "Muito Baixa",
        "year": 2024,
        "city": "Araraquara",
        "ibge_code": 3503208
      }
    },
    {
      "type": "Feature",
      "geometry": {
        "type": "Polygon",
        "coordinates": [
          [
            [
              -48.224,
              -21.826000000000004
            ],
            [
              -48.215999999999994,
              -21.826000000000004
            ],
            [
              -48.215999999999994,
              -21.818000000000005
            ],
            [
              -48.224,
              -21.818000000000005
            ],
            [
              -48.224,
              -21.826000000000004
            ]
          ]
        ]
      },
      "properties": {
        "grid_id": "GRID-057",
        "surface_temp": 30.2,
        "ndvi": 0.55,
        "heat_category": "Moderada",
        "vulnerability_score": 1,
        "vulnerability_desc": "Muito Baixa",
        "year": 2024,
        "city": "Araraquara",
        "ibge_code": 3503208
      }
    },
    {
      "type": "Feature",
      "geometry": {
        "type": "Polygon",
        "coordinates": [
          [
            [
              -48.215999999999994,
              -21.826000000000004
            ],
            [
              -48.20799999999999,
              -21.826000000000004
            ],
            [
              -48.20799999999999,
              -21.818000000000005
            ],
            [
              -48.215999999999994,
              -21.818000000000005
            ],
            [
              -48.215999999999994,
              -21.826000000000004
            ]
          ]
        ]
      },
      "properties": {
        "grid_id": "GRID-058",
        "surface_temp": 30.3,
        "ndvi": 0.55,
        "heat_category": "Moderada",
        "vulnerability_score": 1,
        "vulnerability_desc": "Muito Baixa",
        "year": 2024,
        "city": "Araraquara",
        "ibge_code": 3503208
      }
    },
    {
      "type": "Feature",
      "geometry": {
        "type": "Polygon",
        "coordinates": [
          [
            [
              -48.20799999999999,
              -21.826000000000004
            ],
            [
              -48.19999999999999,
              -21.826000000000004
            ],
            [
              -48.19999999999999,
              -21.818000000000005
            ],
            [
              -48.20799999999999,
              -21.818000000000005
            ],
            [
              -48.20799999999999,
              -21.826000000000004
            ]
          ]
        ]
      },
      "properties": {
        "grid_id": "GRID-059",
        "surface_temp": 30.5,
        "ndvi": 0.54,
        "heat_category": "Moderada",
        "vulnerability_score": 1,
        "vulnerability_desc": "Muito Baixa",
        "year": 2024,
        "city": "Araraquara",
        "ibge_code": 3503208
      }
    },
    {
      "type": "Feature",
      "geometry": {
        "type": "Polygon",
        "coordinates": [
          [
            [
              -48.19999999999999,
              -21.826000000000004
            ],
            [
              -48.191999999999986,
              -21.826000000000004
            ],
            [
              -48.191999999999986,
              -21.818000000000005
            ],
            [
              -48.19999999999999,
              -21.818000000000005
            ],
            [
              -48.19999999999999,
              -21.826000000000004
            ]
          ]
        ]
      },
      "properties": {
        "grid_id": "GRID-060",
        "surface_temp": 30.8,
        "ndvi": 0.52,
        "heat_category": "Moderada",
        "vulnerability_score": 1,
        "vulnerability_desc": "Muito Baixa",
        "year": 2024,
        "city": "Araraquara",
        "ibge_code": 3503208
      }
    },
    {
      "type": "Feature",
      "geometry": {
        "type": "Polygon",
        "coordinates": [
          [
            [
              -48.191999999999986,
              -21.826000000000004
            ],
            [
              -48.18399999999998,
              -21.826000000000004
            ],
            [
              -48.18399999999998,
              -21.818000000000005
            ],
            [
              -48.191999999999986,
              -21.818000000000005
            ],
            [
              -48.191999999999986,
              -21.826000000000004
            ]
          ]
        ]
      },
      "properties": {
        "grid_id": "GRID-061",
        "surface_temp": 31.2,
        "ndvi": 0.5,
        "heat_category": "Moderada",
        "vulnerability_score": 1,
        "vulnerability_desc": "Muito Baixa",
        "year": 2024,
        "city": "Araraquara",
        "ibge_code": 3503208
      }
    },
    {
      "type": "Feature",
      "geometry": {
        "type": "Polygon",
        "coordinates": [
          [
            [
              -48.18399999999998,
              -21.826000000000004
            ],
            [
              -48.17599999999998,
              -21.826000000000004
            ],
            [
              -48.17599999999998,
              -21.818000000000005
            ],
            [
              -48.18399999999998,
              -21.818000000000005
            ],
            [
              -48.18399999999998,
              -21.826000000000004
            ]
          ]
        ]
      },
      "properties": {
        "grid_id": "GRID-062",
        "surface_temp": 31.6,
        "ndvi": 0.49,
        "heat_category": "Moderada a Alta",
        "vulnerability_score": 2,
        "vulnerability_desc": "Baixa",
        "year": 2024,
        "city": "Araraquara",
        "ibge_code": 3503208
      }
    },
    {
      "type": "Feature",
      "geometry": {
        "type": "Polygon",
        "coordinates": [
          [
            [
              -48.17599999999998,
              -21.826000000000004
            ],
            [
              -48.16799999999998,
              -21.826000000000004
            ],
            [
              -48.16799999999998,
              -21.818000000000005
            ],
            [
              -48.17599999999998,
              -21.818000000000005
            ],
            [
              -48.17599999999998,
              -21.826000000000004
            ]
          ]
        ]
      },
      "properties": {
        "grid_id": "GRID-063",
        "surface_temp": 31.9,
        "ndvi": 0.47,
        "heat_category": "Moderada a Alta",
        "vulnerability_score": 2,
        "vulnerability_desc": "Baixa",
        "year": 2024,
        "city": "Araraquara",
        "ibge_code": 3503208
      }
    },
    {
      "type": "Feature",
      "geometry": {
        "type": "Polygon",
        "coordinates": [
          [
            [
              -48.16799999999998,
              -21.826000000000004
            ],
            [
              -48.159999999999975,
              -21.826000000000004
            ],
            [
              -48.159999999999975,
              -21.818000000000005
            ],
            [
              -48.16799999999998,
              -21.818000000000005
            ],
            [
              -48.16799999999998,
              -21.826000000000004
            ]
          ]
        ]
      },
      "properties": {
        "grid_id": "GRID-064",
        "surface_temp": 32.2,
        "ndvi": 0.46,
        "heat_category": "Moderada a Alta",
        "vulnerability_score": 1,
        "vulnerability_desc": "Muito Baixa",
        "year": 2024,
        "city": "Araraquara",
        "ibge_code": 3503208
      }
    },
    {
      "type": "Feature",
      "geometry": {
        "type": "Polygon",
        "coordinates": [
          [
            [
              -48.159999999999975,
              -21.826000000000004
            ],
            [
              -48.15199999999997,
              -21.826000000000004
            ],
            [
              -48.15199999999997,
              -21.818000000000005
            ],
            [
              -48.159999999999975,
              -21.818000000000005
            ],
            [
              -48.159999999999975,
              -21.826000000000004
            ]
          ]
        ]
      },
      "properties": {
        "grid_id": "GRID-065",
        "surface_temp": 32.3,
        "ndvi": 0.45,
        "heat_category": "Moderada a Alta",
        "vulnerability_score": 1,
        "vulnerability_desc": "Muito Baixa",
        "year": 2024,
        "city": "Araraquara",
        "ibge_code": 3503208
      }
    },
    {
      "type": "Feature",
      "geometry": {
        "type": "Polygon",
        "coordinates": [
          [
            [
              -48.15199999999997,
              -21.826000000000004
            ],
            [
              -48.14399999999997,
              -21.826000000000004
            ],
            [
              -48.14399999999997,
              -21.818000000000005
            ],
            [
              -48.15199999999997,
              -21.818000000000005
            ],
            [
              -48.15199999999997,
              -21.826000000000004
            ]
          ]
        ]
      },
      "properties": {
        "grid_id": "GRID-066",
        "surface_temp": 32.3,
        "ndvi": 0.45,
        "heat_category": "Moderada a Alta",
        "vulnerability_score": 3,
        "vulnerability_desc": "Média",
        "year": 2024,
        "city": "Araraquara",
        "ibge_code": 3503208
      }
    },
    {
      "type": "Feature",
      "geometry": {
        "type": "Polygon",
        "coordinates": [
          [
            [
              -48.14399999999997,
              -21.826000000000004
            ],
            [
              -48.13599999999997,
              -21.826000000000004
            ],
            [
              -48.13599999999997,
              -21.818000000000005
            ],
            [
              -48.14399999999997,
              -21.818000000000005
            ],
            [
              -48.14399999999997,
              -21.826000000000004
            ]
          ]
        ]
      },
      "properties": {
        "grid_id": "GRID-067",
        "surface_temp": 32.2,
        "ndvi": 0.46,
        "heat_category": "Moderada a Alta",
        "vulnerability_score": 3,
        "vulnerability_desc": "Média",
        "year": 2024,
        "city": "Araraquara",
        "ibge_code": 3503208
      }
    },
    {
      "type": "Feature",
      "geometry": {
        "type": "Polygon",
        "coordinates": [
          [
            [
              -48.13599999999997,
              -21.826000000000004
            ],
            [
              -48.127999999999965,
              -21.826000000000004
            ],
            [
              -48.127999999999965,
              -21.818000000000005
            ],
            [
              -48.13599999999997,
              -21.818000000000005
            ],
            [
              -48.13599999999997,
              -21.826000000000004
            ]
          ]
        ]
      },
      "properties": {
        "grid_id": "GRID-068",
        "surface_temp": 32.1,
        "ndvi": 0.46,
        "heat_category": "Moderada a Alta",
        "vulnerability_score": 3,
        "vulnerability_desc": "Média",
        "year": 2024,
        "city": "Araraquara",
        "ibge_code": 3503208
      }
    },
    {
      "type": "Feature",
      "geometry": {
        "type": "Polygon",
        "coordinates": [
          [
            [
              -48.127999999999965,
              -21.826000000000004
            ],
            [
              -48.11999999999996,
              -21.826000000000004
            ],
            [
              -48.11999999999996,
              -21.818000000000005
            ],
            [
              -48.127999999999965,
              -21.818000000000005
            ],
            [
              -48.127999999999965,
              -21.826000000000004
            ]
          ]
        ]
      },
      "properties": {
        "grid_id": "GRID-069",
        "surface_temp": 31.9,
        "ndvi": 0.47,
        "heat_category": "Moderada a Alta",
        "vulnerability_score": 3,
        "vulnerability_desc": "Média",
        "year": 2024,
        "city": "Araraquara",
        "ibge_code": 3503208
      }
    },
    {
      "type": "Feature",
      "geometry": {
        "type": "Polygon",
        "coordinates": [
          [
            [
              -48.11999999999996,
              -21.826000000000004
            ],
            [
              -48.11199999999996,
              -21.826000000000004
            ],
            [
              -48.11199999999996,
              -21.818000000000005
            ],
            [
              -48.11999999999996,
              -21.818000000000005
            ],
            [
              -48.11999999999996,
              -21.826000000000004
            ]
          ]
        ]
      },
      "properties": {
        "grid_id": "GRID-070",
        "surface_temp": 31.6,
        "ndvi": 0.49,
        "heat_category": "Moderada a Alta",
        "vulnerability_score": 3,
        "vulnerability_desc": "Média",
        "year": 2024,
        "city": "Araraquara",
        "ibge_code": 3503208
      }
    },
    {
      "type": "Feature",
      "geometry": {
        "type": "Polygon",
        "coordinates": [
          [
            [
              -48.11199999999996,
              -21.826000000000004
            ],
            [
              -48.10399999999996,
              -21.826000000000004
            ],
            [
              -48.10399999999996,
              -21.818000000000005
            ],
            [
              -48.11199999999996,
              -21.818000000000005
            ],
            [
              -48.11199999999996,
              -21.826000000000004
            ]
          ]
        ]
      },
      "properties": {
        "grid_id": "GRID-071",
        "surface_temp": 31.3,
        "ndvi": 0.5,
        "heat_category": "Moderada",
        "vulnerability_score": 3,
        "vulnerability_desc": "Média",
        "year": 2024,
        "city": "Araraquara",
        "ibge_code": 3503208
      }
    },
    {
      "type": "Feature",
      "geometry": {
        "type": "Polygon",
        "coordinates": [
          [
            [
              -48.10399999999996,
              -21.826000000000004
            ],
            [
              -48.095999999999954,
              -21.826000000000004
            ],
            [
              -48.095999999999954,
              -21.818000000000005
            ],
            [
              -48.10399999999996,
              -21.818000000000005
            ],
            [
              -48.10399999999996,
              -21.826000000000004
            ]
          ]
        ]
      },
      "properties": {
        "grid_id": "GRID-072",
        "surface_temp": 31.0,
        "ndvi": 0.51,
        "heat_category": "Moderada",
        "vulnerability_score": 3,
        "vulnerability_desc": "Média",
        "year": 2024,
        "city": "Araraquara",
        "ibge_code": 3503208
      }
    },
    {
      "type": "Feature",
      "geometry": {
        "type": "Polygon",
        "coordinates": [
          [
            [
              -48.24,
              -21.818000000000005
            ],
            [
              -48.232,
              -21.818000000000005
            ],
            [
              -48.232,
              -21.810000000000006
            ],
            [
              -48.24,
              -21.810000000000006
            ],
            [
              -48.24,
              -21.818000000000005
            ]
          ]
        ]
      },
      "properties": {
        "grid_id": "GRID-073",
        "surface_temp": 30.1,
        "ndvi": 0.56,
        "heat_category": "Moderada",
        "vulnerability_score": 3,
        "vulnerability_desc": "Média",
        "year": 2024,
        "city": "Araraquara",
        "ibge_code": 3503208
      }
    },
    {
      "type": "Feature",
      "geometry": {
        "type": "Polygon",
        "coordinates": [
          [
            [
              -48.232,
              -21.818000000000005
            ],
            [
              -48.224,
              -21.818000000000005
            ],
            [
              -48.224,
              -21.810000000000006
            ],
            [
              -48.232,
              -21.810000000000006
            ],
            [
              -48.232,
              -21.818000000000005
            ]
          ]
        ]
      },
      "properties": {
        "grid_id": "GRID-074",
        "surface_temp": 30.2,
        "ndvi": 0.55,
        "heat_category": "Moderada",
        "vulnerability_score": 1,
        "vulnerability_desc": "Muito Baixa",
        "year": 2024,
        "city": "Araraquara",
        "ibge_code": 3503208
      }
    },
    {
      "type": "Feature",
      "geometry": {
        "type": "Polygon",
        "coordinates": [
          [
            [
              -48.224,
              -21.818000000000005
            ],
            [
              -48.215999999999994,
              -21.818000000000005
            ],
            [
              -48.215999999999994,
              -21.810000000000006
            ],
            [
              -48.224,
              -21.810000000000006
            ],
            [
              -48.224,
              -21.818000000000005
            ]
          ]
        ]
      },
      "properties": {
        "grid_id": "GRID-075",
        "surface_temp": 30.3,
        "ndvi": 0.55,
        "heat_category": "Moderada",
        "vulnerability_score": 1,
        "vulnerability_desc": "Muito Baixa",
        "year": 2024,
        "city": "Araraquara",
        "ibge_code": 3503208
      }
    },
    {
      "type": "Feature",
      "geometry": {
        "type": "Polygon",
        "coordinates": [
          [
            [
              -48.215999999999994,
              -21.818000000000005
            ],
            [
              -48.20799999999999,
              -21.818000000000005
            ],
            [
              -48.20799999999999,
              -21.810000000000006
            ],
            [
              -48.215999999999994,
              -21.810000000000006
            ],
            [
              -48.215999999999994,
              -21.818000000000005
            ]
          ]
        ]
      },
      "properties": {
        "grid_id": "GRID-076",
        "surface_temp": 30.7,
        "ndvi": 0.53,
        "heat_category": "Moderada",
        "vulnerability_score": 1,
        "vulnerability_desc": "Muito Baixa",
        "year": 2024,
        "city": "Araraquara",
        "ibge_code": 3503208
      }
    },
    {
      "type": "Feature",
      "geometry": {
        "type": "Polygon",
        "coordinates": [
          [
            [
              -48.20799999999999,
              -21.818000000000005
            ],
            [
              -48.19999999999999,
              -21.818000000000005
            ],
            [
              -48.19999999999999,
              -21.810000000000006
            ],
            [
              -48.20799999999999,
              -21.810000000000006
            ],
            [
              -48.20799999999999,
              -21.818000000000005
            ]
          ]
        ]
      },
      "properties": {
        "grid_id": "GRID-077",
        "surface_temp": 31.0,
        "ndvi": 0.51,
        "heat_category": "Moderada",
        "vulnerability_score": 1,
        "vulnerability_desc": "Muito Baixa",
        "year": 2024,
        "city": "Araraquara",
        "ibge_code": 3503208
      }
    },
    {
      "type": "Feature",
      "geometry": {
        "type": "Polygon",
        "coordinates": [
          [
            [
              -48.19999999999999,
              -21.818000000000005
            ],
            [
              -48.191999999999986,
              -21.818000000000005
            ],
            [
              -48.191999999999986,
              -21.810000000000006
            ],
            [
              -48.19999999999999,
              -21.810000000000006
            ],
            [
              -48.19999999999999,
              -21.818000000000005
            ]
          ]
        ]
      },
      "properties": {
        "grid_id": "GRID-078",
        "surface_temp": 31.3,
        "ndvi": 0.5,
        "heat_category": "Moderada",
        "vulnerability_score": 2,
        "vulnerability_desc": "Baixa",
        "year": 2024,
        "city": "Araraquara",
        "ibge_code": 3503208
      }
    },
    {
      "type": "Feature",
      "geometry": {
        "type": "Polygon",
        "coordinates": [
          [
            [
              -48.191999999999986,
              -21.818000000000005
            ],
            [
              -48.18399999999998,
              -21.818000000000005
            ],
            [
              -48.18399999999998,
              -21.810000000000006
            ],
            [
              -48.191999999999986,
              -21.810000000000006
            ],
            [
              -48.191999999999986,
              -21.818000000000005
            ]
          ]
        ]
      },
      "properties": {
        "grid_id": "GRID-079",
        "surface_temp": 31.7,
        "ndvi": 0.48,
        "heat_category": "Moderada a Alta",
        "vulnerability_score": 2,
        "vulnerability_desc": "Baixa",
        "year": 2024,
        "city": "Araraquara",
        "ibge_code": 3503208
      }
    },
    {
      "type": "Feature",
      "geometry": {
        "type": "Polygon",
        "coordinates": [
          [
            [
              -48.18399999999998,
              -21.818000000000005
            ],
            [
              -48.17599999999998,
              -21.818000000000005
            ],
            [
              -48.17599999999998,
              -21.810000000000006
            ],
            [
              -48.18399999999998,
              -21.810000000000006
            ],
            [
              -48.18399999999998,
              -21.818000000000005
            ]
          ]
        ]
      },
      "properties": {
        "grid_id": "GRID-080",
        "surface_temp": 32.2,
        "ndvi": 0.46,
        "heat_category": "Moderada a Alta",
        "vulnerability_score": 2,
        "vulnerability_desc": "Baixa",
        "year": 2024,
        "city": "Araraquara",
        "ibge_code": 3503208
      }
    },
    {
      "type": "Feature",
      "geometry": {
        "type": "Polygon",
        "coordinates": [
          [
            [
              -48.17599999999998,
              -21.818000000000005
            ],
            [
              -48.16799999999998,
              -21.818000000000005
            ],
            [
              -48.16799999999998,
              -21.810000000000006
            ],
            [
              -48.17599999999998,
              -21.810000000000006
            ],
            [
              -48.17599999999998,
              -21.818000000000005
            ]
          ]
        ]
      },
      "properties": {
        "grid_id": "GRID-081",
        "surface_temp": 32.7,
        "ndvi": 0.43,
        "heat_category": "Moderada a Alta",
        "vulnerability_score": 2,
        "vulnerability_desc": "Baixa",
        "year": 2024,
        "city": "Araraquara",
        "ibge_code": 3503208
      }
    },
    {
      "type": "Feature",
      "geometry": {
        "type": "Polygon",
        "coordinates": [
          [
            [
              -48.16799999999998,
              -21.818000000000005
            ],
            [
              -48.159999999999975,
              -21.818000000000005
            ],
            [
              -48.159999999999975,
              -21.810000000000006
            ],
            [
              -48.16799999999998,
              -21.810000000000006
            ],
            [
              -48.16799999999998,
              -21.818000000000005
            ]
          ]
        ]
      },
      "properties": {
        "grid_id": "GRID-082",
        "surface_temp": 32.9,
        "ndvi": 0.42,
        "heat_category": "Moderada a Alta",
        "vulnerability_score": 2,
        "vulnerability_desc": "Baixa",
        "year": 2024,
        "city": "Araraquara",
        "ibge_code": 3503208
      }
    },
    {
      "type": "Feature",
      "geometry": {
        "type": "Polygon",
        "coordinates": [
          [
            [
              -48.159999999999975,
              -21.818000000000005
            ],
            [
              -48.15199999999997,
              -21.818000000000005
            ],
            [
              -48.15199999999997,
              -21.810000000000006
            ],
            [
              -48.159999999999975,
              -21.810000000000006
            ],
            [
              -48.159999999999975,
              -21.818000000000005
            ]
          ]
        ]
      },
      "properties": {
        "grid_id": "GRID-083",
        "surface_temp": 33.0,
        "ndvi": 0.42,
        "heat_category": "Moderada a Alta",
        "vulnerability_score": 2,
        "vulnerability_desc": "Baixa",
        "year": 2024,
        "city": "Araraquara",
        "ibge_code": 3503208
      }
    },
    {
      "type": "Feature",
      "geometry": {
        "type": "Polygon",
        "coordinates": [
          [
            [
              -48.15199999999997,
              -21.818000000000005
            ],
            [
              -48.14399999999997,
              -21.818000000000005
            ],
            [
              -48.14399999999997,
              -21.810000000000006
            ],
            [
              -48.15199999999997,
              -21.810000000000006
            ],
            [
              -48.15199999999997,
              -21.818000000000005
            ]
          ]
        ]
      },
      "properties": {
        "grid_id": "GRID-084",
        "surface_temp": 32.9,
        "ndvi": 0.42,
        "heat_category": "Moderada a Alta",
        "vulnerability_score": 3,
        "vulnerability_desc": "Média",
        "year": 2024,
        "city": "Araraquara",
        "ibge_code": 3503208
      }
    },
    {
      "type": "Feature",
      "geometry": {
        "type": "Polygon",
        "coordinates": [
          [
            [
              -48.14399999999997,
              -21.818000000000005
            ],
            [
              -48.13599999999997,
              -21.818000000000005
            ],
            [
              -48.13599999999997,
              -21.810000000000006
            ],
            [
              -48.14399999999997,
              -21.810000000000006
            ],
            [
              -48.14399999999997,
              -21.818000000000005
            ]
          ]
        ]
      },
      "properties": {
        "grid_id": "GRID-085",
        "surface_temp": 32.8,
        "ndvi": 0.43,
        "heat_category": "Moderada a Alta",
        "vulnerability_score": 3,
        "vulnerability_desc": "Média",
        "year": 2024,
        "city": "Araraquara",
        "ibge_code": 3503208
      }
    },
    {
      "type": "Feature",
      "geometry": {
        "type": "Polygon",
        "coordinates": [
          [
            [
              -48.13599999999997,
              -21.818000000000005
            ],
            [
              -48.127999999999965,
              -21.818000000000005
            ],
            [
              -48.127999999999965,
              -21.810000000000006
            ],
            [
              -48.13599999999997,
              -21.810000000000006
            ],
            [
              -48.13599999999997,
              -21.818000000000005
            ]
          ]
        ]
      },
      "properties": {
        "grid_id": "GRID-086",
        "surface_temp": 32.6,
        "ndvi": 0.44,
        "heat_category": "Moderada a Alta",
        "vulnerability_score": 3,
        "vulnerability_desc": "Média",
        "year": 2024,
        "city": "Araraquara",
        "ibge_code": 3503208
      }
    },
    {
      "type": "Feature",
      "geometry": {
        "type": "Polygon",
        "coordinates": [
          [
            [
              -48.127999999999965,
              -21.818000000000005
            ],
            [
              -48.11999999999996,
              -21.818000000000005
            ],
            [
              -48.11999999999996,
              -21.810000000000006
            ],
            [
              -48.127999999999965,
              -21.810000000000006
            ],
            [
              -48.127999999999965,
              -21.818000000000005
            ]
          ]
        ]
      },
      "properties": {
        "grid_id": "GRID-087",
        "surface_temp": 32.4,
        "ndvi": 0.45,
        "heat_category": "Moderada a Alta",
        "vulnerability_score": 3,
        "vulnerability_desc": "Média",
        "year": 2024,
        "city": "Araraquara",
        "ibge_code": 3503208
      }
    },
    {
      "type": "Feature",
      "geometry": {
        "type": "Polygon",
        "coordinates": [
          [
            [
              -48.11999999999996,
              -21.818000000000005
            ],
            [
              -48.11199999999996,
              -21.818000000000005
            ],
            [
              -48.11199999999996,
              -21.810000000000006
            ],
            [
              -48.11999999999996,
              -21.810000000000006
            ],
            [
              -48.11999999999996,
              -21.818000000000005
            ]
          ]
        ]
      },
      "properties": {
        "grid_id": "GRID-088",
        "surface_temp": 32.1,
        "ndvi": 0.46,
        "heat_category": "Moderada a Alta",
        "vulnerability_score": 3,
        "vulnerability_desc": "Média",
        "year": 2024,
        "city": "Araraquara",
        "ibge_code": 3503208
      }
    },
    {
      "type": "Feature",
      "geometry": {
        "type": "Polygon",
        "coordinates": [
          [
            [
              -48.11199999999996,
              -21.818000000000005
            ],
            [
              -48.10399999999996,
              -21.818000000000005
            ],
            [
              -48.10399999999996,
              -21.810000000000006
            ],
            [
              -48.11199999999996,
              -21.810000000000006
            ],
            [
              -48.11199999999996,
              -21.818000000000005
            ]
          ]
        ]
      },
      "properties": {
        "grid_id": "GRID-089",
        "surface_temp": 31.8,
        "ndvi": 0.48,
        "heat_category": "Moderada a Alta",
        "vulnerability_score": 3,
        "vulnerability_desc": "Média",
        "year": 2024,
        "city": "Araraquara",
        "ibge_code": 3503208
      }
    },
    {
      "type": "Feature",
      "geometry": {
        "type": "Polygon",
        "coordinates": [
          [
            [
              -48.10399999999996,
              -21.818000000000005
            ],
            [
              -48.095999999999954,
              -21.818000000000005
            ],
            [
              -48.095999999999954,
              -21.810000000000006
            ],
            [
              -48.10399999999996,
              -21.810000000000006
            ],
            [
              -48.10399999999996,
              -21.818000000000005
            ]
          ]
        ]
      },
      "properties": {
        "grid_id": "GRID-090",
        "surface_temp": 31.5,
        "ndvi": 0.49,
        "heat_category": "Moderada a Alta",
        "vulnerability_score": 3,
        "vulnerability_desc": "Média",
        "year": 2024,
        "city": "Araraquara",
        "ibge_code": 3503208
      }
    },
    {
      "type": "Feature",
      "geometry": {
        "type": "Polygon",
        "coordinates": [
          [
            [
              -48.24,
              -21.810000000000006
            ],
            [
              -48.232,
              -21.810000000000006
            ],
            [
              -48.232,
              -21.802000000000007
            ],
            [
              -48.24,
              -21.802000000000007
            ],
            [
              -48.24,
              -21.810000000000006
            ]
          ]
        ]
      },
      "properties": {
        "grid_id": "GRID-091",
        "surface_temp": 30.2,
        "ndvi": 0.55,
        "heat_category": "Moderada",
        "vulnerability_score": 3,
        "vulnerability_desc": "Média",
        "year": 2024,
        "city": "Araraquara",
        "ibge_code": 3503208
      }
    },
    {
      "type": "Feature",
      "geometry": {
        "type": "Polygon",
        "coordinates": [
          [
            [
              -48.232,
              -21.810000000000006
            ],
            [
              -48.224,
              -21.810000000000006
            ],
            [
              -48.224,
              -21.802000000000007
            ],
            [
              -48.232,
              -21.802000000000007
            ],
            [
              -48.232,
              -21.810000000000006
            ]
          ]
        ]
      },
      "properties": {
        "grid_id": "GRID-092",
        "surface_temp": 30.4,
        "ndvi": 0.54,
        "heat_category": "Moderada",
        "vulnerability_score": 1,
        "vulnerability_desc": "Muito Baixa",
        "year": 2024,
        "city": "Araraquara",
        "ibge_code": 3503208
      }
    },
    {
      "type": "Feature",
      "geometry": {
        "type": "Polygon",
        "coordinates": [
          [
            [
              -48.224,
              -21.810000000000006
            ],
            [
              -48.215999999999994,
              -21.810000000000006
            ],
            [
              -48.215999999999994,
              -21.802000000000007
            ],
            [
              -48.224,
              -21.802000000000007
            ],
            [
              -48.224,
              -21.810000000000006
            ]
          ]
        ]
      },
      "properties": {
        "grid_id": "GRID-093",
        "surface_temp": 30.8,
        "ndvi": 0.52,
        "heat_category": "Moderada",
        "vulnerability_score": 1,
        "vulnerability_desc": "Muito Baixa",
        "year": 2024,
        "city": "Araraquara",
        "ibge_code": 3503208
      }
    },
    {
      "type": "Feature",
      "geometry": {
        "type": "Polygon",
        "coordinates": [
          [
            [
              -48.215999999999994,
              -21.810000000000006
            ],
            [
              -48.20799999999999,
              -21.810000000000006
            ],
            [
              -48.20799999999999,
              -21.802000000000007
            ],
            [
              -48.215999999999994,
              -21.802000000000007
            ],
            [
              -48.215999999999994,
              -21.810000000000006
            ]
          ]
        ]
      },
      "properties": {
        "grid_id": "GRID-094",
        "surface_temp": 31.2,
        "ndvi": 0.5,
        "heat_category": "Moderada",
        "vulnerability_score": 1,
        "vulnerability_desc": "Muito Baixa",
        "year": 2024,
        "city": "Araraquara",
        "ibge_code": 3503208
      }
    },
    {
      "type": "Feature",
      "geometry": {
        "type": "Polygon",
        "coordinates": [
          [
            [
              -48.20799999999999,
              -21.810000000000006
            ],
            [
              -48.19999999999999,
              -21.810000000000006
            ],
            [
              -48.19999999999999,
              -21.802000000000007
            ],
            [
              -48.20799999999999,
              -21.802000000000007
            ],
            [
              -48.20799999999999,
              -21.810000000000006
            ]
          ]
        ]
      },
      "properties": {
        "grid_id": "GRID-095",
        "surface_temp": 31.6,
        "ndvi": 0.49,
        "heat_category": "Moderada a Alta",
        "vulnerability_score": 1,
        "vulnerability_desc": "Muito Baixa",
        "year": 2024,
        "city": "Araraquara",
        "ibge_code": 3503208
      }
    },
    {
      "type": "Feature",
      "geometry": {
        "type": "Polygon",
        "coordinates": [
          [
            [
              -48.19999999999999,
              -21.810000000000006
            ],
            [
              -48.191999999999986,
              -21.810000000000006
            ],
            [
              -48.191999999999986,
              -21.802000000000007
            ],
            [
              -48.19999999999999,
              -21.802000000000007
            ],
            [
              -48.19999999999999,
              -21.810000000000006
            ]
          ]
        ]
      },
      "properties": {
        "grid_id": "GRID-096",
        "surface_temp": 31.9,
        "ndvi": 0.47,
        "heat_category": "Moderada a Alta",
        "vulnerability_score": 2,
        "vulnerability_desc": "Baixa",
        "year": 2024,
        "city": "Araraquara",
        "ibge_code": 3503208
      }
    },
    {
      "type": "Feature",
      "geometry": {
        "type": "Polygon",
        "coordinates": [
          [
            [
              -48.191999999999986,
              -21.810000000000006
            ],
            [
              -48.18399999999998,
              -21.810000000000006
            ],
            [
              -48.18399999999998,
              -21.802000000000007
            ],
            [
              -48.191999999999986,
              -21.802000000000007
            ],
            [
              -48.191999999999986,
              -21.810000000000006
            ]
          ]
        ]
      },
      "properties": {
        "grid_id": "GRID-097",
        "surface_temp": 32.4,
        "ndvi": 0.45,
        "heat_category": "Moderada a Alta",
        "vulnerability_score": 2,
        "vulnerability_desc": "Baixa",
        "year": 2024,
        "city": "Araraquara",
        "ibge_code": 3503208
      }
    },
    {
      "type": "Feature",
      "geometry": {
        "type": "Polygon",
        "coordinates": [
          [
            [
              -48.18399999999998,
              -21.810000000000006
            ],
            [
              -48.17599999999998,
              -21.810000000000006
            ],
            [
              -48.17599999999998,
              -21.802000000000007
            ],
            [
              -48.18399999999998,
              -21.802000000000007
            ],
            [
              -48.18399999999998,
              -21.810000000000006
            ]
          ]
        ]
      },
      "properties": {
        "grid_id": "GRID-098",
        "surface_temp": 33.1,
        "ndvi": 0.41,
        "heat_category": "Moderada a Alta",
        "vulnerability_score": 2,
        "vulnerability_desc": "Baixa",
        "year": 2024,
        "city": "Araraquara",
        "ibge_code": 3503208
      }
    },
    {
      "type": "Feature",
      "geometry": {
        "type": "Polygon",
        "coordinates": [
          [
            [
              -48.17599999999998,
              -21.810000000000006
            ],
            [
              -48.16799999999998,
              -21.810000000000006
            ],
            [
              -48.16799999999998,
              -21.802000000000007
            ],
            [
              -48.17599999999998,
              -21.802000000000007
            ],
            [
              -48.17599999999998,
              -21.810000000000006
            ]
          ]
        ]
      },
      "properties": {
        "grid_id": "GRID-099",
        "surface_temp": 33.5,
        "ndvi": 0.39,
        "heat_category": "Moderada a Alta",
        "vulnerability_score": 2,
        "vulnerability_desc": "Baixa",
        "year": 2024,
        "city": "Araraquara",
        "ibge_code": 3503208
      }
    },
    {
      "type": "Feature",
      "geometry": {
        "type": "Polygon",
        "coordinates": [
          [
            [
              -48.16799999999998,
              -21.810000000000006
            ],
            [
              -48.159999999999975,
              -21.810000000000006
            ],
            [
              -48.159999999999975,
              -21.802000000000007
            ],
            [
              -48.16799999999998,
              -21.802000000000007
            ],
            [
              -48.16799999999998,
              -21.810000000000006
            ]
          ]
        ]
      },
      "properties": {
        "grid_id": "GRID-100",
        "surface_temp": 33.7,
        "ndvi": 0.38,
        "heat_category": "Moderada a Alta",
        "vulnerability_score": 2,
        "vulnerability_desc": "Baixa",
        "year": 2024,
        "city": "Araraquara",
        "ibge_code": 3503208
      }
    },
    {
      "type": "Feature",
      "geometry": {
        "type": "Polygon",
        "coordinates": [
          [
            [
              -48.159999999999975,
              -21.810000000000006
            ],
            [
              -48.15199999999997,
              -21.810000000000006
            ],
            [
              -48.15199999999997,
              -21.802000000000007
            ],
            [
              -48.159999999999975,
              -21.802000000000007
            ],
            [
              -48.159999999999975,
              -21.810000000000006
            ]
          ]
        ]
      },
      "properties": {
        "grid_id": "GRID-101",
        "surface_temp": 33.7,
        "ndvi": 0.38,
        "heat_category": "Moderada a Alta",
        "vulnerability_score": 2,
        "vulnerability_desc": "Baixa",
        "year": 2024,
        "city": "Araraquara",
        "ibge_code": 3503208
      }
    },
    {
      "type": "Feature",
      "geometry": {
        "type": "Polygon",
        "coordinates": [
          [
            [
              -48.15199999999997,
              -21.810000000000006
            ],
            [
              -48.14399999999997,
              -21.810000000000006
            ],
            [
              -48.14399999999997,
              -21.802000000000007
            ],
            [
              -48.15199999999997,
              -21.802000000000007
            ],
            [
              -48.15199999999997,
              -21.810000000000006
            ]
          ]
        ]
      },
      "properties": {
        "grid_id": "GRID-102",
        "surface_temp": 33.6,
        "ndvi": 0.39,
        "heat_category": "Moderada a Alta",
        "vulnerability_score": 3,
        "vulnerability_desc": "Média",
        "year": 2024,
        "city": "Araraquara",
        "ibge_code": 3503208
      }
    },
    {
      "type": "Feature",
      "geometry": {
        "type": "Polygon",
        "coordinates": [
          [
            [
              -48.14399999999997,
              -21.810000000000006
            ],
            [
              -48.13599999999997,
              -21.810000000000006
            ],
            [
              -48.13599999999997,
              -21.802000000000007
            ],
            [
              -48.14399999999997,
              -21.802000000000007
            ],
            [
              -48.14399999999997,
              -21.810000000000006
            ]
          ]
        ]
      },
      "properties": {
        "grid_id": "GRID-103",
        "surface_temp": 33.4,
        "ndvi": 0.4,
        "heat_category": "Moderada a Alta",
        "vulnerability_score": 3,
        "vulnerability_desc": "Média",
        "year": 2024,
        "city": "Araraquara",
        "ibge_code": 3503208
      }
    },
    {
      "type": "Feature",
      "geometry": {
        "type": "Polygon",
        "coordinates": [
          [
            [
              -48.13599999999997,
              -21.810000000000006
            ],
            [
              -48.127999999999965,
              -21.810000000000006
            ],
            [
              -48.127999999999965,
              -21.802000000000007
            ],
            [
              -48.13599999999997,
              -21.802000000000007
            ],
            [
              -48.13599999999997,
              -21.810000000000006
            ]
          ]
        ]
      },
      "properties": {
        "grid_id": "GRID-104",
        "surface_temp": 33.2,
        "ndvi": 0.41,
        "heat_category": "Moderada a Alta",
        "vulnerability_score": 3,
        "vulnerability_desc": "Média",
        "year": 2024,
        "city": "Araraquara",
        "ibge_code": 3503208
      }
    },
    {
      "type": "Feature",
      "geometry": {
        "type": "Polygon",
        "coordinates": [
          [
            [
              -48.127999999999965,
              -21.810000000000006
            ],
            [
              -48.11999999999996,
              -21.810000000000006
            ],
            [
              -48.11999999999996,
              -21.802000000000007
            ],
            [
              -48.127999999999965,
              -21.802000000000007
            ],
            [
              -48.127999999999965,
              -21.810000000000006
            ]
          ]
        ]
      },
      "properties": {
        "grid_id": "GRID-105",
        "surface_temp": 32.9,
        "ndvi": 0.42,
        "heat_category": "Moderada a Alta",
        "vulnerability_score": 3,
        "vulnerability_desc": "Média",
        "year": 2024,
        "city": "Araraquara",
        "ibge_code": 3503208
      }
    },
    {
      "type": "Feature",
      "geometry": {
        "type": "Polygon",
        "coordinates": [
          [
            [
              -48.11999999999996,
              -21.810000000000006
            ],
            [
              -48.11199999999996,
              -21.810000000000006
            ],
            [
              -48.11199999999996,
              -21.802000000000007
            ],
            [
              -48.11999999999996,
              -21.802000000000007
            ],
            [
              -48.11999999999996,
              -21.810000000000006
            ]
          ]
        ]
      },
      "properties": {
        "grid_id": "GRID-106",
        "surface_temp": 32.6,
        "ndvi": 0.44,
        "heat_category": "Moderada a Alta",
        "vulnerability_score": 3,
        "vulnerability_desc": "Média",
        "year": 2024,
        "city": "Araraquara",
        "ibge_code": 3503208
      }
    },
    {
      "type": "Feature",
      "geometry": {
        "type": "Polygon",
        "coordinates": [
          [
            [
              -48.11199999999996,
              -21.810000000000006
            ],
            [
              -48.10399999999996,
              -21.810000000000006
            ],
            [
              -48.10399999999996,
              -21.802000000000007
            ],
            [
              -48.11199999999996,
              -21.802000000000007
            ],
            [
              -48.11199999999996,
              -21.810000000000006
            ]
          ]
        ]
      },
      "properties": {
        "grid_id": "GRID-107",
        "surface_temp": 32.3,
        "ndvi": 0.45,
        "heat_category": "Moderada a Alta",
        "vulnerability_score": 3,
        "vulnerability_desc": "Média",
        "year": 2024,
        "city": "Araraquara",
        "ibge_code": 3503208
      }
    },
    {
      "type": "Feature",
      "geometry": {
        "type": "Polygon",
        "coordinates": [
          [
            [
              -48.10399999999996,
              -21.810000000000006
            ],
            [
              -48.095999999999954,
              -21.810000000000006
            ],
            [
              -48.095999999999954,
              -21.802000000000007
            ],
            [
              -48.10399999999996,
              -21.802000000000007
            ],
            [
              -48.10399999999996,
              -21.810000000000006
            ]
          ]
        ]
      },
      "properties": {
        "grid_id": "GRID-108",
        "surface_temp": 31.9,
        "ndvi": 0.47,
        "heat_category": "Moderada a Alta",
        "vulnerability_score": 3,
        "vulnerability_desc": "Média",
        "year": 2024,
        "city": "Araraquara",
        "ibge_code": 3503208
      }
    },
    {
      "type": "Feature",
      "geometry": {
        "type": "Polygon",
        "coordinates": [
          [
            [
              -48.24,
              -21.802000000000007
            ],
            [
              -48.232,
              -21.802000000000007
            ],
            [
              -48.232,
              -21.794000000000008
            ],
            [
              -48.24,
              -21.794000000000008
            ],
            [
              -48.24,
              -21.802000000000007
            ]
          ]
        ]
      },
      "properties": {
        "grid_id": "GRID-109",
        "surface_temp": 30.3,
        "ndvi": 0.55,
        "heat_category": "Moderada",
        "vulnerability_score": 3,
        "vulnerability_desc": "Média",
        "year": 2024,
        "city": "Araraquara",
        "ibge_code": 3503208
      }
    },
    {
      "type": "Feature",
      "geometry": {
        "type": "Polygon",
        "coordinates": [
          [
            [
              -48.232,
              -21.802000000000007
            ],
            [
              -48.224,
              -21.802000000000007
            ],
            [
              -48.224,
              -21.794000000000008
            ],
            [
              -48.232,
              -21.794000000000008
            ],
            [
              -48.232,
              -21.802000000000007
            ]
          ]
        ]
      },
      "properties": {
        "grid_id": "GRID-110",
        "surface_temp": 30.8,
        "ndvi": 0.52,
        "heat_category": "Moderada",
        "vulnerability_score": 1,
        "vulnerability_desc": "Muito Baixa",
        "year": 2024,
        "city": "Araraquara",
        "ibge_code": 3503208
      }
    },
    {
      "type": "Feature",
      "geometry": {
        "type": "Polygon",
        "coordinates": [
          [
            [
              -48.224,
              -21.802000000000007
            ],
            [
              -48.215999999999994,
              -21.802000000000007
            ],
            [
              -48.215999999999994,
              -21.794000000000008
            ],
            [
              -48.224,
              -21.794000000000008
            ],
            [
              -48.224,
              -21.802000000000007
            ]
          ]
        ]
      },
      "properties": {
        "grid_id": "GRID-111",
        "surface_temp": 31.3,
        "ndvi": 0.5,
        "heat_category": "Moderada",
        "vulnerability_score": 1,
        "vulnerability_desc": "Muito Baixa",
        "year": 2024,
        "city": "Araraquara",
        "ibge_code": 3503208
      }
    },
    {
      "type": "Feature",
      "geometry": {
        "type": "Polygon",
        "coordinates": [
          [
            [
              -48.215999999999994,
              -21.802000000000007
            ],
            [
              -48.20799999999999,
              -21.802000000000007
            ],
            [
              -48.20799999999999,
              -21.794000000000008
            ],
            [
              -48.215999999999994,
              -21.794000000000008
            ],
            [
              -48.215999999999994,
              -21.802000000000007
            ]
          ]
        ]
      },
      "properties": {
        "grid_id": "GRID-112",
        "surface_temp": 31.7,
        "ndvi": 0.48,
        "heat_category": "Moderada a Alta",
        "vulnerability_score": 1,
        "vulnerability_desc": "Muito Baixa",
        "year": 2024,
        "city": "Araraquara",
        "ibge_code": 3503208
      }
    },
    {
      "type": "Feature",
      "geometry": {
        "type": "Polygon",
        "coordinates": [
          [
            [
              -48.20799999999999,
              -21.802000000000007
            ],
            [
              -48.19999999999999,
              -21.802000000000007
            ],
            [
              -48.19999999999999,
              -21.794000000000008
            ],
            [
              -48.20799999999999,
              -21.794000000000008
            ],
            [
              -48.20799999999999,
              -21.802000000000007
            ]
          ]
        ]
      },
      "properties": {
        "grid_id": "GRID-113",
        "surface_temp": 32.2,
        "ndvi": 0.46,
        "heat_category": "Moderada a Alta",
        "vulnerability_score": 2,
        "vulnerability_desc": "Baixa",
        "year": 2024,
        "city": "Araraquara",
        "ibge_code": 3503208
      }
    },
    {
      "type": "Feature",
      "geometry": {
        "type": "Polygon",
        "coordinates": [
          [
            [
              -48.19999999999999,
              -21.802000000000007
            ],
            [
              -48.191999999999986,
              -21.802000000000007
            ],
            [
              -48.191999999999986,
              -21.794000000000008
            ],
            [
              -48.19999999999999,
              -21.794000000000008
            ],
            [
              -48.19999999999999,
              -21.802000000000007
            ]
          ]
        ]
      },
      "properties": {
        "grid_id": "GRID-114",
        "surface_temp": 32.7,
        "ndvi": 0.43,
        "heat_category": "Moderada a Alta",
        "vulnerability_score": 2,
        "vulnerability_desc": "Baixa",
        "year": 2024,
        "city": "Araraquara",
        "ibge_code": 3503208
      }
    },
    {
      "type": "Feature",
      "geometry": {
        "type": "Polygon",
        "coordinates": [
          [
            [
              -48.191999999999986,
              -21.802000000000007
            ],
            [
              -48.18399999999998,
              -21.802000000000007
            ],
            [
              -48.18399999999998,
              -21.794000000000008
            ],
            [
              -48.191999999999986,
              -21.794000000000008
            ],
            [
              -48.191999999999986,
              -21.802000000000007
            ]
          ]
        ]
      },
      "properties": {
        "grid_id": "GRID-115",
        "surface_temp": 33.3,
        "ndvi": 0.4,
        "heat_category": "Moderada a Alta",
        "vulnerability_score": 2,
        "vulnerability_desc": "Baixa",
        "year": 2024,
        "city": "Araraquara",
        "ibge_code": 3503208
      }
    },
    {
      "type": "Feature",
      "geometry": {
        "type": "Polygon",
        "coordinates": [
          [
            [
              -48.18399999999998,
              -21.802000000000007
            ],
            [
              -48.17599999999998,
              -21.802000000000007
            ],
            [
              -48.17599999999998,
              -21.794000000000008
            ],
            [
              -48.18399999999998,
              -21.794000000000008
            ],
            [
              -48.18399999999998,
              -21.802000000000007
            ]
          ]
        ]
      },
      "properties": {
        "grid_id": "GRID-116",
        "surface_temp": 34.1,
        "ndvi": 0.37,
        "heat_category": "Moderada a Alta",
        "vulnerability_score": 2,
        "vulnerability_desc": "Baixa",
        "year": 2024,
        "city": "Araraquara",
        "ibge_code": 3503208
      }
    },
    {
      "type": "Feature",
      "geometry": {
        "type": "Polygon",
        "coordinates": [
          [
            [
              -48.17599999999998,
              -21.802000000000007
            ],
            [
              -48.16799999999998,
              -21.802000000000007
            ],
            [
              -48.16799999999998,
              -21.794000000000008
            ],
            [
              -48.17599999999998,
              -21.794000000000008
            ],
            [
              -48.17599999999998,
              -21.802000000000007
            ]
          ]
        ]
      },
      "properties": {
        "grid_id": "GRID-117",
        "surface_temp": 34.5,
        "ndvi": 0.35,
        "heat_category": "Alta (Ilha de Calor Severa)",
        "vulnerability_score": 2,
        "vulnerability_desc": "Baixa",
        "year": 2024,
        "city": "Araraquara",
        "ibge_code": 3503208
      }
    },
    {
      "type": "Feature",
      "geometry": {
        "type": "Polygon",
        "coordinates": [
          [
            [
              -48.16799999999998,
              -21.802000000000007
            ],
            [
              -48.159999999999975,
              -21.802000000000007
            ],
            [
              -48.159999999999975,
              -21.794000000000008
            ],
            [
              -48.16799999999998,
              -21.794000000000008
            ],
            [
              -48.16799999999998,
              -21.802000000000007
            ]
          ]
        ]
      },
      "properties": {
        "grid_id": "GRID-118",
        "surface_temp": 34.4,
        "ndvi": 0.35,
        "heat_category": "Moderada a Alta",
        "vulnerability_score": 2,
        "vulnerability_desc": "Baixa",
        "year": 2024,
        "city": "Araraquara",
        "ibge_code": 3503208
      }
    },
    {
      "type": "Feature",
      "geometry": {
        "type": "Polygon",
        "coordinates": [
          [
            [
              -48.159999999999975,
              -21.802000000000007
            ],
            [
              -48.15199999999997,
              -21.802000000000007
            ],
            [
              -48.15199999999997,
              -21.794000000000008
            ],
            [
              -48.159999999999975,
              -21.794000000000008
            ],
            [
              -48.159999999999975,
              -21.802000000000007
            ]
          ]
        ]
      },
      "properties": {
        "grid_id": "GRID-119",
        "surface_temp": 34.3,
        "ndvi": 0.36,
        "heat_category": "Moderada a Alta",
        "vulnerability_score": 2,
        "vulnerability_desc": "Baixa",
        "year": 2024,
        "city": "Araraquara",
        "ibge_code": 3503208
      }
    },
    {
      "type": "Feature",
      "geometry": {
        "type": "Polygon",
        "coordinates": [
          [
            [
              -48.15199999999997,
              -21.802000000000007
            ],
            [
              -48.14399999999997,
              -21.802000000000007
            ],
            [
              -48.14399999999997,
              -21.794000000000008
            ],
            [
              -48.15199999999997,
              -21.794000000000008
            ],
            [
              -48.15199999999997,
              -21.802000000000007
            ]
          ]
        ]
      },
      "properties": {
        "grid_id": "GRID-120",
        "surface_temp": 34.1,
        "ndvi": 0.37,
        "heat_category": "Moderada a Alta",
        "vulnerability_score": 2,
        "vulnerability_desc": "Baixa",
        "year": 2024,
        "city": "Araraquara",
        "ibge_code": 3503208
      }
    },
    {
      "type": "Feature",
      "geometry": {
        "type": "Polygon",
        "coordinates": [
          [
            [
              -48.14399999999997,
              -21.802000000000007
            ],
            [
              -48.13599999999997,
              -21.802000000000007
            ],
            [
              -48.13599999999997,
              -21.794000000000008
            ],
            [
              -48.14399999999997,
              -21.794000000000008
            ],
            [
              -48.14399999999997,
              -21.802000000000007
            ]
          ]
        ]
      },
      "properties": {
        "grid_id": "GRID-121",
        "surface_temp": 33.9,
        "ndvi": 0.37,
        "heat_category": "Moderada a Alta",
        "vulnerability_score": 3,
        "vulnerability_desc": "Média",
        "year": 2024,
        "city": "Araraquara",
        "ibge_code": 3503208
      }
    },
    {
      "type": "Feature",
      "geometry": {
        "type": "Polygon",
        "coordinates": [
          [
            [
              -48.13599999999997,
              -21.802000000000007
            ],
            [
              -48.127999999999965,
              -21.802000000000007
            ],
            [
              -48.127999999999965,
              -21.794000000000008
            ],
            [
              -48.13599999999997,
              -21.794000000000008
            ],
            [
              -48.13599999999997,
              -21.802000000000007
            ]
          ]
        ]
      },
      "properties": {
        "grid_id": "GRID-122",
        "surface_temp": 33.7,
        "ndvi": 0.38,
        "heat_category": "Moderada a Alta",
        "vulnerability_score": 3,
        "vulnerability_desc": "Média",
        "year": 2024,
        "city": "Araraquara",
        "ibge_code": 3503208
      }
    },
    {
      "type": "Feature",
      "geometry": {
        "type": "Polygon",
        "coordinates": [
          [
            [
              -48.127999999999965,
              -21.802000000000007
            ],
            [
              -48.11999999999996,
              -21.802000000000007
            ],
            [
              -48.11999999999996,
              -21.794000000000008
            ],
            [
              -48.127999999999965,
              -21.794000000000008
            ],
            [
              -48.127999999999965,
              -21.802000000000007
            ]
          ]
        ]
      },
      "properties": {
        "grid_id": "GRID-123",
        "surface_temp": 33.4,
        "ndvi": 0.4,
        "heat_category": "Moderada a Alta",
        "vulnerability_score": 3,
        "vulnerability_desc": "Média",
        "year": 2024,
        "city": "Araraquara",
        "ibge_code": 3503208
      }
    },
    {
      "type": "Feature",
      "geometry": {
        "type": "Polygon",
        "coordinates": [
          [
            [
              -48.11999999999996,
              -21.802000000000007
            ],
            [
              -48.11199999999996,
              -21.802000000000007
            ],
            [
              -48.11199999999996,
              -21.794000000000008
            ],
            [
              -48.11999999999996,
              -21.794000000000008
            ],
            [
              -48.11999999999996,
              -21.802000000000007
            ]
          ]
        ]
      },
      "properties": {
        "grid_id": "GRID-124",
        "surface_temp": 33.1,
        "ndvi": 0.41,
        "heat_category": "Moderada a Alta",
        "vulnerability_score": 3,
        "vulnerability_desc": "Média",
        "year": 2024,
        "city": "Araraquara",
        "ibge_code": 3503208
      }
    },
    {
      "type": "Feature",
      "geometry": {
        "type": "Polygon",
        "coordinates": [
          [
            [
              -48.11199999999996,
              -21.802000000000007
            ],
            [
              -48.10399999999996,
              -21.802000000000007
            ],
            [
              -48.10399999999996,
              -21.794000000000008
            ],
            [
              -48.11199999999996,
              -21.794000000000008
            ],
            [
              -48.11199999999996,
              -21.802000000000007
            ]
          ]
        ]
      },
      "properties": {
        "grid_id": "GRID-125",
        "surface_temp": 32.7,
        "ndvi": 0.43,
        "heat_category": "Moderada a Alta",
        "vulnerability_score": 3,
        "vulnerability_desc": "Média",
        "year": 2024,
        "city": "Araraquara",
        "ibge_code": 3503208
      }
    },
    {
      "type": "Feature",
      "geometry": {
        "type": "Polygon",
        "coordinates": [
          [
            [
              -48.10399999999996,
              -21.802000000000007
            ],
            [
              -48.095999999999954,
              -21.802000000000007
            ],
            [
              -48.095999999999954,
              -21.794000000000008
            ],
            [
              -48.10399999999996,
              -21.794000000000008
            ],
            [
              -48.10399999999996,
              -21.802000000000007
            ]
          ]
        ]
      },
      "properties": {
        "grid_id": "GRID-126",
        "surface_temp": 32.3,
        "ndvi": 0.45,
        "heat_category": "Moderada a Alta",
        "vulnerability_score": 3,
        "vulnerability_desc": "Média",
        "year": 2024,
        "city": "Araraquara",
        "ibge_code": 3503208
      }
    },
    {
      "type": "Feature",
      "geometry": {
        "type": "Polygon",
        "coordinates": [
          [
            [
              -48.24,
              -21.794000000000008
            ],
            [
              -48.232,
              -21.794000000000008
            ],
            [
              -48.232,
              -21.78600000000001
            ],
            [
              -48.24,
              -21.78600000000001
            ],
            [
              -48.24,
              -21.794000000000008
            ]
          ]
        ]
      },
      "properties": {
        "grid_id": "GRID-127",
        "surface_temp": 30.7,
        "ndvi": 0.53,
        "heat_category": "Moderada",
        "vulnerability_score": 3,
        "vulnerability_desc": "Média",
        "year": 2024,
        "city": "Araraquara",
        "ibge_code": 3503208
      }
    },
    {
      "type": "Feature",
      "geometry": {
        "type": "Polygon",
        "coordinates": [
          [
            [
              -48.232,
              -21.794000000000008
            ],
            [
              -48.224,
              -21.794000000000008
            ],
            [
              -48.224,
              -21.78600000000001
            ],
            [
              -48.232,
              -21.78600000000001
            ],
            [
              -48.232,
              -21.794000000000008
            ]
          ]
        ]
      },
      "properties": {
        "grid_id": "GRID-128",
        "surface_temp": 31.2,
        "ndvi": 0.5,
        "heat_category": "Moderada",
        "vulnerability_score": 3,
        "vulnerability_desc": "Média",
        "year": 2024,
        "city": "Araraquara",
        "ibge_code": 3503208
      }
    },
    {
      "type": "Feature",
      "geometry": {
        "type": "Polygon",
        "coordinates": [
          [
            [
              -48.224,
              -21.794000000000008
            ],
            [
              -48.215999999999994,
              -21.794000000000008
            ],
            [
              -48.215999999999994,
              -21.78600000000001
            ],
            [
              -48.224,
              -21.78600000000001
            ],
            [
              -48.224,
              -21.794000000000008
            ]
          ]
        ]
      },
      "properties": {
        "grid_id": "GRID-129",
        "surface_temp": 31.7,
        "ndvi": 0.48,
        "heat_category": "Moderada a Alta",
        "vulnerability_score": 1,
        "vulnerability_desc": "Muito Baixa",
        "year": 2024,
        "city": "Araraquara",
        "ibge_code": 3503208
      }
    },
    {
      "type": "Feature",
      "geometry": {
        "type": "Polygon",
        "coordinates": [
          [
            [
              -48.215999999999994,
              -21.794000000000008
            ],
            [
              -48.20799999999999,
              -21.794000000000008
            ],
            [
              -48.20799999999999,
              -21.78600000000001
            ],
            [
              -48.215999999999994,
              -21.78600000000001
            ],
            [
              -48.215999999999994,
              -21.794000000000008
            ]
          ]
        ]
      },
      "properties": {
        "grid_id": "GRID-130",
        "surface_temp": 32.2,
        "ndvi": 0.46,
        "heat_category": "Moderada a Alta",
        "vulnerability_score": 1,
        "vulnerability_desc": "Muito Baixa",
        "year": 2024,
        "city": "Araraquara",
        "ibge_code": 3503208
      }
    },
    {
      "type": "Feature",
      "geometry": {
        "type": "Polygon",
        "coordinates": [
          [
            [
              -48.20799999999999,
              -21.794000000000008
            ],
            [
              -48.19999999999999,
              -21.794000000000008
            ],
            [
              -48.19999999999999,
              -21.78600000000001
            ],
            [
              -48.20799999999999,
              -21.78600000000001
            ],
            [
              -48.20799999999999,
              -21.794000000000008
            ]
          ]
        ]
      },
      "properties": {
        "grid_id": "GRID-131",
        "surface_temp": 32.7,
        "ndvi": 0.43,
        "heat_category": "Moderada a Alta",
        "vulnerability_score": 2,
        "vulnerability_desc": "Baixa",
        "year": 2024,
        "city": "Araraquara",
        "ibge_code": 3503208
      }
    },
    {
      "type": "Feature",
      "geometry": {
        "type": "Polygon",
        "coordinates": [
          [
            [
              -48.19999999999999,
              -21.794000000000008
            ],
            [
              -48.191999999999986,
              -21.794000000000008
            ],
            [
              -48.191999999999986,
              -21.78600000000001
            ],
            [
              -48.19999999999999,
              -21.78600000000001
            ],
            [
              -48.19999999999999,
              -21.794000000000008
            ]
          ]
        ]
      },
      "properties": {
        "grid_id": "GRID-132",
        "surface_temp": 33.3,
        "ndvi": 0.4,
        "heat_category": "Moderada a Alta",
        "vulnerability_score": 2,
        "vulnerability_desc": "Baixa",
        "year": 2024,
        "city": "Araraquara",
        "ibge_code": 3503208
      }
    },
    {
      "type": "Feature",
      "geometry": {
        "type": "Polygon",
        "coordinates": [
          [
            [
              -48.191999999999986,
              -21.794000000000008
            ],
            [
              -48.18399999999998,
              -21.794000000000008
            ],
            [
              -48.18399999999998,
              -21.78600000000001
            ],
            [
              -48.191999999999986,
              -21.78600000000001
            ],
            [
              -48.191999999999986,
              -21.794000000000008
            ]
          ]
        ]
      },
      "properties": {
        "grid_id": "GRID-133",
        "surface_temp": 34.0,
        "ndvi": 0.37,
        "heat_category": "Moderada a Alta",
        "vulnerability_score": 2,
        "vulnerability_desc": "Baixa",
        "year": 2024,
        "city": "Araraquara",
        "ibge_code": 3503208
      }
    },
    {
      "type": "Feature",
      "geometry": {
        "type": "Polygon",
        "coordinates": [
          [
            [
              -48.18399999999998,
              -21.794000000000008
            ],
            [
              -48.17599999999998,
              -21.794000000000008
            ],
            [
              -48.17599999999998,
              -21.78600000000001
            ],
            [
              -48.18399999999998,
              -21.78600000000001
            ],
            [
              -48.18399999999998,
              -21.794000000000008
            ]
          ]
        ]
      },
      "properties": {
        "grid_id": "GRID-134",
        "surface_temp": 34.7,
        "ndvi": 0.34,
        "heat_category": "Alta (Ilha de Calor Severa)",
        "vulnerability_score": 2,
        "vulnerability_desc": "Baixa",
        "year": 2024,
        "city": "Araraquara",
        "ibge_code": 3503208
      }
    },
    {
      "type": "Feature",
      "geometry": {
        "type": "Polygon",
        "coordinates": [
          [
            [
              -48.17599999999998,
              -21.794000000000008
            ],
            [
              -48.16799999999998,
              -21.794000000000008
            ],
            [
              -48.16799999999998,
              -21.78600000000001
            ],
            [
              -48.17599999999998,
              -21.78600000000001
            ],
            [
              -48.17599999999998,
              -21.794000000000008
            ]
          ]
        ]
      },
      "properties": {
        "grid_id": "GRID-135",
        "surface_temp": 35.0,
        "ndvi": 0.32,
        "heat_category": "Alta (Ilha de Calor Severa)",
        "vulnerability_score": 2,
        "vulnerability_desc": "Baixa",
        "year": 2024,
        "city": "Araraquara",
        "ibge_code": 3503208
      }
    },
    {
      "type": "Feature",
      "geometry": {
        "type": "Polygon",
        "coordinates": [
          [
            [
              -48.16799999999998,
              -21.794000000000008
            ],
            [
              -48.159999999999975,
              -21.794000000000008
            ],
            [
              -48.159999999999975,
              -21.78600000000001
            ],
            [
              -48.16799999999998,
              -21.78600000000001
            ],
            [
              -48.16799999999998,
              -21.794000000000008
            ]
          ]
        ]
      },
      "properties": {
        "grid_id": "GRID-136",
        "surface_temp": 35.0,
        "ndvi": 0.32,
        "heat_category": "Alta (Ilha de Calor Severa)",
        "vulnerability_score": 2,
        "vulnerability_desc": "Baixa",
        "year": 2024,
        "city": "Araraquara",
        "ibge_code": 3503208
      }
    },
    {
      "type": "Feature",
      "geometry": {
        "type": "Polygon",
        "coordinates": [
          [
            [
              -48.159999999999975,
              -21.794000000000008
            ],
            [
              -48.15199999999997,
              -21.794000000000008
            ],
            [
              -48.15199999999997,
              -21.78600000000001
            ],
            [
              -48.159999999999975,
              -21.78600000000001
            ],
            [
              -48.159999999999975,
              -21.794000000000008
            ]
          ]
        ]
      },
      "properties": {
        "grid_id": "GRID-137",
        "surface_temp": 34.8,
        "ndvi": 0.33,
        "heat_category": "Alta (Ilha de Calor Severa)",
        "vulnerability_score": 2,
        "vulnerability_desc": "Baixa",
        "year": 2024,
        "city": "Araraquara",
        "ibge_code": 3503208
      }
    },
    {
      "type": "Feature",
      "geometry": {
        "type": "Polygon",
        "coordinates": [
          [
            [
              -48.15199999999997,
              -21.794000000000008
            ],
            [
              -48.14399999999997,
              -21.794000000000008
            ],
            [
              -48.14399999999997,
              -21.78600000000001
            ],
            [
              -48.15199999999997,
              -21.78600000000001
            ],
            [
              -48.15199999999997,
              -21.794000000000008
            ]
          ]
        ]
      },
      "properties": {
        "grid_id": "GRID-138",
        "surface_temp": 34.7,
        "ndvi": 0.34,
        "heat_category": "Alta (Ilha de Calor Severa)",
        "vulnerability_score": 2,
        "vulnerability_desc": "Baixa",
        "year": 2024,
        "city": "Araraquara",
        "ibge_code": 3503208
      }
    },
    {
      "type": "Feature",
      "geometry": {
        "type": "Polygon",
        "coordinates": [
          [
            [
              -48.14399999999997,
              -21.794000000000008
            ],
            [
              -48.13599999999997,
              -21.794000000000008
            ],
            [
              -48.13599999999997,
              -21.78600000000001
            ],
            [
              -48.14399999999997,
              -21.78600000000001
            ],
            [
              -48.14399999999997,
              -21.794000000000008
            ]
          ]
        ]
      },
      "properties": {
        "grid_id": "GRID-139",
        "surface_temp": 34.4,
        "ndvi": 0.35,
        "heat_category": "Moderada a Alta",
        "vulnerability_score": 3,
        "vulnerability_desc": "Média",
        "year": 2024,
        "city": "Araraquara",
        "ibge_code": 3503208
      }
    },
    {
      "type": "Feature",
      "geometry": {
        "type": "Polygon",
        "coordinates": [
          [
            [
              -48.13599999999997,
              -21.794000000000008
            ],
            [
              -48.127999999999965,
              -21.794000000000008
            ],
            [
              -48.127999999999965,
              -21.78600000000001
            ],
            [
              -48.13599999999997,
              -21.78600000000001
            ],
            [
              -48.13599999999997,
              -21.794000000000008
            ]
          ]
        ]
      },
      "properties": {
        "grid_id": "GRID-140",
        "surface_temp": 34.2,
        "ndvi": 0.36,
        "heat_category": "Moderada a Alta",
        "vulnerability_score": 3,
        "vulnerability_desc": "Média",
        "year": 2024,
        "city": "Araraquara",
        "ibge_code": 3503208
      }
    },
    {
      "type": "Feature",
      "geometry": {
        "type": "Polygon",
        "coordinates": [
          [
            [
              -48.127999999999965,
              -21.794000000000008
            ],
            [
              -48.11999999999996,
              -21.794000000000008
            ],
            [
              -48.11999999999996,
              -21.78600000000001
            ],
            [
              -48.127999999999965,
              -21.78600000000001
            ],
            [
              -48.127999999999965,
              -21.794000000000008
            ]
          ]
        ]
      },
      "properties": {
        "grid_id": "GRID-141",
        "surface_temp": 33.9,
        "ndvi": 0.37,
        "heat_category": "Moderada a Alta",
        "vulnerability_score": 3,
        "vulnerability_desc": "Média",
        "year": 2024,
        "city": "Araraquara",
        "ibge_code": 3503208
      }
    },
    {
      "type": "Feature",
      "geometry": {
        "type": "Polygon",
        "coordinates": [
          [
            [
              -48.11999999999996,
              -21.794000000000008
            ],
            [
              -48.11199999999996,
              -21.794000000000008
            ],
            [
              -48.11199999999996,
              -21.78600000000001
            ],
            [
              -48.11999999999996,
              -21.78600000000001
            ],
            [
              -48.11999999999996,
              -21.794000000000008
            ]
          ]
        ]
      },
      "properties": {
        "grid_id": "GRID-142",
        "surface_temp": 33.5,
        "ndvi": 0.39,
        "heat_category": "Moderada a Alta",
        "vulnerability_score": 3,
        "vulnerability_desc": "Média",
        "year": 2024,
        "city": "Araraquara",
        "ibge_code": 3503208
      }
    },
    {
      "type": "Feature",
      "geometry": {
        "type": "Polygon",
        "coordinates": [
          [
            [
              -48.11199999999996,
              -21.794000000000008
            ],
            [
              -48.10399999999996,
              -21.794000000000008
            ],
            [
              -48.10399999999996,
              -21.78600000000001
            ],
            [
              -48.11199999999996,
              -21.78600000000001
            ],
            [
              -48.11199999999996,
              -21.794000000000008
            ]
          ]
        ]
      },
      "properties": {
        "grid_id": "GRID-143",
        "surface_temp": 33.1,
        "ndvi": 0.41,
        "heat_category": "Moderada a Alta",
        "vulnerability_score": 3,
        "vulnerability_desc": "Média",
        "year": 2024,
        "city": "Araraquara",
        "ibge_code": 3503208
      }
    },
    {
      "type": "Feature",
      "geometry": {
        "type": "Polygon",
        "coordinates": [
          [
            [
              -48.10399999999996,
              -21.794000000000008
            ],
            [
              -48.095999999999954,
              -21.794000000000008
            ],
            [
              -48.095999999999954,
              -21.78600000000001
            ],
            [
              -48.10399999999996,
              -21.78600000000001
            ],
            [
              -48.10399999999996,
              -21.794000000000008
            ]
          ]
        ]
      },
      "properties": {
        "grid_id": "GRID-144",
        "surface_temp": 32.7,
        "ndvi": 0.43,
        "heat_category": "Moderada a Alta",
        "vulnerability_score": 3,
        "vulnerability_desc": "Média",
        "year": 2024,
        "city": "Araraquara",
        "ibge_code": 3503208
      }
    },
    {
      "type": "Feature",
      "geometry": {
        "type": "Polygon",
        "coordinates": [
          [
            [
              -48.24,
              -21.78600000000001
            ],
            [
              -48.232,
              -21.78600000000001
            ],
            [
              -48.232,
              -21.77800000000001
            ],
            [
              -48.24,
              -21.77800000000001
            ],
            [
              -48.24,
              -21.78600000000001
            ]
          ]
        ]
      },
      "properties": {
        "grid_id": "GRID-145",
        "surface_temp": 31.0,
        "ndvi": 0.51,
        "heat_category": "Moderada",
        "vulnerability_score": 3,
        "vulnerability_desc": "Média",
        "year": 2024,
        "city": "Araraquara",
        "ibge_code": 3503208
      }
    },
    {
      "type": "Feature",
      "geometry": {
        "type": "Polygon",
        "coordinates": [
          [
            [
              -48.232,
              -21.78600000000001
            ],
            [
              -48.224,
              -21.78600000000001
            ],
            [
              -48.224,
              -21.77800000000001
            ],
            [
              -48.232,
              -21.77800000000001
            ],
            [
              -48.232,
              -21.78600000000001
            ]
          ]
        ]
      },
      "properties": {
        "grid_id": "GRID-146",
        "surface_temp": 31.5,
        "ndvi": 0.49,
        "heat_category": "Moderada a Alta",
        "vulnerability_score": 3,
        "vulnerability_desc": "Média",
        "year": 2024,
        "city": "Araraquara",
        "ibge_code": 3503208
      }
    },
    {
      "type": "Feature",
      "geometry": {
        "type": "Polygon",
        "coordinates": [
          [
            [
              -48.224,
              -21.78600000000001
            ],
            [
              -48.215999999999994,
              -21.78600000000001
            ],
            [
              -48.215999999999994,
              -21.77800000000001
            ],
            [
              -48.224,
              -21.77800000000001
            ],
            [
              -48.224,
              -21.78600000000001
            ]
          ]
        ]
      },
      "properties": {
        "grid_id": "GRID-147",
        "surface_temp": 32.0,
        "ndvi": 0.47,
        "heat_category": "Moderada a Alta",
        "vulnerability_score": 3,
        "vulnerability_desc": "Média",
        "year": 2024,
        "city": "Araraquara",
        "ibge_code": 3503208
      }
    },
    {
      "type": "Feature",
      "geometry": {
        "type": "Polygon",
        "coordinates": [
          [
            [
              -48.215999999999994,
              -21.78600000000001
            ],
            [
              -48.20799999999999,
              -21.78600000000001
            ],
            [
              -48.20799999999999,
              -21.77800000000001
            ],
            [
              -48.215999999999994,
              -21.77800000000001
            ],
            [
              -48.215999999999994,
              -21.78600000000001
            ]
          ]
        ]
      },
      "properties": {
        "grid_id": "GRID-148",
        "surface_temp": 32.6,
        "ndvi": 0.44,
        "heat_category": "Moderada a Alta",
        "vulnerability_score": 1,
        "vulnerability_desc": "Muito Baixa",
        "year": 2024,
        "city": "Araraquara",
        "ibge_code": 3503208
      }
    },
    {
      "type": "Feature",
      "geometry": {
        "type": "Polygon",
        "coordinates": [
          [
            [
              -48.20799999999999,
              -21.78600000000001
            ],
            [
              -48.19999999999999,
              -21.78600000000001
            ],
            [
              -48.19999999999999,
              -21.77800000000001
            ],
            [
              -48.20799999999999,
              -21.77800000000001
            ],
            [
              -48.20799999999999,
              -21.78600000000001
            ]
          ]
        ]
      },
      "properties": {
        "grid_id": "GRID-149",
        "surface_temp": 33.2,
        "ndvi": 0.41,
        "heat_category": "Moderada a Alta",
        "vulnerability_score": 1,
        "vulnerability_desc": "Muito Baixa",
        "year": 2024,
        "city": "Araraquara",
        "ibge_code": 3503208
      }
    },
    {
      "type": "Feature",
      "geometry": {
        "type": "Polygon",
        "coordinates": [
          [
            [
              -48.19999999999999,
              -21.78600000000001
            ],
            [
              -48.191999999999986,
              -21.78600000000001
            ],
            [
              -48.191999999999986,
              -21.77800000000001
            ],
            [
              -48.19999999999999,
              -21.77800000000001
            ],
            [
              -48.19999999999999,
              -21.78600000000001
            ]
          ]
        ]
      },
      "properties": {
        "grid_id": "GRID-150",
        "surface_temp": 33.8,
        "ndvi": 0.38,
        "heat_category": "Moderada a Alta",
        "vulnerability_score": 2,
        "vulnerability_desc": "Baixa",
        "year": 2024,
        "city": "Araraquara",
        "ibge_code": 3503208
      }
    },
    {
      "type": "Feature",
      "geometry": {
        "type": "Polygon",
        "coordinates": [
          [
            [
              -48.191999999999986,
              -21.78600000000001
            ],
            [
              -48.18399999999998,
              -21.78600000000001
            ],
            [
              -48.18399999999998,
              -21.77800000000001
            ],
            [
              -48.191999999999986,
              -21.77800000000001
            ],
            [
              -48.191999999999986,
              -21.78600000000001
            ]
          ]
        ]
      },
      "properties": {
        "grid_id": "GRID-151",
        "surface_temp": 34.4,
        "ndvi": 0.35,
        "heat_category": "Moderada a Alta",
        "vulnerability_score": 2,
        "vulnerability_desc": "Baixa",
        "year": 2024,
        "city": "Araraquara",
        "ibge_code": 3503208
      }
    },
    {
      "type": "Feature",
      "geometry": {
        "type": "Polygon",
        "coordinates": [
          [
            [
              -48.18399999999998,
              -21.78600000000001
            ],
            [
              -48.17599999999998,
              -21.78600000000001
            ],
            [
              -48.17599999999998,
              -21.77800000000001
            ],
            [
              -48.18399999999998,
              -21.77800000000001
            ],
            [
              -48.18399999999998,
              -21.78600000000001
            ]
          ]
        ]
      },
      "properties": {
        "grid_id": "GRID-152",
        "surface_temp": 34.9,
        "ndvi": 0.33,
        "heat_category": "Alta (Ilha de Calor Severa)",
        "vulnerability_score": 2,
        "vulnerability_desc": "Baixa",
        "year": 2024,
        "city": "Araraquara",
        "ibge_code": 3503208
      }
    },
    {
      "type": "Feature",
      "geometry": {
        "type": "Polygon",
        "coordinates": [
          [
            [
              -48.17599999999998,
              -21.78600000000001
            ],
            [
              -48.16799999999998,
              -21.78600000000001
            ],
            [
              -48.16799999999998,
              -21.77800000000001
            ],
            [
              -48.17599999999998,
              -21.77800000000001
            ],
            [
              -48.17599999999998,
              -21.78600000000001
            ]
          ]
        ]
      },
      "properties": {
        "grid_id": "GRID-153",
        "surface_temp": 35.2,
        "ndvi": 0.31,
        "heat_category": "Alta (Ilha de Calor Severa)",
        "vulnerability_score": 2,
        "vulnerability_desc": "Baixa",
        "year": 2024,
        "city": "Araraquara",
        "ibge_code": 3503208
      }
    },
    {
      "type": "Feature",
      "geometry": {
        "type": "Polygon",
        "coordinates": [
          [
            [
              -48.16799999999998,
              -21.78600000000001
            ],
            [
              -48.159999999999975,
              -21.78600000000001
            ],
            [
              -48.159999999999975,
              -21.77800000000001
            ],
            [
              -48.16799999999998,
              -21.77800000000001
            ],
            [
              -48.16799999999998,
              -21.78600000000001
            ]
          ]
        ]
      },
      "properties": {
        "grid_id": "GRID-154",
        "surface_temp": 35.3,
        "ndvi": 0.31,
        "heat_category": "Alta (Ilha de Calor Severa)",
        "vulnerability_score": 2,
        "vulnerability_desc": "Baixa",
        "year": 2024,
        "city": "Araraquara",
        "ibge_code": 3503208
      }
    },
    {
      "type": "Feature",
      "geometry": {
        "type": "Polygon",
        "coordinates": [
          [
            [
              -48.159999999999975,
              -21.78600000000001
            ],
            [
              -48.15199999999997,
              -21.78600000000001
            ],
            [
              -48.15199999999997,
              -21.77800000000001
            ],
            [
              -48.159999999999975,
              -21.77800000000001
            ],
            [
              -48.159999999999975,
              -21.78600000000001
            ]
          ]
        ]
      },
      "properties": {
        "grid_id": "GRID-155",
        "surface_temp": 35.2,
        "ndvi": 0.31,
        "heat_category": "Alta (Ilha de Calor Severa)",
        "vulnerability_score": 2,
        "vulnerability_desc": "Baixa",
        "year": 2024,
        "city": "Araraquara",
        "ibge_code": 3503208
      }
    },
    {
      "type": "Feature",
      "geometry": {
        "type": "Polygon",
        "coordinates": [
          [
            [
              -48.15199999999997,
              -21.78600000000001
            ],
            [
              -48.14399999999997,
              -21.78600000000001
            ],
            [
              -48.14399999999997,
              -21.77800000000001
            ],
            [
              -48.15199999999997,
              -21.77800000000001
            ],
            [
              -48.15199999999997,
              -21.78600000000001
            ]
          ]
        ]
      },
      "properties": {
        "grid_id": "GRID-156",
        "surface_temp": 35.1,
        "ndvi": 0.32,
        "heat_category": "Alta (Ilha de Calor Severa)",
        "vulnerability_score": 3,
        "vulnerability_desc": "Média",
        "year": 2024,
        "city": "Araraquara",
        "ibge_code": 3503208
      }
    },
    {
      "type": "Feature",
      "geometry": {
        "type": "Polygon",
        "coordinates": [
          [
            [
              -48.14399999999997,
              -21.78600000000001
            ],
            [
              -48.13599999999997,
              -21.78600000000001
            ],
            [
              -48.13599999999997,
              -21.77800000000001
            ],
            [
              -48.14399999999997,
              -21.77800000000001
            ],
            [
              -48.14399999999997,
              -21.78600000000001
            ]
          ]
        ]
      },
      "properties": {
        "grid_id": "GRID-157",
        "surface_temp": 34.9,
        "ndvi": 0.33,
        "heat_category": "Alta (Ilha de Calor Severa)",
        "vulnerability_score": 3,
        "vulnerability_desc": "Média",
        "year": 2024,
        "city": "Araraquara",
        "ibge_code": 3503208
      }
    },
    {
      "type": "Feature",
      "geometry": {
        "type": "Polygon",
        "coordinates": [
          [
            [
              -48.13599999999997,
              -21.78600000000001
            ],
            [
              -48.127999999999965,
              -21.78600000000001
            ],
            [
              -48.127999999999965,
              -21.77800000000001
            ],
            [
              -48.13599999999997,
              -21.77800000000001
            ],
            [
              -48.13599999999997,
              -21.78600000000001
            ]
          ]
        ]
      },
      "properties": {
        "grid_id": "GRID-158",
        "surface_temp": 34.6,
        "ndvi": 0.34,
        "heat_category": "Alta (Ilha de Calor Severa)",
        "vulnerability_score": 3,
        "vulnerability_desc": "Média",
        "year": 2024,
        "city": "Araraquara",
        "ibge_code": 3503208
      }
    },
    {
      "type": "Feature",
      "geometry": {
        "type": "Polygon",
        "coordinates": [
          [
            [
              -48.127999999999965,
              -21.78600000000001
            ],
            [
              -48.11999999999996,
              -21.78600000000001
            ],
            [
              -48.11999999999996,
              -21.77800000000001
            ],
            [
              -48.127999999999965,
              -21.77800000000001
            ],
            [
              -48.127999999999965,
              -21.78600000000001
            ]
          ]
        ]
      },
      "properties": {
        "grid_id": "GRID-159",
        "surface_temp": 34.3,
        "ndvi": 0.36,
        "heat_category": "Moderada a Alta",
        "vulnerability_score": 3,
        "vulnerability_desc": "Média",
        "year": 2024,
        "city": "Araraquara",
        "ibge_code": 3503208
      }
    },
    {
      "type": "Feature",
      "geometry": {
        "type": "Polygon",
        "coordinates": [
          [
            [
              -48.11999999999996,
              -21.78600000000001
            ],
            [
              -48.11199999999996,
              -21.78600000000001
            ],
            [
              -48.11199999999996,
              -21.77800000000001
            ],
            [
              -48.11999999999996,
              -21.77800000000001
            ],
            [
              -48.11999999999996,
              -21.78600000000001
            ]
          ]
        ]
      },
      "properties": {
        "grid_id": "GRID-160",
        "surface_temp": 33.9,
        "ndvi": 0.37,
        "heat_category": "Moderada a Alta",
        "vulnerability_score": 3,
        "vulnerability_desc": "Média",
        "year": 2024,
        "city": "Araraquara",
        "ibge_code": 3503208
      }
    },
    {
      "type": "Feature",
      "geometry": {
        "type": "Polygon",
        "coordinates": [
          [
            [
              -48.11199999999996,
              -21.78600000000001
            ],
            [
              -48.10399999999996,
              -21.78600000000001
            ],
            [
              -48.10399999999996,
              -21.77800000000001
            ],
            [
              -48.11199999999996,
              -21.77800000000001
            ],
            [
              -48.11199999999996,
              -21.78600000000001
            ]
          ]
        ]
      },
      "properties": {
        "grid_id": "GRID-161",
        "surface_temp": 33.5,
        "ndvi": 0.39,
        "heat_category": "Moderada a Alta",
        "vulnerability_score": 3,
        "vulnerability_desc": "Média",
        "year": 2024,
        "city": "Araraquara",
        "ibge_code": 3503208
      }
    },
    {
      "type": "Feature",
      "geometry": {
        "type": "Polygon",
        "coordinates": [
          [
            [
              -48.10399999999996,
              -21.78600000000001
            ],
            [
              -48.095999999999954,
              -21.78600000000001
            ],
            [
              -48.095999999999954,
              -21.77800000000001
            ],
            [
              -48.10399999999996,
              -21.77800000000001
            ],
            [
              -48.10399999999996,
              -21.78600000000001
            ]
          ]
        ]
      },
      "properties": {
        "grid_id": "GRID-162",
        "surface_temp": 33.0,
        "ndvi": 0.42,
        "heat_category": "Moderada a Alta",
        "vulnerability_score": 3,
        "vulnerability_desc": "Média",
        "year": 2024,
        "city": "Araraquara",
        "ibge_code": 3503208
      }
    },
    {
      "type": "Feature",
      "geometry": {
        "type": "Polygon",
        "coordinates": [
          [
            [
              -48.24,
              -21.77800000000001
            ],
            [
              -48.232,
              -21.77800000000001
            ],
            [
              -48.232,
              -21.77000000000001
            ],
            [
              -48.24,
              -21.77000000000001
            ],
            [
              -48.24,
              -21.77800000000001
            ]
          ]
        ]
      },
      "properties": {
        "grid_id": "GRID-163",
        "surface_temp": 31.2,
        "ndvi": 0.5,
        "heat_category": "Moderada",
        "vulnerability_score": 3,
        "vulnerability_desc": "Média",
        "year": 2024,
        "city": "Araraquara",
        "ibge_code": 3503208
      }
    },
    {
      "type": "Feature",
      "geometry": {
        "type": "Polygon",
        "coordinates": [
          [
            [
              -48.232,
              -21.77800000000001
            ],
            [
              -48.224,
              -21.77800000000001
            ],
            [
              -48.224,
              -21.77000000000001
            ],
            [
              -48.232,
              -21.77000000000001
            ],
            [
              -48.232,
              -21.77800000000001
            ]
          ]
        ]
      },
      "properties": {
        "grid_id": "GRID-164",
        "surface_temp": 31.8,
        "ndvi": 0.48,
        "heat_category": "Moderada a Alta",
        "vulnerability_score": 3,
        "vulnerability_desc": "Média",
        "year": 2024,
        "city": "Araraquara",
        "ibge_code": 3503208
      }
    },
    {
      "type": "Feature",
      "geometry": {
        "type": "Polygon",
        "coordinates": [
          [
            [
              -48.224,
              -21.77800000000001
            ],
            [
              -48.215999999999994,
              -21.77800000000001
            ],
            [
              -48.215999999999994,
              -21.77000000000001
            ],
            [
              -48.224,
              -21.77000000000001
            ],
            [
              -48.224,
              -21.77800000000001
            ]
          ]
        ]
      },
      "properties": {
        "grid_id": "GRID-165",
        "surface_temp": 32.3,
        "ndvi": 0.45,
        "heat_category": "Moderada a Alta",
        "vulnerability_score": 3,
        "vulnerability_desc": "Média",
        "year": 2024,
        "city": "Araraquara",
        "ibge_code": 3503208
      }
    },
    {
      "type": "Feature",
      "geometry": {
        "type": "Polygon",
        "coordinates": [
          [
            [
              -48.215999999999994,
              -21.77800000000001
            ],
            [
              -48.20799999999999,
              -21.77800000000001
            ],
            [
              -48.20799999999999,
              -21.77000000000001
            ],
            [
              -48.215999999999994,
              -21.77000000000001
            ],
            [
              -48.215999999999994,
              -21.77800000000001
            ]
          ]
        ]
      },
      "properties": {
        "grid_id": "GRID-166",
        "surface_temp": 32.9,
        "ndvi": 0.42,
        "heat_category": "Moderada a Alta",
        "vulnerability_score": 3,
        "vulnerability_desc": "Média",
        "year": 2024,
        "city": "Araraquara",
        "ibge_code": 3503208
      }
    },
    {
      "type": "Feature",
      "geometry": {
        "type": "Polygon",
        "coordinates": [
          [
            [
              -48.20799999999999,
              -21.77800000000001
            ],
            [
              -48.19999999999999,
              -21.77800000000001
            ],
            [
              -48.19999999999999,
              -21.77000000000001
            ],
            [
              -48.20799999999999,
              -21.77000000000001
            ],
            [
              -48.20799999999999,
              -21.77800000000001
            ]
          ]
        ]
      },
      "properties": {
        "grid_id": "GRID-167",
        "surface_temp": 33.5,
        "ndvi": 0.39,
        "heat_category": "Moderada a Alta",
        "vulnerability_score": 1,
        "vulnerability_desc": "Muito Baixa",
        "year": 2024,
        "city": "Araraquara",
        "ibge_code": 3503208
      }
    },
    {
      "type": "Feature",
      "geometry": {
        "type": "Polygon",
        "coordinates": [
          [
            [
              -48.19999999999999,
              -21.77800000000001
            ],
            [
              -48.191999999999986,
              -21.77800000000001
            ],
            [
              -48.191999999999986,
              -21.77000000000001
            ],
            [
              -48.19999999999999,
              -21.77000000000001
            ],
            [
              -48.19999999999999,
              -21.77800000000001
            ]
          ]
        ]
      },
      "properties": {
        "grid_id": "GRID-168",
        "surface_temp": 34.1,
        "ndvi": 0.37,
        "heat_category": "Moderada a Alta",
        "vulnerability_score": 2,
        "vulnerability_desc": "Baixa",
        "year": 2024,
        "city": "Araraquara",
        "ibge_code": 3503208
      }
    },
    {
      "type": "Feature",
      "geometry": {
        "type": "Polygon",
        "coordinates": [
          [
            [
              -48.191999999999986,
              -21.77800000000001
            ],
            [
              -48.18399999999998,
              -21.77800000000001
            ],
            [
              -48.18399999999998,
              -21.77000000000001
            ],
            [
              -48.191999999999986,
              -21.77000000000001
            ],
            [
              -48.191999999999986,
              -21.77800000000001
            ]
          ]
        ]
      },
      "properties": {
        "grid_id": "GRID-169",
        "surface_temp": 34.6,
        "ndvi": 0.34,
        "heat_category": "Alta (Ilha de Calor Severa)",
        "vulnerability_score": 2,
        "vulnerability_desc": "Baixa",
        "year": 2024,
        "city": "Araraquara",
        "ibge_code": 3503208
      }
    },
    {
      "type": "Feature",
      "geometry": {
        "type": "Polygon",
        "coordinates": [
          [
            [
              -48.18399999999998,
              -21.77800000000001
            ],
            [
              -48.17599999999998,
              -21.77800000000001
            ],
            [
              -48.17599999999998,
              -21.77000000000001
            ],
            [
              -48.18399999999998,
              -21.77000000000001
            ],
            [
              -48.18399999999998,
              -21.77800000000001
            ]
          ]
        ]
      },
      "properties": {
        "grid_id": "GRID-170",
        "surface_temp": 35.1,
        "ndvi": 0.32,
        "heat_category": "Alta (Ilha de Calor Severa)",
        "vulnerability_score": 2,
        "vulnerability_desc": "Baixa",
        "year": 2024,
        "city": "Araraquara",
        "ibge_code": 3503208
      }
    },
    {
      "type": "Feature",
      "geometry": {
        "type": "Polygon",
        "coordinates": [
          [
            [
              -48.17599999999998,
              -21.77800000000001
            ],
            [
              -48.16799999999998,
              -21.77800000000001
            ],
            [
              -48.16799999999998,
              -21.77000000000001
            ],
            [
              -48.17599999999998,
              -21.77000000000001
            ],
            [
              -48.17599999999998,
              -21.77800000000001
            ]
          ]
        ]
      },
      "properties": {
        "grid_id": "GRID-171",
        "surface_temp": 35.4,
        "ndvi": 0.3,
        "heat_category": "Alta (Ilha de Calor Severa)",
        "vulnerability_score": 5,
        "vulnerability_desc": "Alta a Muito Alta",
        "year": 2024,
        "city": "Araraquara",
        "ibge_code": 3503208
      }
    },
    {
      "type": "Feature",
      "geometry": {
        "type": "Polygon",
        "coordinates": [
          [
            [
              -48.16799999999998,
              -21.77800000000001
            ],
            [
              -48.159999999999975,
              -21.77800000000001
            ],
            [
              -48.159999999999975,
              -21.77000000000001
            ],
            [
              -48.16799999999998,
              -21.77000000000001
            ],
            [
              -48.16799999999998,
              -21.77800000000001
            ]
          ]
        ]
      },
      "properties": {
        "grid_id": "GRID-172",
        "surface_temp": 35.6,
        "ndvi": 0.29,
        "heat_category": "Alta (Ilha de Calor Severa)",
        "vulnerability_score": 4,
        "vulnerability_desc": "Alta a Muito Alta",
        "year": 2024,
        "city": "Araraquara",
        "ibge_code": 3503208
      }
    },
    {
      "type": "Feature",
      "geometry": {
        "type": "Polygon",
        "coordinates": [
          [
            [
              -48.159999999999975,
              -21.77800000000001
            ],
            [
              -48.15199999999997,
              -21.77800000000001
            ],
            [
              -48.15199999999997,
              -21.77000000000001
            ],
            [
              -48.159999999999975,
              -21.77000000000001
            ],
            [
              -48.159999999999975,
              -21.77800000000001
            ]
          ]
        ]
      },
      "properties": {
        "grid_id": "GRID-173",
        "surface_temp": 35.6,
        "ndvi": 0.29,
        "heat_category": "Alta (Ilha de Calor Severa)",
        "vulnerability_score": 5,
        "vulnerability_desc": "Alta a Muito Alta",
        "year": 2024,
        "city": "Araraquara",
        "ibge_code": 3503208
      }
    },
    {
      "type": "Feature",
      "geometry": {
        "type": "Polygon",
        "coordinates": [
          [
            [
              -48.15199999999997,
              -21.77800000000001
            ],
            [
              -48.14399999999997,
              -21.77800000000001
            ],
            [
              -48.14399999999997,
              -21.77000000000001
            ],
            [
              -48.15199999999997,
              -21.77000000000001
            ],
            [
              -48.15199999999997,
              -21.77800000000001
            ]
          ]
        ]
      },
      "properties": {
        "grid_id": "GRID-174",
        "surface_temp": 35.4,
        "ndvi": 0.3,
        "heat_category": "Alta (Ilha de Calor Severa)",
        "vulnerability_score": 4,
        "vulnerability_desc": "Alta a Muito Alta",
        "year": 2024,
        "city": "Araraquara",
        "ibge_code": 3503208
      }
    },
    {
      "type": "Feature",
      "geometry": {
        "type": "Polygon",
        "coordinates": [
          [
            [
              -48.14399999999997,
              -21.77800000000001
            ],
            [
              -48.13599999999997,
              -21.77800000000001
            ],
            [
              -48.13599999999997,
              -21.77000000000001
            ],
            [
              -48.14399999999997,
              -21.77000000000001
            ],
            [
              -48.14399999999997,
              -21.77800000000001
            ]
          ]
        ]
      },
      "properties": {
        "grid_id": "GRID-175",
        "surface_temp": 35.2,
        "ndvi": 0.31,
        "heat_category": "Alta (Ilha de Calor Severa)",
        "vulnerability_score": 5,
        "vulnerability_desc": "Alta a Muito Alta",
        "year": 2024,
        "city": "Araraquara",
        "ibge_code": 3503208
      }
    },
    {
      "type": "Feature",
      "geometry": {
        "type": "Polygon",
        "coordinates": [
          [
            [
              -48.13599999999997,
              -21.77800000000001
            ],
            [
              -48.127999999999965,
              -21.77800000000001
            ],
            [
              -48.127999999999965,
              -21.77000000000001
            ],
            [
              -48.13599999999997,
              -21.77000000000001
            ],
            [
              -48.13599999999997,
              -21.77800000000001
            ]
          ]
        ]
      },
      "properties": {
        "grid_id": "GRID-176",
        "surface_temp": 35.0,
        "ndvi": 0.32,
        "heat_category": "Alta (Ilha de Calor Severa)",
        "vulnerability_score": 4,
        "vulnerability_desc": "Alta a Muito Alta",
        "year": 2024,
        "city": "Araraquara",
        "ibge_code": 3503208
      }
    },
    {
      "type": "Feature",
      "geometry": {
        "type": "Polygon",
        "coordinates": [
          [
            [
              -48.127999999999965,
              -21.77800000000001
            ],
            [
              -48.11999999999996,
              -21.77800000000001
            ],
            [
              -48.11999999999996,
              -21.77000000000001
            ],
            [
              -48.127999999999965,
              -21.77000000000001
            ],
            [
              -48.127999999999965,
              -21.77800000000001
            ]
          ]
        ]
      },
      "properties": {
        "grid_id": "GRID-177",
        "surface_temp": 34.6,
        "ndvi": 0.34,
        "heat_category": "Alta (Ilha de Calor Severa)",
        "vulnerability_score": 3,
        "vulnerability_desc": "Média",
        "year": 2024,
        "city": "Araraquara",
        "ibge_code": 3503208
      }
    },
    {
      "type": "Feature",
      "geometry": {
        "type": "Polygon",
        "coordinates": [
          [
            [
              -48.11999999999996,
              -21.77800000000001
            ],
            [
              -48.11199999999996,
              -21.77800000000001
            ],
            [
              -48.11199999999996,
              -21.77000000000001
            ],
            [
              -48.11999999999996,
              -21.77000000000001
            ],
            [
              -48.11999999999996,
              -21.77800000000001
            ]
          ]
        ]
      },
      "properties": {
        "grid_id": "GRID-178",
        "surface_temp": 34.2,
        "ndvi": 0.36,
        "heat_category": "Moderada a Alta",
        "vulnerability_score": 3,
        "vulnerability_desc": "Média",
        "year": 2024,
        "city": "Araraquara",
        "ibge_code": 3503208
      }
    },
    {
      "type": "Feature",
      "geometry": {
        "type": "Polygon",
        "coordinates": [
          [
            [
              -48.11199999999996,
              -21.77800000000001
            ],
            [
              -48.10399999999996,
              -21.77800000000001
            ],
            [
              -48.10399999999996,
              -21.77000000000001
            ],
            [
              -48.11199999999996,
              -21.77000000000001
            ],
            [
              -48.11199999999996,
              -21.77800000000001
            ]
          ]
        ]
      },
      "properties": {
        "grid_id": "GRID-179",
        "surface_temp": 33.8,
        "ndvi": 0.38,
        "heat_category": "Moderada a Alta",
        "vulnerability_score": 3,
        "vulnerability_desc": "Média",
        "year": 2024,
        "city": "Araraquara",
        "ibge_code": 3503208
      }
    },
    {
      "type": "Feature",
      "geometry": {
        "type": "Polygon",
        "coordinates": [
          [
            [
              -48.10399999999996,
              -21.77800000000001
            ],
            [
              -48.095999999999954,
              -21.77800000000001
            ],
            [
              -48.095999999999954,
              -21.77000000000001
            ],
            [
              -48.10399999999996,
              -21.77000000000001
            ],
            [
              -48.10399999999996,
              -21.77800000000001
            ]
          ]
        ]
      },
      "properties": {
        "grid_id": "GRID-180",
        "surface_temp": 33.3,
        "ndvi": 0.4,
        "heat_category": "Moderada a Alta",
        "vulnerability_score": 3,
        "vulnerability_desc": "Média",
        "year": 2024,
        "city": "Araraquara",
        "ibge_code": 3503208
      }
    },
    {
      "type": "Feature",
      "geometry": {
        "type": "Polygon",
        "coordinates": [
          [
            [
              -48.24,
              -21.77000000000001
            ],
            [
              -48.232,
              -21.77000000000001
            ],
            [
              -48.232,
              -21.76200000000001
            ],
            [
              -48.24,
              -21.76200000000001
            ],
            [
              -48.24,
              -21.77000000000001
            ]
          ]
        ]
      },
      "properties": {
        "grid_id": "GRID-181",
        "surface_temp": 31.4,
        "ndvi": 0.49,
        "heat_category": "Moderada",
        "vulnerability_score": 3,
        "vulnerability_desc": "Média",
        "year": 2024,
        "city": "Araraquara",
        "ibge_code": 3503208
      }
    },
    {
      "type": "Feature",
      "geometry": {
        "type": "Polygon",
        "coordinates": [
          [
            [
              -48.232,
              -21.77000000000001
            ],
            [
              -48.224,
              -21.77000000000001
            ],
            [
              -48.224,
              -21.76200000000001
            ],
            [
              -48.232,
              -21.76200000000001
            ],
            [
              -48.232,
              -21.77000000000001
            ]
          ]
        ]
      },
      "properties": {
        "grid_id": "GRID-182",
        "surface_temp": 32.0,
        "ndvi": 0.47,
        "heat_category": "Moderada a Alta",
        "vulnerability_score": 3,
        "vulnerability_desc": "Média",
        "year": 2024,
        "city": "Araraquara",
        "ibge_code": 3503208
      }
    },
    {
      "type": "Feature",
      "geometry": {
        "type": "Polygon",
        "coordinates": [
          [
            [
              -48.224,
              -21.77000000000001
            ],
            [
              -48.215999999999994,
              -21.77000000000001
            ],
            [
              -48.215999999999994,
              -21.76200000000001
            ],
            [
              -48.224,
              -21.76200000000001
            ],
            [
              -48.224,
              -21.77000000000001
            ]
          ]
        ]
      },
      "properties": {
        "grid_id": "GRID-183",
        "surface_temp": 32.6,
        "ndvi": 0.44,
        "heat_category": "Moderada a Alta",
        "vulnerability_score": 3,
        "vulnerability_desc": "Média",
        "year": 2024,
        "city": "Araraquara",
        "ibge_code": 3503208
      }
    },
    {
      "type": "Feature",
      "geometry": {
        "type": "Polygon",
        "coordinates": [
          [
            [
              -48.215999999999994,
              -21.77000000000001
            ],
            [
              -48.20799999999999,
              -21.77000000000001
            ],
            [
              -48.20799999999999,
              -21.76200000000001
            ],
            [
              -48.215999999999994,
              -21.76200000000001
            ],
            [
              -48.215999999999994,
              -21.77000000000001
            ]
          ]
        ]
      },
      "properties": {
        "grid_id": "GRID-184",
        "surface_temp": 33.1,
        "ndvi": 0.41,
        "heat_category": "Moderada a Alta",
        "vulnerability_score": 3,
        "vulnerability_desc": "Média",
        "year": 2024,
        "city": "Araraquara",
        "ibge_code": 3503208
      }
    },
    {
      "type": "Feature",
      "geometry": {
        "type": "Polygon",
        "coordinates": [
          [
            [
              -48.20799999999999,
              -21.77000000000001
            ],
            [
              -48.19999999999999,
              -21.77000000000001
            ],
            [
              -48.19999999999999,
              -21.76200000000001
            ],
            [
              -48.20799999999999,
              -21.76200000000001
            ],
            [
              -48.20799999999999,
              -21.77000000000001
            ]
          ]
        ]
      },
      "properties": {
        "grid_id": "GRID-185",
        "surface_temp": 33.7,
        "ndvi": 0.38,
        "heat_category": "Moderada a Alta",
        "vulnerability_score": 3,
        "vulnerability_desc": "Média",
        "year": 2024,
        "city": "Araraquara",
        "ibge_code": 3503208
      }
    },
    {
      "type": "Feature",
      "geometry": {
        "type": "Polygon",
        "coordinates": [
          [
            [
              -48.19999999999999,
              -21.77000000000001
            ],
            [
              -48.191999999999986,
              -21.77000000000001
            ],
            [
              -48.191999999999986,
              -21.76200000000001
            ],
            [
              -48.19999999999999,
              -21.76200000000001
            ],
            [
              -48.19999999999999,
              -21.77000000000001
            ]
          ]
        ]
      },
      "properties": {
        "grid_id": "GRID-186",
        "surface_temp": 34.3,
        "ndvi": 0.36,
        "heat_category": "Moderada a Alta",
        "vulnerability_score": 3,
        "vulnerability_desc": "Média",
        "year": 2024,
        "city": "Araraquara",
        "ibge_code": 3503208
      }
    },
    {
      "type": "Feature",
      "geometry": {
        "type": "Polygon",
        "coordinates": [
          [
            [
              -48.191999999999986,
              -21.77000000000001
            ],
            [
              -48.18399999999998,
              -21.77000000000001
            ],
            [
              -48.18399999999998,
              -21.76200000000001
            ],
            [
              -48.191999999999986,
              -21.76200000000001
            ],
            [
              -48.191999999999986,
              -21.77000000000001
            ]
          ]
        ]
      },
      "properties": {
        "grid_id": "GRID-187",
        "surface_temp": 34.8,
        "ndvi": 0.33,
        "heat_category": "Alta (Ilha de Calor Severa)",
        "vulnerability_score": 3,
        "vulnerability_desc": "Média",
        "year": 2024,
        "city": "Araraquara",
        "ibge_code": 3503208
      }
    },
    {
      "type": "Feature",
      "geometry": {
        "type": "Polygon",
        "coordinates": [
          [
            [
              -48.18399999999998,
              -21.77000000000001
            ],
            [
              -48.17599999999998,
              -21.77000000000001
            ],
            [
              -48.17599999999998,
              -21.76200000000001
            ],
            [
              -48.18399999999998,
              -21.76200000000001
            ],
            [
              -48.18399999999998,
              -21.77000000000001
            ]
          ]
        ]
      },
      "properties": {
        "grid_id": "GRID-188",
        "surface_temp": 35.3,
        "ndvi": 0.31,
        "heat_category": "Alta (Ilha de Calor Severa)",
        "vulnerability_score": 4,
        "vulnerability_desc": "Alta a Muito Alta",
        "year": 2024,
        "city": "Araraquara",
        "ibge_code": 3503208
      }
    },
    {
      "type": "Feature",
      "geometry": {
        "type": "Polygon",
        "coordinates": [
          [
            [
              -48.17599999999998,
              -21.77000000000001
            ],
            [
              -48.16799999999998,
              -21.77000000000001
            ],
            [
              -48.16799999999998,
              -21.76200000000001
            ],
            [
              -48.17599999999998,
              -21.76200000000001
            ],
            [
              -48.17599999999998,
              -21.77000000000001
            ]
          ]
        ]
      },
      "properties": {
        "grid_id": "GRID-189",
        "surface_temp": 35.6,
        "ndvi": 0.29,
        "heat_category": "Alta (Ilha de Calor Severa)",
        "vulnerability_score": 5,
        "vulnerability_desc": "Alta a Muito Alta",
        "year": 2024,
        "city": "Araraquara",
        "ibge_code": 3503208
      }
    },
    {
      "type": "Feature",
      "geometry": {
        "type": "Polygon",
        "coordinates": [
          [
            [
              -48.16799999999998,
              -21.77000000000001
            ],
            [
              -48.159999999999975,
              -21.77000000000001
            ],
            [
              -48.159999999999975,
              -21.76200000000001
            ],
            [
              -48.16799999999998,
              -21.76200000000001
            ],
            [
              -48.16799999999998,
              -21.77000000000001
            ]
          ]
        ]
      },
      "properties": {
        "grid_id": "GRID-190",
        "surface_temp": 35.8,
        "ndvi": 0.28,
        "heat_category": "Alta (Ilha de Calor Severa)",
        "vulnerability_score": 4,
        "vulnerability_desc": "Alta a Muito Alta",
        "year": 2024,
        "city": "Araraquara",
        "ibge_code": 3503208
      }
    },
    {
      "type": "Feature",
      "geometry": {
        "type": "Polygon",
        "coordinates": [
          [
            [
              -48.159999999999975,
              -21.77000000000001
            ],
            [
              -48.15199999999997,
              -21.77000000000001
            ],
            [
              -48.15199999999997,
              -21.76200000000001
            ],
            [
              -48.159999999999975,
              -21.76200000000001
            ],
            [
              -48.159999999999975,
              -21.77000000000001
            ]
          ]
        ]
      },
      "properties": {
        "grid_id": "GRID-191",
        "surface_temp": 35.8,
        "ndvi": 0.28,
        "heat_category": "Alta (Ilha de Calor Severa)",
        "vulnerability_score": 5,
        "vulnerability_desc": "Alta a Muito Alta",
        "year": 2024,
        "city": "Araraquara",
        "ibge_code": 3503208
      }
    },
    {
      "type": "Feature",
      "geometry": {
        "type": "Polygon",
        "coordinates": [
          [
            [
              -48.15199999999997,
              -21.77000000000001
            ],
            [
              -48.14399999999997,
              -21.77000000000001
            ],
            [
              -48.14399999999997,
              -21.76200000000001
            ],
            [
              -48.15199999999997,
              -21.76200000000001
            ],
            [
              -48.15199999999997,
              -21.77000000000001
            ]
          ]
        ]
      },
      "properties": {
        "grid_id": "GRID-192",
        "surface_temp": 35.8,
        "ndvi": 0.28,
        "heat_category": "Alta (Ilha de Calor Severa)",
        "vulnerability_score": 4,
        "vulnerability_desc": "Alta a Muito Alta",
        "year": 2024,
        "city": "Araraquara",
        "ibge_code": 3503208
      }
    },
    {
      "type": "Feature",
      "geometry": {
        "type": "Polygon",
        "coordinates": [
          [
            [
              -48.14399999999997,
              -21.77000000000001
            ],
            [
              -48.13599999999997,
              -21.77000000000001
            ],
            [
              -48.13599999999997,
              -21.76200000000001
            ],
            [
              -48.14399999999997,
              -21.76200000000001
            ],
            [
              -48.14399999999997,
              -21.77000000000001
            ]
          ]
        ]
      },
      "properties": {
        "grid_id": "GRID-193",
        "surface_temp": 35.6,
        "ndvi": 0.29,
        "heat_category": "Alta (Ilha de Calor Severa)",
        "vulnerability_score": 5,
        "vulnerability_desc": "Alta a Muito Alta",
        "year": 2024,
        "city": "Araraquara",
        "ibge_code": 3503208
      }
    },
    {
      "type": "Feature",
      "geometry": {
        "type": "Polygon",
        "coordinates": [
          [
            [
              -48.13599999999997,
              -21.77000000000001
            ],
            [
              -48.127999999999965,
              -21.77000000000001
            ],
            [
              -48.127999999999965,
              -21.76200000000001
            ],
            [
              -48.13599999999997,
              -21.76200000000001
            ],
            [
              -48.13599999999997,
              -21.77000000000001
            ]
          ]
        ]
      },
      "properties": {
        "grid_id": "GRID-194",
        "surface_temp": 35.3,
        "ndvi": 0.31,
        "heat_category": "Alta (Ilha de Calor Severa)",
        "vulnerability_score": 4,
        "vulnerability_desc": "Alta a Muito Alta",
        "year": 2024,
        "city": "Araraquara",
        "ibge_code": 3503208
      }
    },
    {
      "type": "Feature",
      "geometry": {
        "type": "Polygon",
        "coordinates": [
          [
            [
              -48.127999999999965,
              -21.77000000000001
            ],
            [
              -48.11999999999996,
              -21.77000000000001
            ],
            [
              -48.11999999999996,
              -21.76200000000001
            ],
            [
              -48.127999999999965,
              -21.76200000000001
            ],
            [
              -48.127999999999965,
              -21.77000000000001
            ]
          ]
        ]
      },
      "properties": {
        "grid_id": "GRID-195",
        "surface_temp": 34.9,
        "ndvi": 0.33,
        "heat_category": "Alta (Ilha de Calor Severa)",
        "vulnerability_score": 5,
        "vulnerability_desc": "Alta a Muito Alta",
        "year": 2024,
        "city": "Araraquara",
        "ibge_code": 3503208
      }
    },
    {
      "type": "Feature",
      "geometry": {
        "type": "Polygon",
        "coordinates": [
          [
            [
              -48.11999999999996,
              -21.77000000000001
            ],
            [
              -48.11199999999996,
              -21.77000000000001
            ],
            [
              -48.11199999999996,
              -21.76200000000001
            ],
            [
              -48.11999999999996,
              -21.76200000000001
            ],
            [
              -48.11999999999996,
              -21.77000000000001
            ]
          ]
        ]
      },
      "properties": {
        "grid_id": "GRID-196",
        "surface_temp": 34.5,
        "ndvi": 0.35,
        "heat_category": "Alta (Ilha de Calor Severa)",
        "vulnerability_score": 4,
        "vulnerability_desc": "Alta a Muito Alta",
        "year": 2024,
        "city": "Araraquara",
        "ibge_code": 3503208
      }
    },
    {
      "type": "Feature",
      "geometry": {
        "type": "Polygon",
        "coordinates": [
          [
            [
              -48.11199999999996,
              -21.77000000000001
            ],
            [
              -48.10399999999996,
              -21.77000000000001
            ],
            [
              -48.10399999999996,
              -21.76200000000001
            ],
            [
              -48.11199999999996,
              -21.76200000000001
            ],
            [
              -48.11199999999996,
              -21.77000000000001
            ]
          ]
        ]
      },
      "properties": {
        "grid_id": "GRID-197",
        "surface_temp": 34.0,
        "ndvi": 0.37,
        "heat_category": "Moderada a Alta",
        "vulnerability_score": 3,
        "vulnerability_desc": "Média",
        "year": 2024,
        "city": "Araraquara",
        "ibge_code": 3503208
      }
    },
    {
      "type": "Feature",
      "geometry": {
        "type": "Polygon",
        "coordinates": [
          [
            [
              -48.10399999999996,
              -21.77000000000001
            ],
            [
              -48.095999999999954,
              -21.77000000000001
            ],
            [
              -48.095999999999954,
              -21.76200000000001
            ],
            [
              -48.10399999999996,
              -21.76200000000001
            ],
            [
              -48.10399999999996,
              -21.77000000000001
            ]
          ]
        ]
      },
      "properties": {
        "grid_id": "GRID-198",
        "surface_temp": 33.6,
        "ndvi": 0.39,
        "heat_category": "Moderada a Alta",
        "vulnerability_score": 3,
        "vulnerability_desc": "Média",
        "year": 2024,
        "city": "Araraquara",
        "ibge_code": 3503208
      }
    },
    {
      "type": "Feature",
      "geometry": {
        "type": "Polygon",
        "coordinates": [
          [
            [
              -48.24,
              -21.76200000000001
            ],
            [
              -48.232,
              -21.76200000000001
            ],
            [
              -48.232,
              -21.754000000000012
            ],
            [
              -48.24,
              -21.754000000000012
            ],
            [
              -48.24,
              -21.76200000000001
            ]
          ]
        ]
      },
      "properties": {
        "grid_id": "GRID-199",
        "surface_temp": 31.6,
        "ndvi": 0.49,
        "heat_category": "Moderada a Alta",
        "vulnerability_score": 3,
        "vulnerability_desc": "Média",
        "year": 2024,
        "city": "Araraquara",
        "ibge_code": 3503208
      }
    },
    {
      "type": "Feature",
      "geometry": {
        "type": "Polygon",
        "coordinates": [
          [
            [
              -48.232,
              -21.76200000000001
            ],
            [
              -48.224,
              -21.76200000000001
            ],
            [
              -48.224,
              -21.754000000000012
            ],
            [
              -48.232,
              -21.754000000000012
            ],
            [
              -48.232,
              -21.76200000000001
            ]
          ]
        ]
      },
      "properties": {
        "grid_id": "GRID-200",
        "surface_temp": 32.1,
        "ndvi": 0.46,
        "heat_category": "Moderada a Alta",
        "vulnerability_score": 3,
        "vulnerability_desc": "Média",
        "year": 2024,
        "city": "Araraquara",
        "ibge_code": 3503208
      }
    },
    {
      "type": "Feature",
      "geometry": {
        "type": "Polygon",
        "coordinates": [
          [
            [
              -48.224,
              -21.76200000000001
            ],
            [
              -48.215999999999994,
              -21.76200000000001
            ],
            [
              -48.215999999999994,
              -21.754000000000012
            ],
            [
              -48.224,
              -21.754000000000012
            ],
            [
              -48.224,
              -21.76200000000001
            ]
          ]
        ]
      },
      "properties": {
        "grid_id": "GRID-201",
        "surface_temp": 32.7,
        "ndvi": 0.43,
        "heat_category": "Moderada a Alta",
        "vulnerability_score": 3,
        "vulnerability_desc": "Média",
        "year": 2024,
        "city": "Araraquara",
        "ibge_code": 3503208
      }
    },
    {
      "type": "Feature",
      "geometry": {
        "type": "Polygon",
        "coordinates": [
          [
            [
              -48.215999999999994,
              -21.76200000000001
            ],
            [
              -48.20799999999999,
              -21.76200000000001
            ],
            [
              -48.20799999999999,
              -21.754000000000012
            ],
            [
              -48.215999999999994,
              -21.754000000000012
            ],
            [
              -48.215999999999994,
              -21.76200000000001
            ]
          ]
        ]
      },
      "properties": {
        "grid_id": "GRID-202",
        "surface_temp": 33.3,
        "ndvi": 0.4,
        "heat_category": "Moderada a Alta",
        "vulnerability_score": 3,
        "vulnerability_desc": "Média",
        "year": 2024,
        "city": "Araraquara",
        "ibge_code": 3503208
      }
    },
    {
      "type": "Feature",
      "geometry": {
        "type": "Polygon",
        "coordinates": [
          [
            [
              -48.20799999999999,
              -21.76200000000001
            ],
            [
              -48.19999999999999,
              -21.76200000000001
            ],
            [
              -48.19999999999999,
              -21.754000000000012
            ],
            [
              -48.20799999999999,
              -21.754000000000012
            ],
            [
              -48.20799999999999,
              -21.76200000000001
            ]
          ]
        ]
      },
      "properties": {
        "grid_id": "GRID-203",
        "surface_temp": 33.9,
        "ndvi": 0.37,
        "heat_category": "Moderada a Alta",
        "vulnerability_score": 3,
        "vulnerability_desc": "Média",
        "year": 2024,
        "city": "Araraquara",
        "ibge_code": 3503208
      }
    },
    {
      "type": "Feature",
      "geometry": {
        "type": "Polygon",
        "coordinates": [
          [
            [
              -48.19999999999999,
              -21.76200000000001
            ],
            [
              -48.191999999999986,
              -21.76200000000001
            ],
            [
              -48.191999999999986,
              -21.754000000000012
            ],
            [
              -48.19999999999999,
              -21.754000000000012
            ],
            [
              -48.19999999999999,
              -21.76200000000001
            ]
          ]
        ]
      },
      "properties": {
        "grid_id": "GRID-204",
        "surface_temp": 34.4,
        "ndvi": 0.35,
        "heat_category": "Moderada a Alta",
        "vulnerability_score": 3,
        "vulnerability_desc": "Média",
        "year": 2024,
        "city": "Araraquara",
        "ibge_code": 3503208
      }
    },
    {
      "type": "Feature",
      "geometry": {
        "type": "Polygon",
        "coordinates": [
          [
            [
              -48.191999999999986,
              -21.76200000000001
            ],
            [
              -48.18399999999998,
              -21.76200000000001
            ],
            [
              -48.18399999999998,
              -21.754000000000012
            ],
            [
              -48.191999999999986,
              -21.754000000000012
            ],
            [
              -48.191999999999986,
              -21.76200000000001
            ]
          ]
        ]
      },
      "properties": {
        "grid_id": "GRID-205",
        "surface_temp": 34.9,
        "ndvi": 0.33,
        "heat_category": "Alta (Ilha de Calor Severa)",
        "vulnerability_score": 5,
        "vulnerability_desc": "Alta a Muito Alta",
        "year": 2024,
        "city": "Araraquara",
        "ibge_code": 3503208
      }
    },
    {
      "type": "Feature",
      "geometry": {
        "type": "Polygon",
        "coordinates": [
          [
            [
              -48.18399999999998,
              -21.76200000000001
            ],
            [
              -48.17599999999998,
              -21.76200000000001
            ],
            [
              -48.17599999999998,
              -21.754000000000012
            ],
            [
              -48.18399999999998,
              -21.754000000000012
            ],
            [
              -48.18399999999998,
              -21.76200000000001
            ]
          ]
        ]
      },
      "properties": {
        "grid_id": "GRID-206",
        "surface_temp": 35.4,
        "ndvi": 0.3,
        "heat_category": "Alta (Ilha de Calor Severa)",
        "vulnerability_score": 4,
        "vulnerability_desc": "Alta a Muito Alta",
        "year": 2024,
        "city": "Araraquara",
        "ibge_code": 3503208
      }
    },
    {
      "type": "Feature",
      "geometry": {
        "type": "Polygon",
        "coordinates": [
          [
            [
              -48.17599999999998,
              -21.76200000000001
            ],
            [
              -48.16799999999998,
              -21.76200000000001
            ],
            [
              -48.16799999999998,
              -21.754000000000012
            ],
            [
              -48.17599999999998,
              -21.754000000000012
            ],
            [
              -48.17599999999998,
              -21.76200000000001
            ]
          ]
        ]
      },
      "properties": {
        "grid_id": "GRID-207",
        "surface_temp": 35.7,
        "ndvi": 0.29,
        "heat_category": "Alta (Ilha de Calor Severa)",
        "vulnerability_score": 5,
        "vulnerability_desc": "Alta a Muito Alta",
        "year": 2024,
        "city": "Araraquara",
        "ibge_code": 3503208
      }
    },
    {
      "type": "Feature",
      "geometry": {
        "type": "Polygon",
        "coordinates": [
          [
            [
              -48.16799999999998,
              -21.76200000000001
            ],
            [
              -48.159999999999975,
              -21.76200000000001
            ],
            [
              -48.159999999999975,
              -21.754000000000012
            ],
            [
              -48.16799999999998,
              -21.754000000000012
            ],
            [
              -48.16799999999998,
              -21.76200000000001
            ]
          ]
        ]
      },
      "properties": {
        "grid_id": "GRID-208",
        "surface_temp": 36.0,
        "ndvi": 0.27,
        "heat_category": "Alta (Ilha de Calor Severa)",
        "vulnerability_score": 4,
        "vulnerability_desc": "Alta a Muito Alta",
        "year": 2024,
        "city": "Araraquara",
        "ibge_code": 3503208
      }
    },
    {
      "type": "Feature",
      "geometry": {
        "type": "Polygon",
        "coordinates": [
          [
            [
              -48.159999999999975,
              -21.76200000000001
            ],
            [
              -48.15199999999997,
              -21.76200000000001
            ],
            [
              -48.15199999999997,
              -21.754000000000012
            ],
            [
              -48.159999999999975,
              -21.754000000000012
            ],
            [
              -48.159999999999975,
              -21.76200000000001
            ]
          ]
        ]
      },
      "properties": {
        "grid_id": "GRID-209",
        "surface_temp": 36.1,
        "ndvi": 0.27,
        "heat_category": "Alta (Ilha de Calor Severa)",
        "vulnerability_score": 5,
        "vulnerability_desc": "Alta a Muito Alta",
        "year": 2024,
        "city": "Araraquara",
        "ibge_code": 3503208
      }
    },
    {
      "type": "Feature",
      "geometry": {
        "type": "Polygon",
        "coordinates": [
          [
            [
              -48.15199999999997,
              -21.76200000000001
            ],
            [
              -48.14399999999997,
              -21.76200000000001
            ],
            [
              -48.14399999999997,
              -21.754000000000012
            ],
            [
              -48.15199999999997,
              -21.754000000000012
            ],
            [
              -48.15199999999997,
              -21.76200000000001
            ]
          ]
        ]
      },
      "properties": {
        "grid_id": "GRID-210",
        "surface_temp": 36.0,
        "ndvi": 0.27,
        "heat_category": "Alta (Ilha de Calor Severa)",
        "vulnerability_score": 4,
        "vulnerability_desc": "Alta a Muito Alta",
        "year": 2024,
        "city": "Araraquara",
        "ibge_code": 3503208
      }
    },
    {
      "type": "Feature",
      "geometry": {
        "type": "Polygon",
        "coordinates": [
          [
            [
              -48.14399999999997,
              -21.76200000000001
            ],
            [
              -48.13599999999997,
              -21.76200000000001
            ],
            [
              -48.13599999999997,
              -21.754000000000012
            ],
            [
              -48.14399999999997,
              -21.754000000000012
            ],
            [
              -48.14399999999997,
              -21.76200000000001
            ]
          ]
        ]
      },
      "properties": {
        "grid_id": "GRID-211",
        "surface_temp": 35.8,
        "ndvi": 0.28,
        "heat_category": "Alta (Ilha de Calor Severa)",
        "vulnerability_score": 5,
        "vulnerability_desc": "Alta a Muito Alta",
        "year": 2024,
        "city": "Araraquara",
        "ibge_code": 3503208
      }
    },
    {
      "type": "Feature",
      "geometry": {
        "type": "Polygon",
        "coordinates": [
          [
            [
              -48.13599999999997,
              -21.76200000000001
            ],
            [
              -48.127999999999965,
              -21.76200000000001
            ],
            [
              -48.127999999999965,
              -21.754000000000012
            ],
            [
              -48.13599999999997,
              -21.754000000000012
            ],
            [
              -48.13599999999997,
              -21.76200000000001
            ]
          ]
        ]
      },
      "properties": {
        "grid_id": "GRID-212",
        "surface_temp": 35.5,
        "ndvi": 0.3,
        "heat_category": "Alta (Ilha de Calor Severa)",
        "vulnerability_score": 4,
        "vulnerability_desc": "Alta a Muito Alta",
        "year": 2024,
        "city": "Araraquara",
        "ibge_code": 3503208
      }
    },
    {
      "type": "Feature",
      "geometry": {
        "type": "Polygon",
        "coordinates": [
          [
            [
              -48.127999999999965,
              -21.76200000000001
            ],
            [
              -48.11999999999996,
              -21.76200000000001
            ],
            [
              -48.11999999999996,
              -21.754000000000012
            ],
            [
              -48.127999999999965,
              -21.754000000000012
            ],
            [
              -48.127999999999965,
              -21.76200000000001
            ]
          ]
        ]
      },
      "properties": {
        "grid_id": "GRID-213",
        "surface_temp": 35.2,
        "ndvi": 0.31,
        "heat_category": "Alta (Ilha de Calor Severa)",
        "vulnerability_score": 5,
        "vulnerability_desc": "Alta a Muito Alta",
        "year": 2024,
        "city": "Araraquara",
        "ibge_code": 3503208
      }
    },
    {
      "type": "Feature",
      "geometry": {
        "type": "Polygon",
        "coordinates": [
          [
            [
              -48.11999999999996,
              -21.76200000000001
            ],
            [
              -48.11199999999996,
              -21.76200000000001
            ],
            [
              -48.11199999999996,
              -21.754000000000012
            ],
            [
              -48.11999999999996,
              -21.754000000000012
            ],
            [
              -48.11999999999996,
              -21.76200000000001
            ]
          ]
        ]
      },
      "properties": {
        "grid_id": "GRID-214",
        "surface_temp": 34.7,
        "ndvi": 0.34,
        "heat_category": "Alta (Ilha de Calor Severa)",
        "vulnerability_score": 4,
        "vulnerability_desc": "Alta a Muito Alta",
        "year": 2024,
        "city": "Araraquara",
        "ibge_code": 3503208
      }
    },
    {
      "type": "Feature",
      "geometry": {
        "type": "Polygon",
        "coordinates": [
          [
            [
              -48.11199999999996,
              -21.76200000000001
            ],
            [
              -48.10399999999996,
              -21.76200000000001
            ],
            [
              -48.10399999999996,
              -21.754000000000012
            ],
            [
              -48.11199999999996,
              -21.754000000000012
            ],
            [
              -48.11199999999996,
              -21.76200000000001
            ]
          ]
        ]
      },
      "properties": {
        "grid_id": "GRID-215",
        "surface_temp": 34.2,
        "ndvi": 0.36,
        "heat_category": "Moderada a Alta",
        "vulnerability_score": 3,
        "vulnerability_desc": "Média",
        "year": 2024,
        "city": "Araraquara",
        "ibge_code": 3503208
      }
    },
    {
      "type": "Feature",
      "geometry": {
        "type": "Polygon",
        "coordinates": [
          [
            [
              -48.10399999999996,
              -21.76200000000001
            ],
            [
              -48.095999999999954,
              -21.76200000000001
            ],
            [
              -48.095999999999954,
              -21.754000000000012
            ],
            [
              -48.10399999999996,
              -21.754000000000012
            ],
            [
              -48.10399999999996,
              -21.76200000000001
            ]
          ]
        ]
      },
      "properties": {
        "grid_id": "GRID-216",
        "surface_temp": 33.6,
        "ndvi": 0.39,
        "heat_category": "Moderada a Alta",
        "vulnerability_score": 3,
        "vulnerability_desc": "Média",
        "year": 2024,
        "city": "Araraquara",
        "ibge_code": 3503208
      }
    },
    {
      "type": "Feature",
      "geometry": {
        "type": "Polygon",
        "coordinates": [
          [
            [
              -48.24,
              -21.754000000000012
            ],
            [
              -48.232,
              -21.754000000000012
            ],
            [
              -48.232,
              -21.746000000000013
            ],
            [
              -48.24,
              -21.746000000000013
            ],
            [
              -48.24,
              -21.754000000000012
            ]
          ]
        ]
      },
      "properties": {
        "grid_id": "GRID-217",
        "surface_temp": 31.6,
        "ndvi": 0.49,
        "heat_category": "Moderada a Alta",
        "vulnerability_score": 3,
        "vulnerability_desc": "Média",
        "year": 2024,
        "city": "Araraquara",
        "ibge_code": 3503208
      }
    },
    {
      "type": "Feature",
      "geometry": {
        "type": "Polygon",
        "coordinates": [
          [
            [
              -48.232,
              -21.754000000000012
            ],
            [
              -48.224,
              -21.754000000000012
            ],
            [
              -48.224,
              -21.746000000000013
            ],
            [
              -48.232,
              -21.746000000000013
            ],
            [
              -48.232,
              -21.754000000000012
            ]
          ]
        ]
      },
      "properties": {
        "grid_id": "GRID-218",
        "surface_temp": 32.2,
        "ndvi": 0.46,
        "heat_category": "Moderada a Alta",
        "vulnerability_score": 3,
        "vulnerability_desc": "Média",
        "year": 2024,
        "city": "Araraquara",
        "ibge_code": 3503208
      }
    },
    {
      "type": "Feature",
      "geometry": {
        "type": "Polygon",
        "coordinates": [
          [
            [
              -48.224,
              -21.754000000000012
            ],
            [
              -48.215999999999994,
              -21.754000000000012
            ],
            [
              -48.215999999999994,
              -21.746000000000013
            ],
            [
              -48.224,
              -21.746000000000013
            ],
            [
              -48.224,
              -21.754000000000012
            ]
          ]
        ]
      },
      "properties": {
        "grid_id": "GRID-219",
        "surface_temp": 32.8,
        "ndvi": 0.43,
        "heat_category": "Moderada a Alta",
        "vulnerability_score": 3,
        "vulnerability_desc": "Média",
        "year": 2024,
        "city": "Araraquara",
        "ibge_code": 3503208
      }
    },
    {
      "type": "Feature",
      "geometry": {
        "type": "Polygon",
        "coordinates": [
          [
            [
              -48.215999999999994,
              -21.754000000000012
            ],
            [
              -48.20799999999999,
              -21.754000000000012
            ],
            [
              -48.20799999999999,
              -21.746000000000013
            ],
            [
              -48.215999999999994,
              -21.746000000000013
            ],
            [
              -48.215999999999994,
              -21.754000000000012
            ]
          ]
        ]
      },
      "properties": {
        "grid_id": "GRID-220",
        "surface_temp": 33.4,
        "ndvi": 0.4,
        "heat_category": "Moderada a Alta",
        "vulnerability_score": 3,
        "vulnerability_desc": "Média",
        "year": 2024,
        "city": "Araraquara",
        "ibge_code": 3503208
      }
    },
    {
      "type": "Feature",
      "geometry": {
        "type": "Polygon",
        "coordinates": [
          [
            [
              -48.20799999999999,
              -21.754000000000012
            ],
            [
              -48.19999999999999,
              -21.754000000000012
            ],
            [
              -48.19999999999999,
              -21.746000000000013
            ],
            [
              -48.20799999999999,
              -21.746000000000013
            ],
            [
              -48.20799999999999,
              -21.754000000000012
            ]
          ]
        ]
      },
      "properties": {
        "grid_id": "GRID-221",
        "surface_temp": 34.0,
        "ndvi": 0.37,
        "heat_category": "Moderada a Alta",
        "vulnerability_score": 3,
        "vulnerability_desc": "Média",
        "year": 2024,
        "city": "Araraquara",
        "ibge_code": 3503208
      }
    },
    {
      "type": "Feature",
      "geometry": {
        "type": "Polygon",
        "coordinates": [
          [
            [
              -48.19999999999999,
              -21.754000000000012
            ],
            [
              -48.191999999999986,
              -21.754000000000012
            ],
            [
              -48.191999999999986,
              -21.746000000000013
            ],
            [
              -48.19999999999999,
              -21.746000000000013
            ],
            [
              -48.19999999999999,
              -21.754000000000012
            ]
          ]
        ]
      },
      "properties": {
        "grid_id": "GRID-222",
        "surface_temp": 34.5,
        "ndvi": 0.35,
        "heat_category": "Alta (Ilha de Calor Severa)",
        "vulnerability_score": 3,
        "vulnerability_desc": "Média",
        "year": 2024,
        "city": "Araraquara",
        "ibge_code": 3503208
      }
    },
    {
      "type": "Feature",
      "geometry": {
        "type": "Polygon",
        "coordinates": [
          [
            [
              -48.191999999999986,
              -21.754000000000012
            ],
            [
              -48.18399999999998,
              -21.754000000000012
            ],
            [
              -48.18399999999998,
              -21.746000000000013
            ],
            [
              -48.191999999999986,
              -21.746000000000013
            ],
            [
              -48.191999999999986,
              -21.754000000000012
            ]
          ]
        ]
      },
      "properties": {
        "grid_id": "GRID-223",
        "surface_temp": 35.0,
        "ndvi": 0.32,
        "heat_category": "Alta (Ilha de Calor Severa)",
        "vulnerability_score": 5,
        "vulnerability_desc": "Alta a Muito Alta",
        "year": 2024,
        "city": "Araraquara",
        "ibge_code": 3503208
      }
    },
    {
      "type": "Feature",
      "geometry": {
        "type": "Polygon",
        "coordinates": [
          [
            [
              -48.18399999999998,
              -21.754000000000012
            ],
            [
              -48.17599999999998,
              -21.754000000000012
            ],
            [
              -48.17599999999998,
              -21.746000000000013
            ],
            [
              -48.18399999999998,
              -21.746000000000013
            ],
            [
              -48.18399999999998,
              -21.754000000000012
            ]
          ]
        ]
      },
      "properties": {
        "grid_id": "GRID-224",
        "surface_temp": 35.5,
        "ndvi": 0.3,
        "heat_category": "Alta (Ilha de Calor Severa)",
        "vulnerability_score": 4,
        "vulnerability_desc": "Alta a Muito Alta",
        "year": 2024,
        "city": "Araraquara",
        "ibge_code": 3503208
      }
    },
    {
      "type": "Feature",
      "geometry": {
        "type": "Polygon",
        "coordinates": [
          [
            [
              -48.17599999999998,
              -21.754000000000012
            ],
            [
              -48.16799999999998,
              -21.754000000000012
            ],
            [
              -48.16799999999998,
              -21.746000000000013
            ],
            [
              -48.17599999999998,
              -21.746000000000013
            ],
            [
              -48.17599999999998,
              -21.754000000000012
            ]
          ]
        ]
      },
      "properties": {
        "grid_id": "GRID-225",
        "surface_temp": 35.9,
        "ndvi": 0.28,
        "heat_category": "Alta (Ilha de Calor Severa)",
        "vulnerability_score": 5,
        "vulnerability_desc": "Alta a Muito Alta",
        "year": 2024,
        "city": "Araraquara",
        "ibge_code": 3503208
      }
    },
    {
      "type": "Feature",
      "geometry": {
        "type": "Polygon",
        "coordinates": [
          [
            [
              -48.16799999999998,
              -21.754000000000012
            ],
            [
              -48.159999999999975,
              -21.754000000000012
            ],
            [
              -48.159999999999975,
              -21.746000000000013
            ],
            [
              -48.16799999999998,
              -21.746000000000013
            ],
            [
              -48.16799999999998,
              -21.754000000000012
            ]
          ]
        ]
      },
      "properties": {
        "grid_id": "GRID-226",
        "surface_temp": 36.2,
        "ndvi": 0.26,
        "heat_category": "Alta (Ilha de Calor Severa)",
        "vulnerability_score": 4,
        "vulnerability_desc": "Alta a Muito Alta",
        "year": 2024,
        "city": "Araraquara",
        "ibge_code": 3503208
      }
    },
    {
      "type": "Feature",
      "geometry": {
        "type": "Polygon",
        "coordinates": [
          [
            [
              -48.159999999999975,
              -21.754000000000012
            ],
            [
              -48.15199999999997,
              -21.754000000000012
            ],
            [
              -48.15199999999997,
              -21.746000000000013
            ],
            [
              -48.159999999999975,
              -21.746000000000013
            ],
            [
              -48.159999999999975,
              -21.754000000000012
            ]
          ]
        ]
      },
      "properties": {
        "grid_id": "GRID-227",
        "surface_temp": 36.3,
        "ndvi": 0.26,
        "heat_category": "Alta (Ilha de Calor Severa)",
        "vulnerability_score": 5,
        "vulnerability_desc": "Alta a Muito Alta",
        "year": 2024,
        "city": "Araraquara",
        "ibge_code": 3503208
      }
    },
    {
      "type": "Feature",
      "geometry": {
        "type": "Polygon",
        "coordinates": [
          [
            [
              -48.15199999999997,
              -21.754000000000012
            ],
            [
              -48.14399999999997,
              -21.754000000000012
            ],
            [
              -48.14399999999997,
              -21.746000000000013
            ],
            [
              -48.15199999999997,
              -21.746000000000013
            ],
            [
              -48.15199999999997,
              -21.754000000000012
            ]
          ]
        ]
      },
      "properties": {
        "grid_id": "GRID-228",
        "surface_temp": 36.3,
        "ndvi": 0.26,
        "heat_category": "Alta (Ilha de Calor Severa)",
        "vulnerability_score": 4,
        "vulnerability_desc": "Alta a Muito Alta",
        "year": 2024,
        "city": "Araraquara",
        "ibge_code": 3503208
      }
    },
    {
      "type": "Feature",
      "geometry": {
        "type": "Polygon",
        "coordinates": [
          [
            [
              -48.14399999999997,
              -21.754000000000012
            ],
            [
              -48.13599999999997,
              -21.754000000000012
            ],
            [
              -48.13599999999997,
              -21.746000000000013
            ],
            [
              -48.14399999999997,
              -21.746000000000013
            ],
            [
              -48.14399999999997,
              -21.754000000000012
            ]
          ]
        ]
      },
      "properties": {
        "grid_id": "GRID-229",
        "surface_temp": 36.1,
        "ndvi": 0.27,
        "heat_category": "Alta (Ilha de Calor Severa)",
        "vulnerability_score": 5,
        "vulnerability_desc": "Alta a Muito Alta",
        "year": 2024,
        "city": "Araraquara",
        "ibge_code": 3503208
      }
    },
    {
      "type": "Feature",
      "geometry": {
        "type": "Polygon",
        "coordinates": [
          [
            [
              -48.13599999999997,
              -21.754000000000012
            ],
            [
              -48.127999999999965,
              -21.754000000000012
            ],
            [
              -48.127999999999965,
              -21.746000000000013
            ],
            [
              -48.13599999999997,
              -21.746000000000013
            ],
            [
              -48.13599999999997,
              -21.754000000000012
            ]
          ]
        ]
      },
      "properties": {
        "grid_id": "GRID-230",
        "surface_temp": 35.8,
        "ndvi": 0.28,
        "heat_category": "Alta (Ilha de Calor Severa)",
        "vulnerability_score": 4,
        "vulnerability_desc": "Alta a Muito Alta",
        "year": 2024,
        "city": "Araraquara",
        "ibge_code": 3503208
      }
    },
    {
      "type": "Feature",
      "geometry": {
        "type": "Polygon",
        "coordinates": [
          [
            [
              -48.127999999999965,
              -21.754000000000012
            ],
            [
              -48.11999999999996,
              -21.754000000000012
            ],
            [
              -48.11999999999996,
              -21.746000000000013
            ],
            [
              -48.127999999999965,
              -21.746000000000013
            ],
            [
              -48.127999999999965,
              -21.754000000000012
            ]
          ]
        ]
      },
      "properties": {
        "grid_id": "GRID-231",
        "surface_temp": 35.3,
        "ndvi": 0.31,
        "heat_category": "Alta (Ilha de Calor Severa)",
        "vulnerability_score": 5,
        "vulnerability_desc": "Alta a Muito Alta",
        "year": 2024,
        "city": "Araraquara",
        "ibge_code": 3503208
      }
    },
    {
      "type": "Feature",
      "geometry": {
        "type": "Polygon",
        "coordinates": [
          [
            [
              -48.11999999999996,
              -21.754000000000012
            ],
            [
              -48.11199999999996,
              -21.754000000000012
            ],
            [
              -48.11199999999996,
              -21.746000000000013
            ],
            [
              -48.11999999999996,
              -21.746000000000013
            ],
            [
              -48.11999999999996,
              -21.754000000000012
            ]
          ]
        ]
      },
      "properties": {
        "grid_id": "GRID-232",
        "surface_temp": 34.9,
        "ndvi": 0.33,
        "heat_category": "Alta (Ilha de Calor Severa)",
        "vulnerability_score": 4,
        "vulnerability_desc": "Alta a Muito Alta",
        "year": 2024,
        "city": "Araraquara",
        "ibge_code": 3503208
      }
    },
    {
      "type": "Feature",
      "geometry": {
        "type": "Polygon",
        "coordinates": [
          [
            [
              -48.11199999999996,
              -21.754000000000012
            ],
            [
              -48.10399999999996,
              -21.754000000000012
            ],
            [
              -48.10399999999996,
              -21.746000000000013
            ],
            [
              -48.11199999999996,
              -21.746000000000013
            ],
            [
              -48.11199999999996,
              -21.754000000000012
            ]
          ]
        ]
      },
      "properties": {
        "grid_id": "GRID-233",
        "surface_temp": 34.3,
        "ndvi": 0.36,
        "heat_category": "Moderada a Alta",
        "vulnerability_score": 5,
        "vulnerability_desc": "Alta a Muito Alta",
        "year": 2024,
        "city": "Araraquara",
        "ibge_code": 3503208
      }
    },
    {
      "type": "Feature",
      "geometry": {
        "type": "Polygon",
        "coordinates": [
          [
            [
              -48.10399999999996,
              -21.754000000000012
            ],
            [
              -48.095999999999954,
              -21.754000000000012
            ],
            [
              -48.095999999999954,
              -21.746000000000013
            ],
            [
              -48.10399999999996,
              -21.746000000000013
            ],
            [
              -48.10399999999996,
              -21.754000000000012
            ]
          ]
        ]
      },
      "properties": {
        "grid_id": "GRID-234",
        "surface_temp": 33.5,
        "ndvi": 0.39,
        "heat_category": "Moderada a Alta",
        "vulnerability_score": 3,
        "vulnerability_desc": "Média",
        "year": 2024,
        "city": "Araraquara",
        "ibge_code": 3503208
      }
    },
    {
      "type": "Feature",
      "geometry": {
        "type": "Polygon",
        "coordinates": [
          [
            [
              -48.24,
              -21.746000000000013
            ],
            [
              -48.232,
              -21.746000000000013
            ],
            [
              -48.232,
              -21.738000000000014
            ],
            [
              -48.24,
              -21.738000000000014
            ],
            [
              -48.24,
              -21.746000000000013
            ]
          ]
        ]
      },
      "properties": {
        "grid_id": "GRID-235",
        "surface_temp": 31.7,
        "ndvi": 0.48,
        "heat_category": "Moderada a Alta",
        "vulnerability_score": 3,
        "vulnerability_desc": "Média",
        "year": 2024,
        "city": "Araraquara",
        "ibge_code": 3503208
      }
    },
    {
      "type": "Feature",
      "geometry": {
        "type": "Polygon",
        "coordinates": [
          [
            [
              -48.232,
              -21.746000000000013
            ],
            [
              -48.224,
              -21.746000000000013
            ],
            [
              -48.224,
              -21.738000000000014
            ],
            [
              -48.232,
              -21.738000000000014
            ],
            [
              -48.232,
              -21.746000000000013
            ]
          ]
        ]
      },
      "properties": {
        "grid_id": "GRID-236",
        "surface_temp": 32.3,
        "ndvi": 0.45,
        "heat_category": "Moderada a Alta",
        "vulnerability_score": 3,
        "vulnerability_desc": "Média",
        "year": 2024,
        "city": "Araraquara",
        "ibge_code": 3503208
      }
    },
    {
      "type": "Feature",
      "geometry": {
        "type": "Polygon",
        "coordinates": [
          [
            [
              -48.224,
              -21.746000000000013
            ],
            [
              -48.215999999999994,
              -21.746000000000013
            ],
            [
              -48.215999999999994,
              -21.738000000000014
            ],
            [
              -48.224,
              -21.738000000000014
            ],
            [
              -48.224,
              -21.746000000000013
            ]
          ]
        ]
      },
      "properties": {
        "grid_id": "GRID-237",
        "surface_temp": 32.8,
        "ndvi": 0.43,
        "heat_category": "Moderada a Alta",
        "vulnerability_score": 3,
        "vulnerability_desc": "Média",
        "year": 2024,
        "city": "Araraquara",
        "ibge_code": 3503208
      }
    },
    {
      "type": "Feature",
      "geometry": {
        "type": "Polygon",
        "coordinates": [
          [
            [
              -48.215999999999994,
              -21.746000000000013
            ],
            [
              -48.20799999999999,
              -21.746000000000013
            ],
            [
              -48.20799999999999,
              -21.738000000000014
            ],
            [
              -48.215999999999994,
              -21.738000000000014
            ],
            [
              -48.215999999999994,
              -21.746000000000013
            ]
          ]
        ]
      },
      "properties": {
        "grid_id": "GRID-238",
        "surface_temp": 33.4,
        "ndvi": 0.4,
        "heat_category": "Moderada a Alta",
        "vulnerability_score": 3,
        "vulnerability_desc": "Média",
        "year": 2024,
        "city": "Araraquara",
        "ibge_code": 3503208
      }
    },
    {
      "type": "Feature",
      "geometry": {
        "type": "Polygon",
        "coordinates": [
          [
            [
              -48.20799999999999,
              -21.746000000000013
            ],
            [
              -48.19999999999999,
              -21.746000000000013
            ],
            [
              -48.19999999999999,
              -21.738000000000014
            ],
            [
              -48.20799999999999,
              -21.738000000000014
            ],
            [
              -48.20799999999999,
              -21.746000000000013
            ]
          ]
        ]
      },
      "properties": {
        "grid_id": "GRID-239",
        "surface_temp": 34.0,
        "ndvi": 0.37,
        "heat_category": "Moderada a Alta",
        "vulnerability_score": 3,
        "vulnerability_desc": "Média",
        "year": 2024,
        "city": "Araraquara",
        "ibge_code": 3503208
      }
    },
    {
      "type": "Feature",
      "geometry": {
        "type": "Polygon",
        "coordinates": [
          [
            [
              -48.19999999999999,
              -21.746000000000013
            ],
            [
              -48.191999999999986,
              -21.746000000000013
            ],
            [
              -48.191999999999986,
              -21.738000000000014
            ],
            [
              -48.19999999999999,
              -21.738000000000014
            ],
            [
              -48.19999999999999,
              -21.746000000000013
            ]
          ]
        ]
      },
      "properties": {
        "grid_id": "GRID-240",
        "surface_temp": 34.5,
        "ndvi": 0.35,
        "heat_category": "Alta (Ilha de Calor Severa)",
        "vulnerability_score": 4,
        "vulnerability_desc": "Alta a Muito Alta",
        "year": 2024,
        "city": "Araraquara",
        "ibge_code": 3503208
      }
    },
    {
      "type": "Feature",
      "geometry": {
        "type": "Polygon",
        "coordinates": [
          [
            [
              -48.191999999999986,
              -21.746000000000013
            ],
            [
              -48.18399999999998,
              -21.746000000000013
            ],
            [
              -48.18399999999998,
              -21.738000000000014
            ],
            [
              -48.191999999999986,
              -21.738000000000014
            ],
            [
              -48.191999999999986,
              -21.746000000000013
            ]
          ]
        ]
      },
      "properties": {
        "grid_id": "GRID-241",
        "surface_temp": 35.0,
        "ndvi": 0.32,
        "heat_category": "Alta (Ilha de Calor Severa)",
        "vulnerability_score": 5,
        "vulnerability_desc": "Alta a Muito Alta",
        "year": 2024,
        "city": "Araraquara",
        "ibge_code": 3503208
      }
    },
    {
      "type": "Feature",
      "geometry": {
        "type": "Polygon",
        "coordinates": [
          [
            [
              -48.18399999999998,
              -21.746000000000013
            ],
            [
              -48.17599999999998,
              -21.746000000000013
            ],
            [
              -48.17599999999998,
              -21.738000000000014
            ],
            [
              -48.18399999999998,
              -21.738000000000014
            ],
            [
              -48.18399999999998,
              -21.746000000000013
            ]
          ]
        ]
      },
      "properties": {
        "grid_id": "GRID-242",
        "surface_temp": 35.5,
        "ndvi": 0.3,
        "heat_category": "Alta (Ilha de Calor Severa)",
        "vulnerability_score": 4,
        "vulnerability_desc": "Alta a Muito Alta",
        "year": 2024,
        "city": "Araraquara",
        "ibge_code": 3503208
      }
    },
    {
      "type": "Feature",
      "geometry": {
        "type": "Polygon",
        "coordinates": [
          [
            [
              -48.17599999999998,
              -21.746000000000013
            ],
            [
              -48.16799999999998,
              -21.746000000000013
            ],
            [
              -48.16799999999998,
              -21.738000000000014
            ],
            [
              -48.17599999999998,
              -21.738000000000014
            ],
            [
              -48.17599999999998,
              -21.746000000000013
            ]
          ]
        ]
      },
      "properties": {
        "grid_id": "GRID-243",
        "surface_temp": 35.9,
        "ndvi": 0.28,
        "heat_category": "Alta (Ilha de Calor Severa)",
        "vulnerability_score": 5,
        "vulnerability_desc": "Alta a Muito Alta",
        "year": 2024,
        "city": "Araraquara",
        "ibge_code": 3503208
      }
    },
    {
      "type": "Feature",
      "geometry": {
        "type": "Polygon",
        "coordinates": [
          [
            [
              -48.16799999999998,
              -21.746000000000013
            ],
            [
              -48.159999999999975,
              -21.746000000000013
            ],
            [
              -48.159999999999975,
              -21.738000000000014
            ],
            [
              -48.16799999999998,
              -21.738000000000014
            ],
            [
              -48.16799999999998,
              -21.746000000000013
            ]
          ]
        ]
      },
      "properties": {
        "grid_id": "GRID-244",
        "surface_temp": 36.3,
        "ndvi": 0.26,
        "heat_category": "Alta (Ilha de Calor Severa)",
        "vulnerability_score": 4,
        "vulnerability_desc": "Alta a Muito Alta",
        "year": 2024,
        "city": "Araraquara",
        "ibge_code": 3503208
      }
    },
    {
      "type": "Feature",
      "geometry": {
        "type": "Polygon",
        "coordinates": [
          [
            [
              -48.159999999999975,
              -21.746000000000013
            ],
            [
              -48.15199999999997,
              -21.746000000000013
            ],
            [
              -48.15199999999997,
              -21.738000000000014
            ],
            [
              -48.159999999999975,
              -21.738000000000014
            ],
            [
              -48.159999999999975,
              -21.746000000000013
            ]
          ]
        ]
      },
      "properties": {
        "grid_id": "GRID-245",
        "surface_temp": 36.5,
        "ndvi": 0.25,
        "heat_category": "Alta (Ilha de Calor Severa)",
        "vulnerability_score": 5,
        "vulnerability_desc": "Alta a Muito Alta",
        "year": 2024,
        "city": "Araraquara",
        "ibge_code": 3503208
      }
    },
    {
      "type": "Feature",
      "geometry": {
        "type": "Polygon",
        "coordinates": [
          [
            [
              -48.15199999999997,
              -21.746000000000013
            ],
            [
              -48.14399999999997,
              -21.746000000000013
            ],
            [
              -48.14399999999997,
              -21.738000000000014
            ],
            [
              -48.15199999999997,
              -21.738000000000014
            ],
            [
              -48.15199999999997,
              -21.746000000000013
            ]
          ]
        ]
      },
      "properties": {
        "grid_id": "GRID-246",
        "surface_temp": 36.5,
        "ndvi": 0.25,
        "heat_category": "Alta (Ilha de Calor Severa)",
        "vulnerability_score": 4,
        "vulnerability_desc": "Alta a Muito Alta",
        "year": 2024,
        "city": "Araraquara",
        "ibge_code": 3503208
      }
    },
    {
      "type": "Feature",
      "geometry": {
        "type": "Polygon",
        "coordinates": [
          [
            [
              -48.14399999999997,
              -21.746000000000013
            ],
            [
              -48.13599999999997,
              -21.746000000000013
            ],
            [
              -48.13599999999997,
              -21.738000000000014
            ],
            [
              -48.14399999999997,
              -21.738000000000014
            ],
            [
              -48.14399999999997,
              -21.746000000000013
            ]
          ]
        ]
      },
      "properties": {
        "grid_id": "GRID-247",
        "surface_temp": 36.3,
        "ndvi": 0.26,
        "heat_category": "Alta (Ilha de Calor Severa)",
        "vulnerability_score": 5,
        "vulnerability_desc": "Alta a Muito Alta",
        "year": 2024,
        "city": "Araraquara",
        "ibge_code": 3503208
      }
    },
    {
      "type": "Feature",
      "geometry": {
        "type": "Polygon",
        "coordinates": [
          [
            [
              -48.13599999999997,
              -21.746000000000013
            ],
            [
              -48.127999999999965,
              -21.746000000000013
            ],
            [
              -48.127999999999965,
              -21.738000000000014
            ],
            [
              -48.13599999999997,
              -21.738000000000014
            ],
            [
              -48.13599999999997,
              -21.746000000000013
            ]
          ]
        ]
      },
      "properties": {
        "grid_id": "GRID-248",
        "surface_temp": 35.9,
        "ndvi": 0.28,
        "heat_category": "Alta (Ilha de Calor Severa)",
        "vulnerability_score": 4,
        "vulnerability_desc": "Alta a Muito Alta",
        "year": 2024,
        "city": "Araraquara",
        "ibge_code": 3503208
      }
    },
    {
      "type": "Feature",
      "geometry": {
        "type": "Polygon",
        "coordinates": [
          [
            [
              -48.127999999999965,
              -21.746000000000013
            ],
            [
              -48.11999999999996,
              -21.746000000000013
            ],
            [
              -48.11999999999996,
              -21.738000000000014
            ],
            [
              -48.127999999999965,
              -21.738000000000014
            ],
            [
              -48.127999999999965,
              -21.746000000000013
            ]
          ]
        ]
      },
      "properties": {
        "grid_id": "GRID-249",
        "surface_temp": 35.4,
        "ndvi": 0.3,
        "heat_category": "Alta (Ilha de Calor Severa)",
        "vulnerability_score": 5,
        "vulnerability_desc": "Alta a Muito Alta",
        "year": 2024,
        "city": "Araraquara",
        "ibge_code": 3503208
      }
    },
    {
      "type": "Feature",
      "geometry": {
        "type": "Polygon",
        "coordinates": [
          [
            [
              -48.11999999999996,
              -21.746000000000013
            ],
            [
              -48.11199999999996,
              -21.746000000000013
            ],
            [
              -48.11199999999996,
              -21.738000000000014
            ],
            [
              -48.11999999999996,
              -21.738000000000014
            ],
            [
              -48.11999999999996,
              -21.746000000000013
            ]
          ]
        ]
      },
      "properties": {
        "grid_id": "GRID-250",
        "surface_temp": 34.9,
        "ndvi": 0.33,
        "heat_category": "Alta (Ilha de Calor Severa)",
        "vulnerability_score": 4,
        "vulnerability_desc": "Alta a Muito Alta",
        "year": 2024,
        "city": "Araraquara",
        "ibge_code": 3503208
      }
    },
    {
      "type": "Feature",
      "geometry": {
        "type": "Polygon",
        "coordinates": [
          [
            [
              -48.11199999999996,
              -21.746000000000013
            ],
            [
              -48.10399999999996,
              -21.746000000000013
            ],
            [
              -48.10399999999996,
              -21.738000000000014
            ],
            [
              -48.11199999999996,
              -21.738000000000014
            ],
            [
              -48.11199999999996,
              -21.746000000000013
            ]
          ]
        ]
      },
      "properties": {
        "grid_id": "GRID-251",
        "surface_temp": 34.2,
        "ndvi": 0.36,
        "heat_category": "Moderada a Alta",
        "vulnerability_score": 5,
        "vulnerability_desc": "Alta a Muito Alta",
        "year": 2024,
        "city": "Araraquara",
        "ibge_code": 3503208
      }
    },
    {
      "type": "Feature",
      "geometry": {
        "type": "Polygon",
        "coordinates": [
          [
            [
              -48.10399999999996,
              -21.746000000000013
            ],
            [
              -48.095999999999954,
              -21.746000000000013
            ],
            [
              -48.095999999999954,
              -21.738000000000014
            ],
            [
              -48.10399999999996,
              -21.738000000000014
            ],
            [
              -48.10399999999996,
              -21.746000000000013
            ]
          ]
        ]
      },
      "properties": {
        "grid_id": "GRID-252",
        "surface_temp": 33.4,
        "ndvi": 0.4,
        "heat_category": "Moderada a Alta",
        "vulnerability_score": 3,
        "vulnerability_desc": "Média",
        "year": 2024,
        "city": "Araraquara",
        "ibge_code": 3503208
      }
    },
    {
      "type": "Feature",
      "geometry": {
        "type": "Polygon",
        "coordinates": [
          [
            [
              -48.24,
              -21.738000000000014
            ],
            [
              -48.232,
              -21.738000000000014
            ],
            [
              -48.232,
              -21.730000000000015
            ],
            [
              -48.24,
              -21.730000000000015
            ],
            [
              -48.24,
              -21.738000000000014
            ]
          ]
        ]
      },
      "properties": {
        "grid_id": "GRID-253",
        "surface_temp": 31.7,
        "ndvi": 0.48,
        "heat_category": "Moderada a Alta",
        "vulnerability_score": 3,
        "vulnerability_desc": "Média",
        "year": 2024,
        "city": "Araraquara",
        "ibge_code": 3503208
      }
    },
    {
      "type": "Feature",
      "geometry": {
        "type": "Polygon",
        "coordinates": [
          [
            [
              -48.232,
              -21.738000000000014
            ],
            [
              -48.224,
              -21.738000000000014
            ],
            [
              -48.224,
              -21.730000000000015
            ],
            [
              -48.232,
              -21.730000000000015
            ],
            [
              -48.232,
              -21.738000000000014
            ]
          ]
        ]
      },
      "properties": {
        "grid_id": "GRID-254",
        "surface_temp": 32.2,
        "ndvi": 0.46,
        "heat_category": "Moderada a Alta",
        "vulnerability_score": 3,
        "vulnerability_desc": "Média",
        "year": 2024,
        "city": "Araraquara",
        "ibge_code": 3503208
      }
    },
    {
      "type": "Feature",
      "geometry": {
        "type": "Polygon",
        "coordinates": [
          [
            [
              -48.224,
              -21.738000000000014
            ],
            [
              -48.215999999999994,
              -21.738000000000014
            ],
            [
              -48.215999999999994,
              -21.730000000000015
            ],
            [
              -48.224,
              -21.730000000000015
            ],
            [
              -48.224,
              -21.738000000000014
            ]
          ]
        ]
      },
      "properties": {
        "grid_id": "GRID-255",
        "surface_temp": 32.8,
        "ndvi": 0.43,
        "heat_category": "Moderada a Alta",
        "vulnerability_score": 3,
        "vulnerability_desc": "Média",
        "year": 2024,
        "city": "Araraquara",
        "ibge_code": 3503208
      }
    },
    {
      "type": "Feature",
      "geometry": {
        "type": "Polygon",
        "coordinates": [
          [
            [
              -48.215999999999994,
              -21.738000000000014
            ],
            [
              -48.20799999999999,
              -21.738000000000014
            ],
            [
              -48.20799999999999,
              -21.730000000000015
            ],
            [
              -48.215999999999994,
              -21.730000000000015
            ],
            [
              -48.215999999999994,
              -21.738000000000014
            ]
          ]
        ]
      },
      "properties": {
        "grid_id": "GRID-256",
        "surface_temp": 33.4,
        "ndvi": 0.4,
        "heat_category": "Moderada a Alta",
        "vulnerability_score": 3,
        "vulnerability_desc": "Média",
        "year": 2024,
        "city": "Araraquara",
        "ibge_code": 3503208
      }
    },
    {
      "type": "Feature",
      "geometry": {
        "type": "Polygon",
        "coordinates": [
          [
            [
              -48.20799999999999,
              -21.738000000000014
            ],
            [
              -48.19999999999999,
              -21.738000000000014
            ],
            [
              -48.19999999999999,
              -21.730000000000015
            ],
            [
              -48.20799999999999,
              -21.730000000000015
            ],
            [
              -48.20799999999999,
              -21.738000000000014
            ]
          ]
        ]
      },
      "properties": {
        "grid_id": "GRID-257",
        "surface_temp": 33.9,
        "ndvi": 0.37,
        "heat_category": "Moderada a Alta",
        "vulnerability_score": 3,
        "vulnerability_desc": "Média",
        "year": 2024,
        "city": "Araraquara",
        "ibge_code": 3503208
      }
    },
    {
      "type": "Feature",
      "geometry": {
        "type": "Polygon",
        "coordinates": [
          [
            [
              -48.19999999999999,
              -21.738000000000014
            ],
            [
              -48.191999999999986,
              -21.738000000000014
            ],
            [
              -48.191999999999986,
              -21.730000000000015
            ],
            [
              -48.19999999999999,
              -21.730000000000015
            ],
            [
              -48.19999999999999,
              -21.738000000000014
            ]
          ]
        ]
      },
      "properties": {
        "grid_id": "GRID-258",
        "surface_temp": 34.4,
        "ndvi": 0.35,
        "heat_category": "Moderada a Alta",
        "vulnerability_score": 4,
        "vulnerability_desc": "Alta a Muito Alta",
        "year": 2024,
        "city": "Araraquara",
        "ibge_code": 3503208
      }
    },
    {
      "type": "Feature",
      "geometry": {
        "type": "Polygon",
        "coordinates": [
          [
            [
              -48.191999999999986,
              -21.738000000000014
            ],
            [
              -48.18399999999998,
              -21.738000000000014
            ],
            [
              -48.18399999999998,
              -21.730000000000015
            ],
            [
              -48.191999999999986,
              -21.730000000000015
            ],
            [
              -48.191999999999986,
              -21.738000000000014
            ]
          ]
        ]
      },
      "properties": {
        "grid_id": "GRID-259",
        "surface_temp": 35.0,
        "ndvi": 0.32,
        "heat_category": "Alta (Ilha de Calor Severa)",
        "vulnerability_score": 5,
        "vulnerability_desc": "Alta a Muito Alta",
        "year": 2024,
        "city": "Araraquara",
        "ibge_code": 3503208
      }
    },
    {
      "type": "Feature",
      "geometry": {
        "type": "Polygon",
        "coordinates": [
          [
            [
              -48.18399999999998,
              -21.738000000000014
            ],
            [
              -48.17599999999998,
              -21.738000000000014
            ],
            [
              -48.17599999999998,
              -21.730000000000015
            ],
            [
              -48.18399999999998,
              -21.730000000000015
            ],
            [
              -48.18399999999998,
              -21.738000000000014
            ]
          ]
        ]
      },
      "properties": {
        "grid_id": "GRID-260",
        "surface_temp": 35.4,
        "ndvi": 0.3,
        "heat_category": "Alta (Ilha de Calor Severa)",
        "vulnerability_score": 4,
        "vulnerability_desc": "Alta a Muito Alta",
        "year": 2024,
        "city": "Araraquara",
        "ibge_code": 3503208
      }
    },
    {
      "type": "Feature",
      "geometry": {
        "type": "Polygon",
        "coordinates": [
          [
            [
              -48.17599999999998,
              -21.738000000000014
            ],
            [
              -48.16799999999998,
              -21.738000000000014
            ],
            [
              -48.16799999999998,
              -21.730000000000015
            ],
            [
              -48.17599999999998,
              -21.730000000000015
            ],
            [
              -48.17599999999998,
              -21.738000000000014
            ]
          ]
        ]
      },
      "properties": {
        "grid_id": "GRID-261",
        "surface_temp": 35.9,
        "ndvi": 0.28,
        "heat_category": "Alta (Ilha de Calor Severa)",
        "vulnerability_score": 5,
        "vulnerability_desc": "Alta a Muito Alta",
        "year": 2024,
        "city": "Araraquara",
        "ibge_code": 3503208
      }
    },
    {
      "type": "Feature",
      "geometry": {
        "type": "Polygon",
        "coordinates": [
          [
            [
              -48.16799999999998,
              -21.738000000000014
            ],
            [
              -48.159999999999975,
              -21.738000000000014
            ],
            [
              -48.159999999999975,
              -21.730000000000015
            ],
            [
              -48.16799999999998,
              -21.730000000000015
            ],
            [
              -48.16799999999998,
              -21.738000000000014
            ]
          ]
        ]
      },
      "properties": {
        "grid_id": "GRID-262",
        "surface_temp": 36.3,
        "ndvi": 0.26,
        "heat_category": "Alta (Ilha de Calor Severa)",
        "vulnerability_score": 4,
        "vulnerability_desc": "Alta a Muito Alta",
        "year": 2024,
        "city": "Araraquara",
        "ibge_code": 3503208
      }
    },
    {
      "type": "Feature",
      "geometry": {
        "type": "Polygon",
        "coordinates": [
          [
            [
              -48.159999999999975,
              -21.738000000000014
            ],
            [
              -48.15199999999997,
              -21.738000000000014
            ],
            [
              -48.15199999999997,
              -21.730000000000015
            ],
            [
              -48.159999999999975,
              -21.730000000000015
            ],
            [
              -48.159999999999975,
              -21.738000000000014
            ]
          ]
        ]
      },
      "properties": {
        "grid_id": "GRID-263",
        "surface_temp": 36.7,
        "ndvi": 0.24,
        "heat_category": "Alta (Ilha de Calor Severa)",
        "vulnerability_score": 5,
        "vulnerability_desc": "Alta a Muito Alta",
        "year": 2024,
        "city": "Araraquara",
        "ibge_code": 3503208
      }
    },
    {
      "type": "Feature",
      "geometry": {
        "type": "Polygon",
        "coordinates": [
          [
            [
              -48.15199999999997,
              -21.738000000000014
            ],
            [
              -48.14399999999997,
              -21.738000000000014
            ],
            [
              -48.14399999999997,
              -21.730000000000015
            ],
            [
              -48.15199999999997,
              -21.730000000000015
            ],
            [
              -48.15199999999997,
              -21.738000000000014
            ]
          ]
        ]
      },
      "properties": {
        "grid_id": "GRID-264",
        "surface_temp": 36.8,
        "ndvi": 0.24,
        "heat_category": "Alta (Ilha de Calor Severa)",
        "vulnerability_score": 4,
        "vulnerability_desc": "Alta a Muito Alta",
        "year": 2024,
        "city": "Araraquara",
        "ibge_code": 3503208
      }
    },
    {
      "type": "Feature",
      "geometry": {
        "type": "Polygon",
        "coordinates": [
          [
            [
              -48.14399999999997,
              -21.738000000000014
            ],
            [
              -48.13599999999997,
              -21.738000000000014
            ],
            [
              -48.13599999999997,
              -21.730000000000015
            ],
            [
              -48.14399999999997,
              -21.730000000000015
            ],
            [
              -48.14399999999997,
              -21.738000000000014
            ]
          ]
        ]
      },
      "properties": {
        "grid_id": "GRID-265",
        "surface_temp": 36.4,
        "ndvi": 0.25,
        "heat_category": "Alta (Ilha de Calor Severa)",
        "vulnerability_score": 5,
        "vulnerability_desc": "Alta a Muito Alta",
        "year": 2024,
        "city": "Araraquara",
        "ibge_code": 3503208
      }
    },
    {
      "type": "Feature",
      "geometry": {
        "type": "Polygon",
        "coordinates": [
          [
            [
              -48.13599999999997,
              -21.738000000000014
            ],
            [
              -48.127999999999965,
              -21.738000000000014
            ],
            [
              -48.127999999999965,
              -21.730000000000015
            ],
            [
              -48.13599999999997,
              -21.730000000000015
            ],
            [
              -48.13599999999997,
              -21.738000000000014
            ]
          ]
        ]
      },
      "properties": {
        "grid_id": "GRID-266",
        "surface_temp": 35.9,
        "ndvi": 0.28,
        "heat_category": "Alta (Ilha de Calor Severa)",
        "vulnerability_score": 4,
        "vulnerability_desc": "Alta a Muito Alta",
        "year": 2024,
        "city": "Araraquara",
        "ibge_code": 3503208
      }
    },
    {
      "type": "Feature",
      "geometry": {
        "type": "Polygon",
        "coordinates": [
          [
            [
              -48.127999999999965,
              -21.738000000000014
            ],
            [
              -48.11999999999996,
              -21.738000000000014
            ],
            [
              -48.11999999999996,
              -21.730000000000015
            ],
            [
              -48.127999999999965,
              -21.730000000000015
            ],
            [
              -48.127999999999965,
              -21.738000000000014
            ]
          ]
        ]
      },
      "properties": {
        "grid_id": "GRID-267",
        "surface_temp": 35.4,
        "ndvi": 0.3,
        "heat_category": "Alta (Ilha de Calor Severa)",
        "vulnerability_score": 5,
        "vulnerability_desc": "Alta a Muito Alta",
        "year": 2024,
        "city": "Araraquara",
        "ibge_code": 3503208
      }
    },
    {
      "type": "Feature",
      "geometry": {
        "type": "Polygon",
        "coordinates": [
          [
            [
              -48.11999999999996,
              -21.738000000000014
            ],
            [
              -48.11199999999996,
              -21.738000000000014
            ],
            [
              -48.11199999999996,
              -21.730000000000015
            ],
            [
              -48.11999999999996,
              -21.730000000000015
            ],
            [
              -48.11999999999996,
              -21.738000000000014
            ]
          ]
        ]
      },
      "properties": {
        "grid_id": "GRID-268",
        "surface_temp": 34.7,
        "ndvi": 0.34,
        "heat_category": "Alta (Ilha de Calor Severa)",
        "vulnerability_score": 4,
        "vulnerability_desc": "Alta a Muito Alta",
        "year": 2024,
        "city": "Araraquara",
        "ibge_code": 3503208
      }
    },
    {
      "type": "Feature",
      "geometry": {
        "type": "Polygon",
        "coordinates": [
          [
            [
              -48.11199999999996,
              -21.738000000000014
            ],
            [
              -48.10399999999996,
              -21.738000000000014
            ],
            [
              -48.10399999999996,
              -21.730000000000015
            ],
            [
              -48.11199999999996,
              -21.730000000000015
            ],
            [
              -48.11199999999996,
              -21.738000000000014
            ]
          ]
        ]
      },
      "properties": {
        "grid_id": "GRID-269",
        "surface_temp": 33.9,
        "ndvi": 0.37,
        "heat_category": "Moderada a Alta",
        "vulnerability_score": 5,
        "vulnerability_desc": "Alta a Muito Alta",
        "year": 2024,
        "city": "Araraquara",
        "ibge_code": 3503208
      }
    },
    {
      "type": "Feature",
      "geometry": {
        "type": "Polygon",
        "coordinates": [
          [
            [
              -48.10399999999996,
              -21.738000000000014
            ],
            [
              -48.095999999999954,
              -21.738000000000014
            ],
            [
              -48.095999999999954,
              -21.730000000000015
            ],
            [
              -48.10399999999996,
              -21.730000000000015
            ],
            [
              -48.10399999999996,
              -21.738000000000014
            ]
          ]
        ]
      },
      "properties": {
        "grid_id": "GRID-270",
        "surface_temp": 33.2,
        "ndvi": 0.41,
        "heat_category": "Moderada a Alta",
        "vulnerability_score": 3,
        "vulnerability_desc": "Média",
        "year": 2024,
        "city": "Araraquara",
        "ibge_code": 3503208
      }
    },
    {
      "type": "Feature",
      "geometry": {
        "type": "Polygon",
        "coordinates": [
          [
            [
              -48.24,
              -21.730000000000015
            ],
            [
              -48.232,
              -21.730000000000015
            ],
            [
              -48.232,
              -21.722000000000016
            ],
            [
              -48.24,
              -21.722000000000016
            ],
            [
              -48.24,
              -21.730000000000015
            ]
          ]
        ]
      },
      "properties": {
        "grid_id": "GRID-271",
        "surface_temp": 31.6,
        "ndvi": 0.49,
        "heat_category": "Moderada a Alta",
        "vulnerability_score": 3,
        "vulnerability_desc": "Média",
        "year": 2024,
        "city": "Araraquara",
        "ibge_code": 3503208
      }
    },
    {
      "type": "Feature",
      "geometry": {
        "type": "Polygon",
        "coordinates": [
          [
            [
              -48.232,
              -21.730000000000015
            ],
            [
              -48.224,
              -21.730000000000015
            ],
            [
              -48.224,
              -21.722000000000016
            ],
            [
              -48.232,
              -21.722000000000016
            ],
            [
              -48.232,
              -21.730000000000015
            ]
          ]
        ]
      },
      "properties": {
        "grid_id": "GRID-272",
        "surface_temp": 32.1,
        "ndvi": 0.46,
        "heat_category": "Moderada a Alta",
        "vulnerability_score": 3,
        "vulnerability_desc": "Média",
        "year": 2024,
        "city": "Araraquara",
        "ibge_code": 3503208
      }
    },
    {
      "type": "Feature",
      "geometry": {
        "type": "Polygon",
        "coordinates": [
          [
            [
              -48.224,
              -21.730000000000015
            ],
            [
              -48.215999999999994,
              -21.730000000000015
            ],
            [
              -48.215999999999994,
              -21.722000000000016
            ],
            [
              -48.224,
              -21.722000000000016
            ],
            [
              -48.224,
              -21.730000000000015
            ]
          ]
        ]
      },
      "properties": {
        "grid_id": "GRID-273",
        "surface_temp": 32.7,
        "ndvi": 0.43,
        "heat_category": "Moderada a Alta",
        "vulnerability_score": 3,
        "vulnerability_desc": "Média",
        "year": 2024,
        "city": "Araraquara",
        "ibge_code": 3503208
      }
    },
    {
      "type": "Feature",
      "geometry": {
        "type": "Polygon",
        "coordinates": [
          [
            [
              -48.215999999999994,
              -21.730000000000015
            ],
            [
              -48.20799999999999,
              -21.730000000000015
            ],
            [
              -48.20799999999999,
              -21.722000000000016
            ],
            [
              -48.215999999999994,
              -21.722000000000016
            ],
            [
              -48.215999999999994,
              -21.730000000000015
            ]
          ]
        ]
      },
      "properties": {
        "grid_id": "GRID-274",
        "surface_temp": 33.3,
        "ndvi": 0.4,
        "heat_category": "Moderada a Alta",
        "vulnerability_score": 3,
        "vulnerability_desc": "Média",
        "year": 2024,
        "city": "Araraquara",
        "ibge_code": 3503208
      }
    },
    {
      "type": "Feature",
      "geometry": {
        "type": "Polygon",
        "coordinates": [
          [
            [
              -48.20799999999999,
              -21.730000000000015
            ],
            [
              -48.19999999999999,
              -21.730000000000015
            ],
            [
              -48.19999999999999,
              -21.722000000000016
            ],
            [
              -48.20799999999999,
              -21.722000000000016
            ],
            [
              -48.20799999999999,
              -21.730000000000015
            ]
          ]
        ]
      },
      "properties": {
        "grid_id": "GRID-275",
        "surface_temp": 33.8,
        "ndvi": 0.38,
        "heat_category": "Moderada a Alta",
        "vulnerability_score": 3,
        "vulnerability_desc": "Média",
        "year": 2024,
        "city": "Araraquara",
        "ibge_code": 3503208
      }
    },
    {
      "type": "Feature",
      "geometry": {
        "type": "Polygon",
        "coordinates": [
          [
            [
              -48.19999999999999,
              -21.730000000000015
            ],
            [
              -48.191999999999986,
              -21.730000000000015
            ],
            [
              -48.191999999999986,
              -21.722000000000016
            ],
            [
              -48.19999999999999,
              -21.722000000000016
            ],
            [
              -48.19999999999999,
              -21.730000000000015
            ]
          ]
        ]
      },
      "properties": {
        "grid_id": "GRID-276",
        "surface_temp": 34.3,
        "ndvi": 0.36,
        "heat_category": "Moderada a Alta",
        "vulnerability_score": 4,
        "vulnerability_desc": "Alta a Muito Alta",
        "year": 2024,
        "city": "Araraquara",
        "ibge_code": 3503208
      }
    },
    {
      "type": "Feature",
      "geometry": {
        "type": "Polygon",
        "coordinates": [
          [
            [
              -48.191999999999986,
              -21.730000000000015
            ],
            [
              -48.18399999999998,
              -21.730000000000015
            ],
            [
              -48.18399999999998,
              -21.722000000000016
            ],
            [
              -48.191999999999986,
              -21.722000000000016
            ],
            [
              -48.191999999999986,
              -21.730000000000015
            ]
          ]
        ]
      },
      "properties": {
        "grid_id": "GRID-277",
        "surface_temp": 34.8,
        "ndvi": 0.33,
        "heat_category": "Alta (Ilha de Calor Severa)",
        "vulnerability_score": 5,
        "vulnerability_desc": "Alta a Muito Alta",
        "year": 2024,
        "city": "Araraquara",
        "ibge_code": 3503208
      }
    },
    {
      "type": "Feature",
      "geometry": {
        "type": "Polygon",
        "coordinates": [
          [
            [
              -48.18399999999998,
              -21.730000000000015
            ],
            [
              -48.17599999999998,
              -21.730000000000015
            ],
            [
              -48.17599999999998,
              -21.722000000000016
            ],
            [
              -48.18399999999998,
              -21.722000000000016
            ],
            [
              -48.18399999999998,
              -21.730000000000015
            ]
          ]
        ]
      },
      "properties": {
        "grid_id": "GRID-278",
        "surface_temp": 35.3,
        "ndvi": 0.31,
        "heat_category": "Alta (Ilha de Calor Severa)",
        "vulnerability_score": 4,
        "vulnerability_desc": "Alta a Muito Alta",
        "year": 2024,
        "city": "Araraquara",
        "ibge_code": 3503208
      }
    },
    {
      "type": "Feature",
      "geometry": {
        "type": "Polygon",
        "coordinates": [
          [
            [
              -48.17599999999998,
              -21.730000000000015
            ],
            [
              -48.16799999999998,
              -21.730000000000015
            ],
            [
              -48.16799999999998,
              -21.722000000000016
            ],
            [
              -48.17599999999998,
              -21.722000000000016
            ],
            [
              -48.17599999999998,
              -21.730000000000015
            ]
          ]
        ]
      },
      "properties": {
        "grid_id": "GRID-279",
        "surface_temp": 35.7,
        "ndvi": 0.29,
        "heat_category": "Alta (Ilha de Calor Severa)",
        "vulnerability_score": 5,
        "vulnerability_desc": "Alta a Muito Alta",
        "year": 2024,
        "city": "Araraquara",
        "ibge_code": 3503208
      }
    },
    {
      "type": "Feature",
      "geometry": {
        "type": "Polygon",
        "coordinates": [
          [
            [
              -48.16799999999998,
              -21.730000000000015
            ],
            [
              -48.159999999999975,
              -21.730000000000015
            ],
            [
              -48.159999999999975,
              -21.722000000000016
            ],
            [
              -48.16799999999998,
              -21.722000000000016
            ],
            [
              -48.16799999999998,
              -21.730000000000015
            ]
          ]
        ]
      },
      "properties": {
        "grid_id": "GRID-280",
        "surface_temp": 36.1,
        "ndvi": 0.27,
        "heat_category": "Alta (Ilha de Calor Severa)",
        "vulnerability_score": 4,
        "vulnerability_desc": "Alta a Muito Alta",
        "year": 2024,
        "city": "Araraquara",
        "ibge_code": 3503208
      }
    },
    {
      "type": "Feature",
      "geometry": {
        "type": "Polygon",
        "coordinates": [
          [
            [
              -48.159999999999975,
              -21.730000000000015
            ],
            [
              -48.15199999999997,
              -21.730000000000015
            ],
            [
              -48.15199999999997,
              -21.722000000000016
            ],
            [
              -48.159999999999975,
              -21.722000000000016
            ],
            [
              -48.159999999999975,
              -21.730000000000015
            ]
          ]
        ]
      },
      "properties": {
        "grid_id": "GRID-281",
        "surface_temp": 36.5,
        "ndvi": 0.25,
        "heat_category": "Alta (Ilha de Calor Severa)",
        "vulnerability_score": 5,
        "vulnerability_desc": "Alta a Muito Alta",
        "year": 2024,
        "city": "Araraquara",
        "ibge_code": 3503208
      }
    },
    {
      "type": "Feature",
      "geometry": {
        "type": "Polygon",
        "coordinates": [
          [
            [
              -48.15199999999997,
              -21.730000000000015
            ],
            [
              -48.14399999999997,
              -21.730000000000015
            ],
            [
              -48.14399999999997,
              -21.722000000000016
            ],
            [
              -48.15199999999997,
              -21.722000000000016
            ],
            [
              -48.15199999999997,
              -21.730000000000015
            ]
          ]
        ]
      },
      "properties": {
        "grid_id": "GRID-282",
        "surface_temp": 36.6,
        "ndvi": 0.25,
        "heat_category": "Alta (Ilha de Calor Severa)",
        "vulnerability_score": 4,
        "vulnerability_desc": "Alta a Muito Alta",
        "year": 2024,
        "city": "Araraquara",
        "ibge_code": 3503208
      }
    },
    {
      "type": "Feature",
      "geometry": {
        "type": "Polygon",
        "coordinates": [
          [
            [
              -48.14399999999997,
              -21.730000000000015
            ],
            [
              -48.13599999999997,
              -21.730000000000015
            ],
            [
              -48.13599999999997,
              -21.722000000000016
            ],
            [
              -48.14399999999997,
              -21.722000000000016
            ],
            [
              -48.14399999999997,
              -21.730000000000015
            ]
          ]
        ]
      },
      "properties": {
        "grid_id": "GRID-283",
        "surface_temp": 36.3,
        "ndvi": 0.26,
        "heat_category": "Alta (Ilha de Calor Severa)",
        "vulnerability_score": 5,
        "vulnerability_desc": "Alta a Muito Alta",
        "year": 2024,
        "city": "Araraquara",
        "ibge_code": 3503208
      }
    },
    {
      "type": "Feature",
      "geometry": {
        "type": "Polygon",
        "coordinates": [
          [
            [
              -48.13599999999997,
              -21.730000000000015
            ],
            [
              -48.127999999999965,
              -21.730000000000015
            ],
            [
              -48.127999999999965,
              -21.722000000000016
            ],
            [
              -48.13599999999997,
              -21.722000000000016
            ],
            [
              -48.13599999999997,
              -21.730000000000015
            ]
          ]
        ]
      },
      "properties": {
        "grid_id": "GRID-284",
        "surface_temp": 35.7,
        "ndvi": 0.29,
        "heat_category": "Alta (Ilha de Calor Severa)",
        "vulnerability_score": 4,
        "vulnerability_desc": "Alta a Muito Alta",
        "year": 2024,
        "city": "Araraquara",
        "ibge_code": 3503208
      }
    },
    {
      "type": "Feature",
      "geometry": {
        "type": "Polygon",
        "coordinates": [
          [
            [
              -48.127999999999965,
              -21.730000000000015
            ],
            [
              -48.11999999999996,
              -21.730000000000015
            ],
            [
              -48.11999999999996,
              -21.722000000000016
            ],
            [
              -48.127999999999965,
              -21.722000000000016
            ],
            [
              -48.127999999999965,
              -21.730000000000015
            ]
          ]
        ]
      },
      "properties": {
        "grid_id": "GRID-285",
        "surface_temp": 35.0,
        "ndvi": 0.32,
        "heat_category": "Alta (Ilha de Calor Severa)",
        "vulnerability_score": 5,
        "vulnerability_desc": "Alta a Muito Alta",
        "year": 2024,
        "city": "Araraquara",
        "ibge_code": 3503208
      }
    },
    {
      "type": "Feature",
      "geometry": {
        "type": "Polygon",
        "coordinates": [
          [
            [
              -48.11999999999996,
              -21.730000000000015
            ],
            [
              -48.11199999999996,
              -21.730000000000015
            ],
            [
              -48.11199999999996,
              -21.722000000000016
            ],
            [
              -48.11999999999996,
              -21.722000000000016
            ],
            [
              -48.11999999999996,
              -21.730000000000015
            ]
          ]
        ]
      },
      "properties": {
        "grid_id": "GRID-286",
        "surface_temp": 34.3,
        "ndvi": 0.36,
        "heat_category": "Moderada a Alta",
        "vulnerability_score": 4,
        "vulnerability_desc": "Alta a Muito Alta",
        "year": 2024,
        "city": "Araraquara",
        "ibge_code": 3503208
      }
    },
    {
      "type": "Feature",
      "geometry": {
        "type": "Polygon",
        "coordinates": [
          [
            [
              -48.11199999999996,
              -21.730000000000015
            ],
            [
              -48.10399999999996,
              -21.730000000000015
            ],
            [
              -48.10399999999996,
              -21.722000000000016
            ],
            [
              -48.11199999999996,
              -21.722000000000016
            ],
            [
              -48.11199999999996,
              -21.730000000000015
            ]
          ]
        ]
      },
      "properties": {
        "grid_id": "GRID-287",
        "surface_temp": 33.6,
        "ndvi": 0.39,
        "heat_category": "Moderada a Alta",
        "vulnerability_score": 5,
        "vulnerability_desc": "Alta a Muito Alta",
        "year": 2024,
        "city": "Araraquara",
        "ibge_code": 3503208
      }
    },
    {
      "type": "Feature",
      "geometry": {
        "type": "Polygon",
        "coordinates": [
          [
            [
              -48.10399999999996,
              -21.730000000000015
            ],
            [
              -48.095999999999954,
              -21.730000000000015
            ],
            [
              -48.095999999999954,
              -21.722000000000016
            ],
            [
              -48.10399999999996,
              -21.722000000000016
            ],
            [
              -48.10399999999996,
              -21.730000000000015
            ]
          ]
        ]
      },
      "properties": {
        "grid_id": "GRID-288",
        "surface_temp": 33.0,
        "ndvi": 0.42,
        "heat_category": "Moderada a Alta",
        "vulnerability_score": 3,
        "vulnerability_desc": "Média",
        "year": 2024,
        "city": "Araraquara",
        "ibge_code": 3503208
      }
    },
    {
      "type": "Feature",
      "geometry": {
        "type": "Polygon",
        "coordinates": [
          [
            [
              -48.24,
              -21.722000000000016
            ],
            [
              -48.232,
              -21.722000000000016
            ],
            [
              -48.232,
              -21.714000000000016
            ],
            [
              -48.24,
              -21.714000000000016
            ],
            [
              -48.24,
              -21.722000000000016
            ]
          ]
        ]
      },
      "properties": {
        "grid_id": "GRID-289",
        "surface_temp": 31.3,
        "ndvi": 0.5,
        "heat_category": "Moderada",
        "vulnerability_score": 3,
        "vulnerability_desc": "Média",
        "year": 2024,
        "city": "Araraquara",
        "ibge_code": 3503208
      }
    },
    {
      "type": "Feature",
      "geometry": {
        "type": "Polygon",
        "coordinates": [
          [
            [
              -48.232,
              -21.722000000000016
            ],
            [
              -48.224,
              -21.722000000000016
            ],
            [
              -48.224,
              -21.714000000000016
            ],
            [
              -48.232,
              -21.714000000000016
            ],
            [
              -48.232,
              -21.722000000000016
            ]
          ]
        ]
      },
      "properties": {
        "grid_id": "GRID-290",
        "surface_temp": 32.0,
        "ndvi": 0.47,
        "heat_category": "Moderada a Alta",
        "vulnerability_score": 3,
        "vulnerability_desc": "Média",
        "year": 2024,
        "city": "Araraquara",
        "ibge_code": 3503208
      }
    },
    {
      "type": "Feature",
      "geometry": {
        "type": "Polygon",
        "coordinates": [
          [
            [
              -48.224,
              -21.722000000000016
            ],
            [
              -48.215999999999994,
              -21.722000000000016
            ],
            [
              -48.215999999999994,
              -21.714000000000016
            ],
            [
              -48.224,
              -21.714000000000016
            ],
            [
              -48.224,
              -21.722000000000016
            ]
          ]
        ]
      },
      "properties": {
        "grid_id": "GRID-291",
        "surface_temp": 32.6,
        "ndvi": 0.44,
        "heat_category": "Moderada a Alta",
        "vulnerability_score": 3,
        "vulnerability_desc": "Média",
        "year": 2024,
        "city": "Araraquara",
        "ibge_code": 3503208
      }
    },
    {
      "type": "Feature",
      "geometry": {
        "type": "Polygon",
        "coordinates": [
          [
            [
              -48.215999999999994,
              -21.722000000000016
            ],
            [
              -48.20799999999999,
              -21.722000000000016
            ],
            [
              -48.20799999999999,
              -21.714000000000016
            ],
            [
              -48.215999999999994,
              -21.714000000000016
            ],
            [
              -48.215999999999994,
              -21.722000000000016
            ]
          ]
        ]
      },
      "properties": {
        "grid_id": "GRID-292",
        "surface_temp": 33.1,
        "ndvi": 0.41,
        "heat_category": "Moderada a Alta",
        "vulnerability_score": 3,
        "vulnerability_desc": "Média",
        "year": 2024,
        "city": "Araraquara",
        "ibge_code": 3503208
      }
    },
    {
      "type": "Feature",
      "geometry": {
        "type": "Polygon",
        "coordinates": [
          [
            [
              -48.20799999999999,
              -21.722000000000016
            ],
            [
              -48.19999999999999,
              -21.722000000000016
            ],
            [
              -48.19999999999999,
              -21.714000000000016
            ],
            [
              -48.20799999999999,
              -21.714000000000016
            ],
            [
              -48.20799999999999,
              -21.722000000000016
            ]
          ]
        ]
      },
      "properties": {
        "grid_id": "GRID-293",
        "surface_temp": 33.6,
        "ndvi": 0.39,
        "heat_category": "Moderada a Alta",
        "vulnerability_score": 3,
        "vulnerability_desc": "Média",
        "year": 2024,
        "city": "Araraquara",
        "ibge_code": 3503208
      }
    },
    {
      "type": "Feature",
      "geometry": {
        "type": "Polygon",
        "coordinates": [
          [
            [
              -48.19999999999999,
              -21.722000000000016
            ],
            [
              -48.191999999999986,
              -21.722000000000016
            ],
            [
              -48.191999999999986,
              -21.714000000000016
            ],
            [
              -48.19999999999999,
              -21.714000000000016
            ],
            [
              -48.19999999999999,
              -21.722000000000016
            ]
          ]
        ]
      },
      "properties": {
        "grid_id": "GRID-294",
        "surface_temp": 34.1,
        "ndvi": 0.37,
        "heat_category": "Moderada a Alta",
        "vulnerability_score": 4,
        "vulnerability_desc": "Alta a Muito Alta",
        "year": 2024,
        "city": "Araraquara",
        "ibge_code": 3503208
      }
    },
    {
      "type": "Feature",
      "geometry": {
        "type": "Polygon",
        "coordinates": [
          [
            [
              -48.191999999999986,
              -21.722000000000016
            ],
            [
              -48.18399999999998,
              -21.722000000000016
            ],
            [
              -48.18399999999998,
              -21.714000000000016
            ],
            [
              -48.191999999999986,
              -21.714000000000016
            ],
            [
              -48.191999999999986,
              -21.722000000000016
            ]
          ]
        ]
      },
      "properties": {
        "grid_id": "GRID-295",
        "surface_temp": 34.6,
        "ndvi": 0.34,
        "heat_category": "Alta (Ilha de Calor Severa)",
        "vulnerability_score": 5,
        "vulnerability_desc": "Alta a Muito Alta",
        "year": 2024,
        "city": "Araraquara",
        "ibge_code": 3503208
      }
    },
    {
      "type": "Feature",
      "geometry": {
        "type": "Polygon",
        "coordinates": [
          [
            [
              -48.18399999999998,
              -21.722000000000016
            ],
            [
              -48.17599999999998,
              -21.722000000000016
            ],
            [
              -48.17599999999998,
              -21.714000000000016
            ],
            [
              -48.18399999999998,
              -21.714000000000016
            ],
            [
              -48.18399999999998,
              -21.722000000000016
            ]
          ]
        ]
      },
      "properties": {
        "grid_id": "GRID-296",
        "surface_temp": 35.0,
        "ndvi": 0.32,
        "heat_category": "Alta (Ilha de Calor Severa)",
        "vulnerability_score": 4,
        "vulnerability_desc": "Alta a Muito Alta",
        "year": 2024,
        "city": "Araraquara",
        "ibge_code": 3503208
      }
    },
    {
      "type": "Feature",
      "geometry": {
        "type": "Polygon",
        "coordinates": [
          [
            [
              -48.17599999999998,
              -21.722000000000016
            ],
            [
              -48.16799999999998,
              -21.722000000000016
            ],
            [
              -48.16799999999998,
              -21.714000000000016
            ],
            [
              -48.17599999999998,
              -21.714000000000016
            ],
            [
              -48.17599999999998,
              -21.722000000000016
            ]
          ]
        ]
      },
      "properties": {
        "grid_id": "GRID-297",
        "surface_temp": 35.4,
        "ndvi": 0.3,
        "heat_category": "Alta (Ilha de Calor Severa)",
        "vulnerability_score": 5,
        "vulnerability_desc": "Alta a Muito Alta",
        "year": 2024,
        "city": "Araraquara",
        "ibge_code": 3503208
      }
    },
    {
      "type": "Feature",
      "geometry": {
        "type": "Polygon",
        "coordinates": [
          [
            [
              -48.16799999999998,
              -21.722000000000016
            ],
            [
              -48.159999999999975,
              -21.722000000000016
            ],
            [
              -48.159999999999975,
              -21.714000000000016
            ],
            [
              -48.16799999999998,
              -21.714000000000016
            ],
            [
              -48.16799999999998,
              -21.722000000000016
            ]
          ]
        ]
      },
      "properties": {
        "grid_id": "GRID-298",
        "surface_temp": 35.8,
        "ndvi": 0.28,
        "heat_category": "Alta (Ilha de Calor Severa)",
        "vulnerability_score": 4,
        "vulnerability_desc": "Alta a Muito Alta",
        "year": 2024,
        "city": "Araraquara",
        "ibge_code": 3503208
      }
    },
    {
      "type": "Feature",
      "geometry": {
        "type": "Polygon",
        "coordinates": [
          [
            [
              -48.159999999999975,
              -21.722000000000016
            ],
            [
              -48.15199999999997,
              -21.722000000000016
            ],
            [
              -48.15199999999997,
              -21.714000000000016
            ],
            [
              -48.159999999999975,
              -21.714000000000016
            ],
            [
              -48.159999999999975,
              -21.722000000000016
            ]
          ]
        ]
      },
      "properties": {
        "grid_id": "GRID-299",
        "surface_temp": 36.0,
        "ndvi": 0.27,
        "heat_category": "Alta (Ilha de Calor Severa)",
        "vulnerability_score": 5,
        "vulnerability_desc": "Alta a Muito Alta",
        "year": 2024,
        "city": "Araraquara",
        "ibge_code": 3503208
      }
    },
    {
      "type": "Feature",
      "geometry": {
        "type": "Polygon",
        "coordinates": [
          [
            [
              -48.15199999999997,
              -21.722000000000016
            ],
            [
              -48.14399999999997,
              -21.722000000000016
            ],
            [
              -48.14399999999997,
              -21.714000000000016
            ],
            [
              -48.15199999999997,
              -21.714000000000016
            ],
            [
              -48.15199999999997,
              -21.722000000000016
            ]
          ]
        ]
      },
      "properties": {
        "grid_id": "GRID-300",
        "surface_temp": 36.0,
        "ndvi": 0.27,
        "heat_category": "Alta (Ilha de Calor Severa)",
        "vulnerability_score": 4,
        "vulnerability_desc": "Alta a Muito Alta",
        "year": 2024,
        "city": "Araraquara",
        "ibge_code": 3503208
      }
    },
    {
      "type": "Feature",
      "geometry": {
        "type": "Polygon",
        "coordinates": [
          [
            [
              -48.14399999999997,
              -21.722000000000016
            ],
            [
              -48.13599999999997,
              -21.722000000000016
            ],
            [
              -48.13599999999997,
              -21.714000000000016
            ],
            [
              -48.14399999999997,
              -21.714000000000016
            ],
            [
              -48.14399999999997,
              -21.722000000000016
            ]
          ]
        ]
      },
      "properties": {
        "grid_id": "GRID-301",
        "surface_temp": 35.7,
        "ndvi": 0.29,
        "heat_category": "Alta (Ilha de Calor Severa)",
        "vulnerability_score": 5,
        "vulnerability_desc": "Alta a Muito Alta",
        "year": 2024,
        "city": "Araraquara",
        "ibge_code": 3503208
      }
    },
    {
      "type": "Feature",
      "geometry": {
        "type": "Polygon",
        "coordinates": [
          [
            [
              -48.13599999999997,
              -21.722000000000016
            ],
            [
              -48.127999999999965,
              -21.722000000000016
            ],
            [
              -48.127999999999965,
              -21.714000000000016
            ],
            [
              -48.13599999999997,
              -21.714000000000016
            ],
            [
              -48.13599999999997,
              -21.722000000000016
            ]
          ]
        ]
      },
      "properties": {
        "grid_id": "GRID-302",
        "surface_temp": 35.1,
        "ndvi": 0.32,
        "heat_category": "Alta (Ilha de Calor Severa)",
        "vulnerability_score": 4,
        "vulnerability_desc": "Alta a Muito Alta",
        "year": 2024,
        "city": "Araraquara",
        "ibge_code": 3503208
      }
    },
    {
      "type": "Feature",
      "geometry": {
        "type": "Polygon",
        "coordinates": [
          [
            [
              -48.127999999999965,
              -21.722000000000016
            ],
            [
              -48.11999999999996,
              -21.722000000000016
            ],
            [
              -48.11999999999996,
              -21.714000000000016
            ],
            [
              -48.127999999999965,
              -21.714000000000016
            ],
            [
              -48.127999999999965,
              -21.722000000000016
            ]
          ]
        ]
      },
      "properties": {
        "grid_id": "GRID-303",
        "surface_temp": 34.5,
        "ndvi": 0.35,
        "heat_category": "Alta (Ilha de Calor Severa)",
        "vulnerability_score": 5,
        "vulnerability_desc": "Alta a Muito Alta",
        "year": 2024,
        "city": "Araraquara",
        "ibge_code": 3503208
      }
    },
    {
      "type": "Feature",
      "geometry": {
        "type": "Polygon",
        "coordinates": [
          [
            [
              -48.11999999999996,
              -21.722000000000016
            ],
            [
              -48.11199999999996,
              -21.722000000000016
            ],
            [
              -48.11199999999996,
              -21.714000000000016
            ],
            [
              -48.11999999999996,
              -21.714000000000016
            ],
            [
              -48.11999999999996,
              -21.722000000000016
            ]
          ]
        ]
      },
      "properties": {
        "grid_id": "GRID-304",
        "surface_temp": 33.9,
        "ndvi": 0.37,
        "heat_category": "Moderada a Alta",
        "vulnerability_score": 4,
        "vulnerability_desc": "Alta a Muito Alta",
        "year": 2024,
        "city": "Araraquara",
        "ibge_code": 3503208
      }
    },
    {
      "type": "Feature",
      "geometry": {
        "type": "Polygon",
        "coordinates": [
          [
            [
              -48.11199999999996,
              -21.722000000000016
            ],
            [
              -48.10399999999996,
              -21.722000000000016
            ],
            [
              -48.10399999999996,
              -21.714000000000016
            ],
            [
              -48.11199999999996,
              -21.714000000000016
            ],
            [
              -48.11199999999996,
              -21.722000000000016
            ]
          ]
        ]
      },
      "properties": {
        "grid_id": "GRID-305",
        "surface_temp": 33.3,
        "ndvi": 0.4,
        "heat_category": "Moderada a Alta",
        "vulnerability_score": 5,
        "vulnerability_desc": "Alta a Muito Alta",
        "year": 2024,
        "city": "Araraquara",
        "ibge_code": 3503208
      }
    },
    {
      "type": "Feature",
      "geometry": {
        "type": "Polygon",
        "coordinates": [
          [
            [
              -48.10399999999996,
              -21.722000000000016
            ],
            [
              -48.095999999999954,
              -21.722000000000016
            ],
            [
              -48.095999999999954,
              -21.714000000000016
            ],
            [
              -48.10399999999996,
              -21.714000000000016
            ],
            [
              -48.10399999999996,
              -21.722000000000016
            ]
          ]
        ]
      },
      "properties": {
        "grid_id": "GRID-306",
        "surface_temp": 32.9,
        "ndvi": 0.42,
        "heat_category": "Moderada a Alta",
        "vulnerability_score": 3,
        "vulnerability_desc": "Média",
        "year": 2024,
        "city": "Araraquara",
        "ibge_code": 3503208
      }
    },
    {
      "type": "Feature",
      "geometry": {
        "type": "Polygon",
        "coordinates": [
          [
            [
              -48.24,
              -21.714000000000016
            ],
            [
              -48.232,
              -21.714000000000016
            ],
            [
              -48.232,
              -21.706000000000017
            ],
            [
              -48.24,
              -21.706000000000017
            ],
            [
              -48.24,
              -21.714000000000016
            ]
          ]
        ]
      },
      "properties": {
        "grid_id": "GRID-307",
        "surface_temp": 31.1,
        "ndvi": 0.51,
        "heat_category": "Moderada",
        "vulnerability_score": 3,
        "vulnerability_desc": "Média",
        "year": 2024,
        "city": "Araraquara",
        "ibge_code": 3503208
      }
    },
    {
      "type": "Feature",
      "geometry": {
        "type": "Polygon",
        "coordinates": [
          [
            [
              -48.232,
              -21.714000000000016
            ],
            [
              -48.224,
              -21.714000000000016
            ],
            [
              -48.224,
              -21.706000000000017
            ],
            [
              -48.232,
              -21.706000000000017
            ],
            [
              -48.232,
              -21.714000000000016
            ]
          ]
        ]
      },
      "properties": {
        "grid_id": "GRID-308",
        "surface_temp": 31.5,
        "ndvi": 0.49,
        "heat_category": "Moderada a Alta",
        "vulnerability_score": 3,
        "vulnerability_desc": "Média",
        "year": 2024,
        "city": "Araraquara",
        "ibge_code": 3503208
      }
    },
    {
      "type": "Feature",
      "geometry": {
        "type": "Polygon",
        "coordinates": [
          [
            [
              -48.224,
              -21.714000000000016
            ],
            [
              -48.215999999999994,
              -21.714000000000016
            ],
            [
              -48.215999999999994,
              -21.706000000000017
            ],
            [
              -48.224,
              -21.706000000000017
            ],
            [
              -48.224,
              -21.714000000000016
            ]
          ]
        ]
      },
      "properties": {
        "grid_id": "GRID-309",
        "surface_temp": 32.2,
        "ndvi": 0.46,
        "heat_category": "Moderada a Alta",
        "vulnerability_score": 3,
        "vulnerability_desc": "Média",
        "year": 2024,
        "city": "Araraquara",
        "ibge_code": 3503208
      }
    },
    {
      "type": "Feature",
      "geometry": {
        "type": "Polygon",
        "coordinates": [
          [
            [
              -48.215999999999994,
              -21.714000000000016
            ],
            [
              -48.20799999999999,
              -21.714000000000016
            ],
            [
              -48.20799999999999,
              -21.706000000000017
            ],
            [
              -48.215999999999994,
              -21.706000000000017
            ],
            [
              -48.215999999999994,
              -21.714000000000016
            ]
          ]
        ]
      },
      "properties": {
        "grid_id": "GRID-310",
        "surface_temp": 32.8,
        "ndvi": 0.43,
        "heat_category": "Moderada a Alta",
        "vulnerability_score": 3,
        "vulnerability_desc": "Média",
        "year": 2024,
        "city": "Araraquara",
        "ibge_code": 3503208
      }
    },
    {
      "type": "Feature",
      "geometry": {
        "type": "Polygon",
        "coordinates": [
          [
            [
              -48.20799999999999,
              -21.714000000000016
            ],
            [
              -48.19999999999999,
              -21.714000000000016
            ],
            [
              -48.19999999999999,
              -21.706000000000017
            ],
            [
              -48.20799999999999,
              -21.706000000000017
            ],
            [
              -48.20799999999999,
              -21.714000000000016
            ]
          ]
        ]
      },
      "properties": {
        "grid_id": "GRID-311",
        "surface_temp": 33.3,
        "ndvi": 0.4,
        "heat_category": "Moderada a Alta",
        "vulnerability_score": 3,
        "vulnerability_desc": "Média",
        "year": 2024,
        "city": "Araraquara",
        "ibge_code": 3503208
      }
    },
    {
      "type": "Feature",
      "geometry": {
        "type": "Polygon",
        "coordinates": [
          [
            [
              -48.19999999999999,
              -21.714000000000016
            ],
            [
              -48.191999999999986,
              -21.714000000000016
            ],
            [
              -48.191999999999986,
              -21.706000000000017
            ],
            [
              -48.19999999999999,
              -21.706000000000017
            ],
            [
              -48.19999999999999,
              -21.714000000000016
            ]
          ]
        ]
      },
      "properties": {
        "grid_id": "GRID-312",
        "surface_temp": 33.8,
        "ndvi": 0.38,
        "heat_category": "Moderada a Alta",
        "vulnerability_score": 3,
        "vulnerability_desc": "Média",
        "year": 2024,
        "city": "Araraquara",
        "ibge_code": 3503208
      }
    },
    {
      "type": "Feature",
      "geometry": {
        "type": "Polygon",
        "coordinates": [
          [
            [
              -48.191999999999986,
              -21.714000000000016
            ],
            [
              -48.18399999999998,
              -21.714000000000016
            ],
            [
              -48.18399999999998,
              -21.706000000000017
            ],
            [
              -48.191999999999986,
              -21.706000000000017
            ],
            [
              -48.191999999999986,
              -21.714000000000016
            ]
          ]
        ]
      },
      "properties": {
        "grid_id": "GRID-313",
        "surface_temp": 34.3,
        "ndvi": 0.36,
        "heat_category": "Moderada a Alta",
        "vulnerability_score": 5,
        "vulnerability_desc": "Alta a Muito Alta",
        "year": 2024,
        "city": "Araraquara",
        "ibge_code": 3503208
      }
    },
    {
      "type": "Feature",
      "geometry": {
        "type": "Polygon",
        "coordinates": [
          [
            [
              -48.18399999999998,
              -21.714000000000016
            ],
            [
              -48.17599999999998,
              -21.714000000000016
            ],
            [
              -48.17599999999998,
              -21.706000000000017
            ],
            [
              -48.18399999999998,
              -21.706000000000017
            ],
            [
              -48.18399999999998,
              -21.714000000000016
            ]
          ]
        ]
      },
      "properties": {
        "grid_id": "GRID-314",
        "surface_temp": 34.7,
        "ndvi": 0.34,
        "heat_category": "Alta (Ilha de Calor Severa)",
        "vulnerability_score": 4,
        "vulnerability_desc": "Alta a Muito Alta",
        "year": 2024,
        "city": "Araraquara",
        "ibge_code": 3503208
      }
    },
    {
      "type": "Feature",
      "geometry": {
        "type": "Polygon",
        "coordinates": [
          [
            [
              -48.17599999999998,
              -21.714000000000016
            ],
            [
              -48.16799999999998,
              -21.714000000000016
            ],
            [
              -48.16799999999998,
              -21.706000000000017
            ],
            [
              -48.17599999999998,
              -21.706000000000017
            ],
            [
              -48.17599999999998,
              -21.714000000000016
            ]
          ]
        ]
      },
      "properties": {
        "grid_id": "GRID-315",
        "surface_temp": 35.0,
        "ndvi": 0.32,
        "heat_category": "Alta (Ilha de Calor Severa)",
        "vulnerability_score": 5,
        "vulnerability_desc": "Alta a Muito Alta",
        "year": 2024,
        "city": "Araraquara",
        "ibge_code": 3503208
      }
    },
    {
      "type": "Feature",
      "geometry": {
        "type": "Polygon",
        "coordinates": [
          [
            [
              -48.16799999999998,
              -21.714000000000016
            ],
            [
              -48.159999999999975,
              -21.714000000000016
            ],
            [
              -48.159999999999975,
              -21.706000000000017
            ],
            [
              -48.16799999999998,
              -21.706000000000017
            ],
            [
              -48.16799999999998,
              -21.714000000000016
            ]
          ]
        ]
      },
      "properties": {
        "grid_id": "GRID-316",
        "surface_temp": 35.2,
        "ndvi": 0.31,
        "heat_category": "Alta (Ilha de Calor Severa)",
        "vulnerability_score": 4,
        "vulnerability_desc": "Alta a Muito Alta",
        "year": 2024,
        "city": "Araraquara",
        "ibge_code": 3503208
      }
    },
    {
      "type": "Feature",
      "geometry": {
        "type": "Polygon",
        "coordinates": [
          [
            [
              -48.159999999999975,
              -21.714000000000016
            ],
            [
              -48.15199999999997,
              -21.714000000000016
            ],
            [
              -48.15199999999997,
              -21.706000000000017
            ],
            [
              -48.159999999999975,
              -21.706000000000017
            ],
            [
              -48.159999999999975,
              -21.714000000000016
            ]
          ]
        ]
      },
      "properties": {
        "grid_id": "GRID-317",
        "surface_temp": 35.3,
        "ndvi": 0.31,
        "heat_category": "Alta (Ilha de Calor Severa)",
        "vulnerability_score": 5,
        "vulnerability_desc": "Alta a Muito Alta",
        "year": 2024,
        "city": "Araraquara",
        "ibge_code": 3503208
      }
    },
    {
      "type": "Feature",
      "geometry": {
        "type": "Polygon",
        "coordinates": [
          [
            [
              -48.15199999999997,
              -21.714000000000016
            ],
            [
              -48.14399999999997,
              -21.714000000000016
            ],
            [
              -48.14399999999997,
              -21.706000000000017
            ],
            [
              -48.15199999999997,
              -21.706000000000017
            ],
            [
              -48.15199999999997,
              -21.714000000000016
            ]
          ]
        ]
      },
      "properties": {
        "grid_id": "GRID-318",
        "surface_temp": 35.2,
        "ndvi": 0.31,
        "heat_category": "Alta (Ilha de Calor Severa)",
        "vulnerability_score": 4,
        "vulnerability_desc": "Alta a Muito Alta",
        "year": 2024,
        "city": "Araraquara",
        "ibge_code": 3503208
      }
    },
    {
      "type": "Feature",
      "geometry": {
        "type": "Polygon",
        "coordinates": [
          [
            [
              -48.14399999999997,
              -21.714000000000016
            ],
            [
              -48.13599999999997,
              -21.714000000000016
            ],
            [
              -48.13599999999997,
              -21.706000000000017
            ],
            [
              -48.14399999999997,
              -21.706000000000017
            ],
            [
              -48.14399999999997,
              -21.714000000000016
            ]
          ]
        ]
      },
      "properties": {
        "grid_id": "GRID-319",
        "surface_temp": 34.9,
        "ndvi": 0.33,
        "heat_category": "Alta (Ilha de Calor Severa)",
        "vulnerability_score": 5,
        "vulnerability_desc": "Alta a Muito Alta",
        "year": 2024,
        "city": "Araraquara",
        "ibge_code": 3503208
      }
    },
    {
      "type": "Feature",
      "geometry": {
        "type": "Polygon",
        "coordinates": [
          [
            [
              -48.13599999999997,
              -21.714000000000016
            ],
            [
              -48.127999999999965,
              -21.714000000000016
            ],
            [
              -48.127999999999965,
              -21.706000000000017
            ],
            [
              -48.13599999999997,
              -21.706000000000017
            ],
            [
              -48.13599999999997,
              -21.714000000000016
            ]
          ]
        ]
      },
      "properties": {
        "grid_id": "GRID-320",
        "surface_temp": 34.5,
        "ndvi": 0.35,
        "heat_category": "Alta (Ilha de Calor Severa)",
        "vulnerability_score": 4,
        "vulnerability_desc": "Alta a Muito Alta",
        "year": 2024,
        "city": "Araraquara",
        "ibge_code": 3503208
      }
    },
    {
      "type": "Feature",
      "geometry": {
        "type": "Polygon",
        "coordinates": [
          [
            [
              -48.127999999999965,
              -21.714000000000016
            ],
            [
              -48.11999999999996,
              -21.714000000000016
            ],
            [
              -48.11999999999996,
              -21.706000000000017
            ],
            [
              -48.127999999999965,
              -21.706000000000017
            ],
            [
              -48.127999999999965,
              -21.714000000000016
            ]
          ]
        ]
      },
      "properties": {
        "grid_id": "GRID-321",
        "surface_temp": 33.9,
        "ndvi": 0.37,
        "heat_category": "Moderada a Alta",
        "vulnerability_score": 5,
        "vulnerability_desc": "Alta a Muito Alta",
        "year": 2024,
        "city": "Araraquara",
        "ibge_code": 3503208
      }
    },
    {
      "type": "Feature",
      "geometry": {
        "type": "Polygon",
        "coordinates": [
          [
            [
              -48.11999999999996,
              -21.714000000000016
            ],
            [
              -48.11199999999996,
              -21.714000000000016
            ],
            [
              -48.11199999999996,
              -21.706000000000017
            ],
            [
              -48.11999999999996,
              -21.706000000000017
            ],
            [
              -48.11999999999996,
              -21.714000000000016
            ]
          ]
        ]
      },
      "properties": {
        "grid_id": "GRID-322",
        "surface_temp": 33.5,
        "ndvi": 0.39,
        "heat_category": "Moderada a Alta",
        "vulnerability_score": 4,
        "vulnerability_desc": "Alta a Muito Alta",
        "year": 2024,
        "city": "Araraquara",
        "ibge_code": 3503208
      }
    },
    {
      "type": "Feature",
      "geometry": {
        "type": "Polygon",
        "coordinates": [
          [
            [
              -48.11199999999996,
              -21.714000000000016
            ],
            [
              -48.10399999999996,
              -21.714000000000016
            ],
            [
              -48.10399999999996,
              -21.706000000000017
            ],
            [
              -48.11199999999996,
              -21.706000000000017
            ],
            [
              -48.11199999999996,
              -21.714000000000016
            ]
          ]
        ]
      },
      "properties": {
        "grid_id": "GRID-323",
        "surface_temp": 33.2,
        "ndvi": 0.41,
        "heat_category": "Moderada a Alta",
        "vulnerability_score": 5,
        "vulnerability_desc": "Alta a Muito Alta",
        "year": 2024,
        "city": "Araraquara",
        "ibge_code": 3503208
      }
    },
    {
      "type": "Feature",
      "geometry": {
        "type": "Polygon",
        "coordinates": [
          [
            [
              -48.10399999999996,
              -21.714000000000016
            ],
            [
              -48.095999999999954,
              -21.714000000000016
            ],
            [
              -48.095999999999954,
              -21.706000000000017
            ],
            [
              -48.10399999999996,
              -21.706000000000017
            ],
            [
              -48.10399999999996,
              -21.714000000000016
            ]
          ]
        ]
      },
      "properties": {
        "grid_id": "GRID-324",
        "surface_temp": 32.8,
        "ndvi": 0.43,
        "heat_category": "Moderada a Alta",
        "vulnerability_score": 3,
        "vulnerability_desc": "Média",
        "year": 2024,
        "city": "Araraquara",
        "ibge_code": 3503208
      }
    }
  ]
}